2026-09-22:13:53:52,652 WARNING  [psi4.optking:38] Some dependencies such as QCElemental have not yet finished migration to pydantic v2. If issues are encountered please downgrade pydantic or upgrade QCElemental as appropriate
2026-09-22:13:53:52,752 INFO     [psi4.optking.optwrapper:234] Creating a UserComputer
2026-09-22:13:53:52,752 INFO     [psi4.optking.optwrapper:242] 
    			-----------------------------------------

    			 OPTKING 3.0: for geometry optimizations 

    			     By R.A. King, Bethel University     

    			        with contributions from          

    			    A.V. Copan, J. Cayton, A. Heide      

    			-----------------------------------------

    
2026-09-22:13:53:52,752 WARNING  [psi4.optking.v2.optparams:944] `print_trajectory_xyz_file` is deprecated. Please use `write_trajectory`
2026-09-22:13:53:52,752 INFO     [psi4.optking.optwrapper:272] 
		 -- Optimization Parameters --
	GEOM_MAXITER                   =              50
	ALG_GEOM_MAXITER               =              50
	PRINT                          =               1
	OPT_TYPE                       =             MIN
	STEP_TYPE                      =             RFO
	PROGRAM                        =            PSI4
	STEEPEST_DESCENT_TYPE          =         OVERLAP
	CONJUGATE_GRADIENT_TYPE        =        FLETCHER
	OPT_COORDINATES                =        INTERNAL
	RFO_FOLLOW_ROOT                =           False
	RFO_ROOT                       =               0
	ACCEPT_SYMMETRY_BREAKING       =           False
	DYNAMIC_LVL                    =               0
	DYNAMIC_LVL_MAX                =               0
	IRC_STEP_SIZE                  =             0.2
	IRC_DIRECTION                  =         FORWARD
	IRC_POINTS                     =              20
	IRC_MODE                       =          NORMAL
	IRC_CONVERGENCE                =            -0.7
	INTRAFRAG_STEP_LIMIT           =             0.5
	INTRAFRAG_STEP_LIMIT_MIN       =           0.001
	INTRAFRAG_STEP_LIMIT_MAX       =             1.0
	INTERFRAG_STEP_LIMIT           =             0.5
	INTERFRAG_STEP_LIMIT_MIN       =           0.001
	INTERFRAG_STEP_LIMIT_MAX       =             1.0
	ENSURE_BT_CONVERGENCE          =           False
	SIMPLE_STEP_SCALING            =           False
	CONSECUTIVE_BACKSTEPS          =               0
	RFO_NORMALIZATION_MAX          =             100
	RSRFO_ALPHA_MAX                =     100000000.0
	PRINT_TRAJECTORY_XYZ_FILE      =            True
	WRITE_TRAJECTORY               =            True
	FROZEN_DISTANCE                =                
	FROZEN_BEND                    =                
	FROZEN_DIHEDRAL                =                
	FROZEN_OOFP                    =                
	FROZEN_CARTESIAN               =                
	FREEZE_ALL_DIHEDRALS           =           False
	UNFREEZE_DIHEDRALS             =                
	RANGED_DISTANCE                =                
	RANGED_BEND                    =                
	RANGED_DIHEDRAL                =                
	RANGED_OOFP                    =                
	RANGED_CARTESIAN               =                
	EXT_FORCE_DISTANCE             =                
	EXT_FORCE_BEND                 =                
	EXT_FORCE_DIHEDRAL             =                
	EXT_FORCE_OOFP                 =                
	EXT_FORCE_CARTESIAN            =                
	G_CONVERGENCE                  =           QCHEM
	MAX_FORCE_G_CONVERGENCE        =          0.0003
	RMS_FORCE_G_CONVERGENCE        =          0.0003
	MAX_ENERGY_G_CONVERGENCE       =           1e-06
	MAX_DISP_G_CONVERGENCE         =          0.0012
	RMS_DISP_G_CONVERGENCE         =          0.0012
	FLEXIBLE_G_CONVERGENCE         =           False
	HESS_UPDATE                    =            BFGS
	HESS_UPDATE_USE_LAST           =               4
	HESS_UPDATE_LIMIT              =            True
	HESS_UPDATE_LIMIT_MAX          =             1.0
	HESS_UPDATE_LIMIT_SCALE        =             0.5
	HESS_UPDATE_DEN_TOL            =           1e-07
	HESS_UPDATE_DQ_TOL             =             0.5
	CART_HESS_READ                 =           False
	HESSIAN_FILE                   =               .
	FULL_HESS_EVERY                =              -1
	INTRAFRAG_HESS                 =        SCHLEGEL
	H_GUESS_EVERY                  =           False
	BT_MAX_ITER                    =              25
	BT_DX_CONV                     =           1e-07
	BT_DX_RMS_CHANGE_CONV          =           1e-12
	BT_PINV_RCOND                  =           1e-06
	FRAG_MODE                      =          SINGLE
	FRAG_REF_ATOMS                 =              []
	FREEZE_INTRAFRAG               =           False
	INTERFRAG_MODE                 =           FIXED
	ADD_AUXILIARY_BONDS            =           False
	AUXILIARY_BOND_FACTOR          =             2.5
	INTERFRAG_DIST_INV             =           False
	INTERFRAG_COLLINEAR_TOL        =            0.01
	INTERFRAG_COORDS               =              []
	INTERFRAG_HESS                 =         DEFAULT
	COVALENT_CONNECT               =             1.3
	INTERFRAGMENT_CONNECT          =             1.8
	H_BOND_CONNECT                 =             4.3
	INCLUDE_OOFP                   =           False
	TEST_B                         =           False
	TEST_DERIVATIVE_B              =           False
	LINESEARCH_STEP                =             0.1
	LINESEARCH                     =           False
	SD_HESSIAN                     =             1.0
	FIX_VAL_NEAR_PI                =            1.57
	V3D_TORS_ANGLE_LIM             =           0.017
	V3D_TORS_COS_TOL               =           1e-10
	LINEAR_BEND_THRESHOLD          =            3.05
	SMALL_BEND_FIX_THRESHOLD       =            0.35
	REDUNDANT_EVAL_TOL             =           1e-10
	LINEAR_ALGEBRA_TOL             =           1e-10


2026-09-22:13:53:52,835 INFO     [psi4.optking.opt_helper:164] Molsys:

	                            ===> Fragment 1 <== 

	 Z (Atomic Numbers)          Masses                          Geom                  
	       6.000000            12.000000          0.10384697  0.13131056  0.03125468   
	       8.000000            15.994915          1.43336018  1.97061509  0.48432156   
	       8.000000            15.994915          0.99656435 -2.14056130 -0.51349892   
	       1.000000             1.007825          2.87445923 -2.07856909 -0.48586540   
	       6.000000            12.000000         -2.72454125  0.21712161  0.03918646   
	       1.000000             1.007825         -3.36245644  2.11613419  0.45881719   
	       1.000000             1.007825         -3.43217090 -0.38789192 -1.79243601   
	       1.000000             1.007825         -3.44033958 -1.10122577  1.44381945   

	 - Coordinate -           - BOHR/RAD -       - ANG/DEG -
	 R(1,2)           =         2.314285           1.224667
	 R(1,3)           =         2.501020           1.323483
	 R(1,5)           =         2.829701           1.497413
	 R(3,4)           =         1.879121           0.994388
	 R(5,6)           =         2.046772           1.083105
	 R(5,7)           =         2.054659           1.087279
	 R(5,8)           =         2.055091           1.087508
	 B(1,3,4)         =         1.900262         108.877019
	 B(1,5,6)         =         1.917963         109.891191
	 B(1,5,7)         =         1.910083         109.439694
	 B(1,5,8)         =         1.907741         109.305530
	 B(2,1,3)         =         2.164614         124.023220
	 B(2,1,5)         =         2.152639         123.337153
	 B(3,1,5)         =         1.965931         112.639577
	 B(6,5,7)         =         1.926903         110.403413
	 B(6,5,8)         =         1.924641         110.273801
	 B(7,5,8)         =         1.875952         107.484145
	 D(2,1,3,4)       =         0.000882           0.050533
	 D(2,1,5,6)       =         0.019670           1.127006
	 D(2,1,5,7)       =         2.138323         122.516875
	 D(2,1,5,8)       =        -2.094694        -120.017148
	 D(3,1,5,6)       =        -3.123305        -178.952204
	 D(3,1,5,7)       =        -1.004652         -57.562335
	 D(3,1,5,8)       =         1.045516          59.903642
	 D(4,3,1,5)       =        -3.139317        -179.869623

2026-09-22:13:53:52,843 INFO     [psi4.driver.task_planner:259] PLANNING Atomic:  keywords={'PRINT_TRAJECTORY_XYZ_FILE': 1, 'function_kwargs': {}}
2026-09-22:13:53:52,844 INFO     [psi4.driver.driver:638] Compute gradient(): method=scf, basis=6-31g*, molecule=default, nre=121.35354247782702
2026-09-22:13:53:53,247 INFO     [psi4.driver.driver:641] Return gradient(): -227.80584040521956
2026-09-22:13:53:53,247 INFO     [psi4.driver.driver:642] [[-0.02939680 -0.05575209 -0.01362827]
 [ 0.02925429  0.05542869  0.01359157]
 [-0.04239882 -0.00311860 -0.00107571]
 [ 0.04033043 -0.00056423  0.00014264]
 [ 0.00386198  0.00375421  0.00087894]
 [-0.00165687  0.00304064  0.00068483]
 [ 0.00002862 -0.00101445 -0.00212695]
 [-0.00002283 -0.00177417  0.00153295]]
2026-09-22:13:53:53,251 INFO     [psi4.optking.molsys:944] Projected (PHP) Hessian matrix
	   0.933450   0.000000   0.000000   0.000000   0.000000   0.000000   0.000000
	   0.000000   0.000000   0.000000   0.000000   0.000000   0.000000   0.000000
	   0.000000   0.000000   0.000000   0.000000   0.000000   0.000000   0.000000
	   0.000000   0.000000   0.000000   0.000000
	   0.000000   0.610718   0.000000   0.000000   0.000000   0.000000   0.000000
	   0.000000   0.000000   0.000000   0.000000   0.000000   0.000000   0.000000
	   0.000000   0.000000   0.000000   0.000000   0.000000   0.000000   0.000000
	   0.000000   0.000000   0.000000   0.000000
	   0.000000   0.000000   0.326502   0.000000   0.000000   0.000000   0.000000
	   0.000000   0.000000   0.000000   0.000000   0.000000   0.000000   0.000000
	   0.000000   0.000000   0.000000   0.000000   0.000000   0.000000   0.000000
	   0.000000   0.000000   0.000000   0.000000
	   0.000000   0.000000   0.000000   0.486888   0.000000   0.000000   0.000000
	   0.000000   0.000000   0.000000   0.000000   0.000000   0.000000   0.000000
	   0.000000   0.000000   0.000000   0.000000   0.000000   0.000000   0.000000
	   0.000000   0.000000   0.000000   0.000000
	   0.000000   0.000000   0.000000   0.000000   0.356218   0.000000   0.000000
	   0.000000   0.000000   0.000000   0.000000   0.000000   0.000000   0.000000
	   0.000000   0.000000   0.000000   0.000000   0.000000   0.000000   0.000000
	   0.000000   0.000000   0.000000   0.000000
	   0.000000   0.000000   0.000000   0.000000   0.000000   0.351290   0.000000
	   0.000000   0.000000   0.000000   0.000000   0.000000   0.000000   0.000000
	   0.000000   0.000000   0.000000   0.000000   0.000000   0.000000   0.000000
	   0.000000   0.000000   0.000000   0.000000
	   0.000000   0.000000   0.000000   0.000000   0.000000   0.000000   0.351023
	   0.000000   0.000000   0.000000   0.000000   0.000000   0.000000   0.000000
	   0.000000   0.000000   0.000000   0.000000   0.000000   0.000000   0.000000
	   0.000000   0.000000   0.000000   0.000000
	   0.000000   0.000000   0.000000   0.000000   0.000000   0.000000   0.000000
	   0.160000   0.000000   0.000000   0.000000   0.000000   0.000000   0.000000
	   0.000000   0.000000   0.000000   0.000000   0.000000   0.000000   0.000000
	   0.000000   0.000000   0.000000   0.000000
	   0.000000   0.000000   0.000000   0.000000   0.000000   0.000000   0.000000
	   0.000000   0.160000   0.000000   0.000000   0.000000   0.000000   0.000000
	   0.000000   0.000000   0.000000   0.000000   0.000000   0.000000   0.000000
	   0.000000   0.000000   0.000000   0.000000
	   0.000000   0.000000   0.000000   0.000000   0.000000   0.000000   0.000000
	   0.000000   0.000000   0.160000   0.000000   0.000000   0.000000   0.000000
	   0.000000   0.000000   0.000000   0.000000   0.000000   0.000000   0.000000
	   0.000000   0.000000   0.000000   0.000000
	   0.000000   0.000000   0.000000   0.000000   0.000000   0.000000   0.000000
	   0.000000   0.000000   0.000000   0.160000   0.000000   0.000000   0.000000
	   0.000000   0.000000   0.000000   0.000000   0.000000   0.000000   0.000000
	   0.000000   0.000000   0.000000   0.000000
	   0.000000   0.000000   0.000000   0.000000   0.000000   0.000000   0.000000
	   0.000000   0.000000   0.000000   0.000000   0.250000   0.000000   0.000000
	   0.000000   0.000000   0.000000   0.000000   0.000000   0.000000   0.000000
	   0.000000   0.000000   0.000000   0.000000
	   0.000000   0.000000   0.000000   0.000000   0.000000   0.000000   0.000000
	   0.000000   0.000000   0.000000   0.000000   0.000000   0.250000   0.000000
	   0.000000   0.000000   0.000000   0.000000   0.000000   0.000000   0.000000
	   0.000000   0.000000   0.000000   0.000000
	   0.000000   0.000000   0.000000   0.000000   0.000000   0.000000   0.000000
	   0.000000   0.000000   0.000000   0.000000   0.000000   0.000000   0.250000
	   0.000000   0.000000   0.000000   0.000000   0.000000   0.000000   0.000000
	   0.000000   0.000000   0.000000   0.000000
	   0.000000   0.000000   0.000000   0.000000   0.000000   0.000000   0.000000
	   0.000000   0.000000   0.000000   0.000000   0.000000   0.000000   0.000000
	   0.160000   0.000000   0.000000   0.000000   0.000000   0.000000   0.000000
	   0.000000   0.000000   0.000000   0.000000
	   0.000000   0.000000   0.000000   0.000000   0.000000   0.000000   0.000000
	   0.000000   0.000000   0.000000   0.000000   0.000000   0.000000   0.000000
	   0.000000   0.160000   0.000000   0.000000   0.000000   0.000000   0.000000
	   0.000000   0.000000   0.000000   0.000000
	   0.000000   0.000000   0.000000   0.000000   0.000000   0.000000   0.000000
	   0.000000   0.000000   0.000000   0.000000   0.000000   0.000000   0.000000
	   0.000000   0.000000   0.160000   0.000000   0.000000   0.000000   0.000000
	   0.000000   0.000000   0.000000   0.000000
	   0.000000   0.000000   0.000000   0.000000   0.000000   0.000000   0.000000
	   0.000000   0.000000   0.000000   0.000000   0.000000   0.000000   0.000000
	   0.000000   0.000000   0.000000   0.015067   0.000000   0.000000   0.000000
	   0.000000   0.000000   0.000000   0.000000
	   0.000000   0.000000   0.000000   0.000000   0.000000   0.000000   0.000000
	   0.000000   0.000000   0.000000   0.000000   0.000000   0.000000   0.000000
	   0.000000   0.000000   0.000000   0.000000   0.005288   0.000000   0.000000
	   0.000000   0.000000   0.000000   0.000000
	   0.000000   0.000000   0.000000   0.000000   0.000000   0.000000   0.000000
	   0.000000   0.000000   0.000000   0.000000   0.000000   0.000000   0.000000
	   0.000000   0.000000   0.000000   0.000000   0.000000   0.005288   0.000000
	   0.000000   0.000000   0.000000   0.000000
	   0.000000   0.000000   0.000000   0.000000   0.000000   0.000000   0.000000
	   0.000000   0.000000   0.000000   0.000000   0.000000   0.000000   0.000000
	   0.000000   0.000000   0.000000   0.000000   0.000000   0.000000   0.005288
	   0.000000   0.000000   0.000000   0.000000
	   0.000000   0.000000   0.000000   0.000000   0.000000   0.000000   0.000000
	   0.000000   0.000000   0.000000   0.000000   0.000000   0.000000   0.000000
	   0.000000   0.000000   0.000000   0.000000   0.000000   0.000000   0.000000
	   0.005288   0.000000   0.000000   0.000000
	   0.000000   0.000000   0.000000   0.000000   0.000000   0.000000   0.000000
	   0.000000   0.000000   0.000000   0.000000   0.000000   0.000000   0.000000
	   0.000000   0.000000   0.000000   0.000000   0.000000   0.000000   0.000000
	   0.000000   0.005288   0.000000   0.000000
	   0.000000   0.000000   0.000000   0.000000   0.000000   0.000000   0.000000
	   0.000000   0.000000   0.000000   0.000000   0.000000   0.000000   0.000000
	   0.000000   0.000000   0.000000   0.000000   0.000000   0.000000   0.000000
	   0.000000   0.000000   0.005288   0.000000
	   0.000000   0.000000   0.000000   0.000000   0.000000   0.000000   0.000000
	   0.000000   0.000000   0.000000   0.000000   0.000000   0.000000   0.000000
	   0.000000   0.000000   0.000000   0.000000   0.000000   0.000000   0.000000
	   0.000000   0.000000   0.000000   0.015067

2026-09-22:13:53:53,252 INFO     [psi4.optking.opt_helper:182] 
	         Geometry (au)                                       Gradient (au)
   0.1038469747   0.1313105625   0.0312546825		  -0.0293968025  -0.0557520877  -0.0136282698
   1.4333601771   1.9706150929   0.4843215572		   0.0292542920   0.0554286880   0.0135915731
   0.9965643452  -2.1405612978  -0.5134989165		  -0.0423988151  -0.0031185977  -0.0010757132
   2.8744592260  -2.0785690911  -0.4858654041		   0.0403304342  -0.0005642253   0.0001426409
  -2.7245412548   0.2171216104   0.0391864621		   0.0038619811   0.0037542062   0.0008789383
  -3.3624564431   2.1161341883   0.4588171936		  -0.0016568712   0.0030406417   0.0006848347
  -3.4321708965  -0.3878919191  -1.7924360104		   0.0000286156  -0.0010144539  -0.0021269492
  -3.4403395817  -1.1012257710   1.4438194452		  -0.0000228342  -0.0017741713   0.0015329451

2026-09-22:13:53:53,252 INFO     [psi4.optking.stepAlgorithms:929] 	Using RFO solution 1.
2026-09-22:13:53:53,253 INFO     [psi4.optking.displace:100] 	Determining Cartesian step for fragment 1.
2026-09-22:13:53:53,259 INFO     [psi4.optking.displace:415] 	Successfully converged to displaced geometry.
2026-09-22:13:53:53,259 INFO     [psi4.optking.displace:416] 	RMS(dx):  1.476e-12 	Max(dx):  4.691e-12 	RMS(dq):  2.200e-05
2026-09-22:13:53:53,259 WARNING  [psi4.optking.displace:426] 	Previous geometry is closer to target in internal coordinates, so using that one.

2026-09-22:13:53:53,259 WARNING  [psi4.optking.displace:429] 	Best geometry has RMS(Delta(q)) = 2.20e-05

2026-09-22:13:53:53,262 INFO     [psi4.optking.displace:172] 

	        --- Internal Coordinate Step in ANG or DEG, aJ/ANG or AJ/DEG ---
	-------------------------------------------------------------------------------
	           Coordinate      Previous         Force          Change          New 
	           ----------      --------        ------          ------        ------
	               R(1,2)       1.22467       -0.52332       -0.03568       1.18899
	               R(1,3)       1.32348       -0.02315       -0.00240       1.32108
	               R(1,5)       1.49741        0.01718        0.00329       1.50071
	               R(3,4)       0.99439       -0.33192       -0.04303       0.95136
	               R(5,6)       1.08310       -0.02865       -0.00505       1.07806
	               R(5,7)       1.08728       -0.01800       -0.00321       1.08407
	               R(5,8)       1.08751       -0.01807       -0.00323       1.08428
	             B(1,3,4)     108.87702       -0.00028       -1.24357     107.63345
	             B(1,5,6)     109.89119       -0.00011       -0.58595     109.30524
	             B(1,5,7)     109.43969        0.00010        0.48774     109.92744
	             B(1,5,8)     109.30553        0.00010        0.46819     109.77372
	             B(2,1,3)     124.02322       -0.00082       -2.38889     121.63433
	             B(2,1,5)     123.33715        0.00074        2.14469     125.48184
	             B(3,1,5)     112.63958        0.00008        0.24411     112.88368
	             B(6,5,7)     110.40341       -0.00002       -0.17328     110.23014
	             B(6,5,8)     110.27380       -0.00002       -0.15306     110.12075
	             B(7,5,8)     107.48415       -0.00004       -0.02007     107.46407
	           D(2,1,3,4)       0.05053       -0.00000       -0.04471       0.00582
	           D(2,1,5,6)       1.12701        0.00000       -0.00776       1.11924
	           D(2,1,5,7)     122.51688       -0.00003       -0.28483     122.23204
	           D(2,1,5,8)    -120.01715        0.00003        0.25469    -119.76246
	           D(3,1,5,6)    -178.95220       -0.00000       -0.06745    -179.01966
	           D(3,1,5,7)     -57.56233       -0.00003       -0.34452     -57.90686
	           D(3,1,5,8)      59.90364        0.00003        0.19500      60.09864
	           D(4,3,1,5)    -179.86962       -0.00000        0.00829    -179.86134
	-------------------------------------------------------------------------------

2026-09-22:13:53:53,262 INFO     [psi4.optking.stepAlgorithms:113] 	|target step| :    0.1239580778
2026-09-22:13:53:53,262 INFO     [psi4.optking.stepAlgorithms:114] 	gradient     :   -0.0692628938
2026-09-22:13:53:53,262 INFO     [psi4.optking.stepAlgorithms:115] 	hessian      :    0.5501747260
2026-09-22:13:53:53,262 INFO     [psi4.optking.stepAlgorithms:113] 	|target step| :    0.1239582241
2026-09-22:13:53:53,262 INFO     [psi4.optking.stepAlgorithms:114] 	gradient     :   -0.0692628386
2026-09-22:13:53:53,262 INFO     [psi4.optking.stepAlgorithms:115] 	hessian      :    0.5501738278
2026-09-22:13:53:53,262 INFO     [psi4.optking.stepAlgorithms:206] 	Norm of achieved step-size    0.1239580778
2026-09-22:13:53:53,262 INFO     [psi4.optking.stepAlgorithms:208] 	Norm of achieved step-size (cart):    0.1390194896
2026-09-22:13:53:53,263 INFO     [psi4.optking.opt_helper:164] Molsys:

	                            ===> Fragment 1 <== 

	 Z (Atomic Numbers)          Masses                          Geom                  
	       6.000000            12.000000          0.11057485  0.13933369  0.03250262   
	       8.000000            15.994915          1.45946701  1.88398026  0.46269603   
	       8.000000            15.994915          1.02430978 -2.12029401 -0.50749322   
	       1.000000             1.007825          2.81805382 -2.00604619 -0.46813097   
	       6.000000            12.000000         -2.72446275  0.21009424  0.03752332   
	       1.000000             1.007825         -3.35019778  2.10301136  0.45664045   
	       1.000000             1.007825         -3.44098964 -0.38518176 -1.78701648   
	       1.000000             1.007825         -3.44803274 -1.09796422  1.43887727   

	 - Coordinate -           - BOHR/RAD -       - ANG/DEG -
	 R(1,2)           =         2.246857           1.188986
	 R(1,3)           =         2.496482           1.321082
	 R(1,5)           =         2.835925           1.500707
	 R(3,4)           =         1.797810           0.951360
	 R(5,6)           =         2.037238           1.078060
	 R(5,7)           =         2.048587           1.084066
	 R(5,8)           =         2.048991           1.084279
	 B(1,3,4)         =         1.878558         107.633445
	 B(1,5,6)         =         1.907736         109.305240
	 B(1,5,7)         =         1.918596         109.927436
	 B(1,5,8)         =         1.915913         109.773719
	 B(2,1,3)         =         2.122919         121.634327
	 B(2,1,5)         =         2.190071         125.481842
	 B(3,1,5)         =         1.970192         112.883683
	 B(6,5,7)         =         1.923879         110.230135
	 B(6,5,8)         =         1.921970         110.120746
	 B(7,5,8)         =         1.875602         107.464070
	 D(2,1,3,4)       =         0.000102           0.005819
	 D(2,1,5,6)       =         0.019534           1.119243
	 D(2,1,5,7)       =         2.133352         122.232041
	 D(2,1,5,8)       =        -2.090249        -119.762457
	 D(3,1,5,6)       =        -3.124482        -179.019656
	 D(3,1,5,7)       =        -1.010665         -57.906858
	 D(3,1,5,8)       =         1.048919          60.098644
	 D(4,3,1,5)       =        -3.139173        -179.861337

2026-09-22:13:53:53,263 INFO     [psi4.optking.convcheck:76] Performing convergence check.
2026-09-22:13:53:53,264 INFO     [psi4.optking.convcheck:282] 
	                                 ==> Convergence Check <==                                  
    
	Measures of convergence in internal coordinates in au.
    
	Criteria marked as inactive (o), active & met (*), and active & unmet ( ).

	----------------------------------------------------------------------------------------------~
	   Step    Total Energy     Delta E     Max Force     RMS Force      Max Disp      RMS Disp   ~
	----------------------------------------------------------------------------------------------~
	  Convergence Criteria     1.00e-06 *    3.00e-04 *             o    1.20e-03 *             o~
	----------------------------------------------------------------------------------------------~
	     1    -227.80584041   -2.28e+02      6.35e-02      1.54e-02 o    8.13e-02      2.48e-02 o  ~
	----------------------------------------------------------------------------------------------


2026-09-22:13:53:53,264 INFO     [psi4.optking.stepAlgorithms:296] 	Convergence check returned False
2026-09-22:13:53:53,272 INFO     [psi4.driver.task_planner:259] PLANNING Atomic:  keywords={'SCF__GUESS': 'READ', 'SCF__INTS_TOLERANCE': 1e-12, 'PRINT_TRAJECTORY_XYZ_FILE': 1, 'function_kwargs': {}}
2026-09-22:13:53:53,272 INFO     [psi4.driver.driver:638] Compute gradient(): method=scf, basis=6-31g*, molecule=default, nre=122.73445347244196
2026-09-22:13:53:53,523 INFO     [psi4.driver.driver:641] Return gradient(): -227.81010676611513
2026-09-22:13:53:53,523 INFO     [psi4.driver.driver:642] [[-0.00105383 -0.00969758 -0.00249661]
 [ 0.00184865 -0.00140636 -0.00025392]
 [ 0.00002422  0.00958211  0.00234139]
 [-0.00123044  0.00075445  0.00017655]
 [ 0.00046285  0.00192354  0.00046303]
 [ 0.00056292 -0.00072524 -0.00015775]
 [-0.00030747 -0.00024683  0.00004871]
 [-0.00030689 -0.00018409 -0.00012141]]
2026-09-22:13:53:53,526 INFO     [psi4.optking.history:269] 	Performing BFGS update.
2026-09-22:13:53:53,526 INFO     [psi4.optking.history:280] 	Using 1 previous steps for update.
2026-09-22:13:53:53,527 INFO     [psi4.optking.history:317] 	Steps to be used in Hessian update:  1

2026-09-22:13:53:53,528 INFO     [psi4.optking.history:418] 	Updated Hessian (in au) 
 	   0.912997   0.072117   0.003185  -0.002354   0.005442  -0.001429  -0.001480
	   0.010793   0.003840  -0.002836  -0.002766   0.030638  -0.003373  -0.027264
	  -0.000591  -0.000509   0.002762   0.000193  -0.000206  -0.000279  -0.000268
	   0.000240   0.000167   0.000178  -0.000186
	   0.072117   0.629005  -0.001806   0.047536   0.005246   0.002291   0.002291
	   0.006446   0.002468  -0.002095  -0.002005   0.018985  -0.012050  -0.006935
	   0.000151   0.000115   0.001278   0.000042  -0.000052   0.000367  -0.000479
	   0.000055   0.000475  -0.000372  -0.000029
	   0.003185  -0.001806   0.326332   0.001723  -0.000003   0.000128   0.000129
	  -0.000142  -0.000045   0.000023   0.000024  -0.000380  -0.000303   0.000682
	   0.000025   0.000021  -0.000049  -0.000005   0.000005   0.000022  -0.000007
	  -0.000006   0.000011  -0.000019   0.000005
	  -0.002354   0.047536   0.001723   0.492265   0.004144  -0.000560  -0.000592
	   0.007649   0.002746  -0.002067  -0.002011   0.021810  -0.003835  -0.017975
	  -0.000346  -0.000300   0.001904   0.000126  -0.000136  -0.000121  -0.000236
	   0.000157   0.000172   0.000057  -0.000120
	   0.005442   0.005246  -0.000003   0.004144   0.356960   0.000134   0.000131
	   0.001118   0.000413  -0.000330  -0.000318   0.003234  -0.001249  -0.001985
	  -0.000016  -0.000015   0.000253   0.000013  -0.000015   0.000019  -0.000056
	   0.000017   0.000051  -0.000024  -0.000012
	  -0.001429   0.002291   0.000128  -0.000560   0.000134   0.351218  -0.000074
	   0.000306   0.000107  -0.000076  -0.000075   0.000860   0.000006  -0.000866
	  -0.000022  -0.000019   0.000082   0.000006  -0.000007  -0.000013  -0.000004
	   0.000008   0.000001   0.000010  -0.000006
	  -0.001480   0.002291   0.000129  -0.000592   0.000131  -0.000074   0.350947
	   0.000303   0.000106  -0.000075  -0.000074   0.000853   0.000013  -0.000866
	  -0.000022  -0.000019   0.000082   0.000006  -0.000007  -0.000014  -0.000004
	   0.000008   0.000001   0.000010  -0.000006
	   0.010793   0.006446  -0.000142   0.007649   0.001118   0.000306   0.000303
	   0.161570   0.000587  -0.000478  -0.000460   0.004570  -0.002129  -0.002441
	  -0.000004  -0.000006   0.000341   0.000016  -0.000018   0.000047  -0.000091
	   0.000020   0.000086  -0.000052  -0.000014
	   0.003840   0.002468  -0.000045   0.002746   0.000413   0.000107   0.000106
	   0.000587   0.115657  -0.019360  -0.019107   0.001707  -0.000773  -0.000934
	  -0.043786  -0.043539   0.007272   0.000006  -0.000017   0.006743  -0.006750
	  -0.000002   0.006758  -0.006735  -0.000005
	  -0.002836  -0.002095   0.000023  -0.002067  -0.000330  -0.000076  -0.000075
	  -0.000478  -0.019360   0.116701  -0.016426  -0.001388   0.000595   0.000793
	  -0.044800   0.007411  -0.042536  -0.000005  -0.006750   0.000094   0.006677
	  -0.006762   0.000081   0.006664   0.000005
	  -0.002766  -0.002005   0.000024  -0.002011  -0.000318  -0.000075  -0.000074
	  -0.000460  -0.019107  -0.016426   0.116710  -0.001336   0.000577   0.000759
	   0.007423  -0.044713  -0.042702  -0.000005   0.006757  -0.006669  -0.000068
	   0.006745  -0.006681  -0.000080   0.000004
	   0.030638   0.018985  -0.000380   0.021810   0.003234   0.000860   0.000853
	   0.004570   0.001707  -0.001388  -0.001336   0.179959  -0.089438  -0.090521
	  -0.000016  -0.000020   0.000996  -0.000039  -0.000084   0.000101  -0.000292
	   0.000090   0.000275  -0.000118   0.000047
	  -0.003373  -0.012050  -0.000303  -0.003835  -0.001249   0.000006   0.000013
	  -0.002129  -0.000773   0.000595   0.000577  -0.089438   0.168214  -0.078776
	   0.000072   0.000064  -0.000512   0.000056   0.000062   0.000036   0.000108
	  -0.000067  -0.000093  -0.000020  -0.000059
	  -0.027264  -0.006935   0.000682  -0.017975  -0.001985  -0.000866  -0.000866
	  -0.002441  -0.000934   0.000793   0.000759  -0.090521  -0.078776   0.169296
	  -0.000057  -0.000043  -0.000484  -0.000014   0.000019  -0.000139   0.000181
	  -0.000020  -0.000179   0.000141   0.000009
	  -0.000591   0.000151   0.000025  -0.000346  -0.000016  -0.000022  -0.000022
	  -0.000004  -0.043786  -0.044800   0.007423  -0.000016   0.000072  -0.000057
	   0.066693   0.007878   0.007025   0.000000  -0.013077   0.013096  -0.000021
	  -0.013076   0.013097  -0.000020  -0.000001
	  -0.000509   0.000115   0.000021  -0.000300  -0.000015  -0.000019  -0.000019
	  -0.000006  -0.043539   0.007411  -0.044713  -0.000020   0.000064  -0.000043
	   0.007878   0.066434   0.006976   0.000000   0.013152   0.000031  -0.013185
	   0.013153   0.000032  -0.013184  -0.000000
	   0.002762   0.001278  -0.000049   0.001904   0.000253   0.000082   0.000082
	   0.000341   0.007272  -0.042536  -0.042702   0.000996  -0.000512  -0.000484
	   0.007025   0.006976   0.063871   0.000003  -0.000014  -0.013893   0.013895
	  -0.000007  -0.013886   0.013903  -0.000003
	   0.000193   0.000042  -0.000005   0.000126   0.000013   0.000006   0.000006
	   0.000016   0.000006  -0.000005  -0.000005  -0.000039   0.000056  -0.000014
	   0.000000   0.000000   0.000003   0.008516  -0.000974  -0.000973  -0.000975
	   0.000974   0.000975   0.000973   0.006552
	  -0.000206  -0.000052   0.000005  -0.000136  -0.000015  -0.000007  -0.000007
	  -0.000018  -0.000017  -0.006750   0.006757  -0.000084   0.000062   0.000019
	  -0.013077   0.013152  -0.000014  -0.000974   0.015527  -0.004991  -0.004993
	   0.013594  -0.006924  -0.006926   0.000974
	  -0.000279   0.000367   0.000022  -0.000121   0.000019  -0.000013  -0.000014
	   0.000047   0.006743   0.000094  -0.006669   0.000101   0.000036  -0.000139
	   0.013096   0.000031  -0.013893  -0.000973  -0.004991   0.015562  -0.005032
	  -0.006921   0.013632  -0.006963   0.000973
	  -0.000268  -0.000479  -0.000007  -0.000236  -0.000056  -0.000004  -0.000004
	  -0.000091  -0.006750   0.006677  -0.000068  -0.000292   0.000108   0.000181
	  -0.000021  -0.013185   0.013895  -0.000975  -0.004993  -0.005032   0.015573
	  -0.006928  -0.006968   0.013637   0.000975
	   0.000240   0.000055  -0.000006   0.000157   0.000017   0.000008   0.000008
	   0.000020  -0.000002  -0.006762   0.006745   0.000090  -0.000067  -0.000020
	  -0.013076   0.013153  -0.000007   0.000974   0.013594  -0.006921  -0.006928
	   0.015527  -0.004988  -0.004995  -0.000974
	   0.000167   0.000475   0.000011   0.000172   0.000051   0.000001   0.000001
	   0.000086   0.006758   0.000081  -0.006681   0.000275  -0.000093  -0.000179
	   0.013097   0.000032  -0.013886   0.000975  -0.006924   0.013632  -0.006968
	  -0.004988   0.015567  -0.005033  -0.000975
	   0.000178  -0.000372  -0.000019   0.000057  -0.000024   0.000010   0.000010
	  -0.000052  -0.006735   0.006664  -0.000080  -0.000118  -0.000020   0.000141
	  -0.000020  -0.013184   0.013903   0.000973  -0.006926  -0.006963   0.013637
	  -0.004995  -0.005033   0.015568  -0.000973
	  -0.000186  -0.000029   0.000005  -0.000120  -0.000012  -0.000006  -0.000006
	  -0.000014  -0.000005   0.000005   0.000004   0.000047  -0.000059   0.000009
	  -0.000001  -0.000000  -0.000003   0.006552   0.000974   0.000973   0.000975
	  -0.000974  -0.000975  -0.000973   0.008516

2026-09-22:13:53:53,530 INFO     [psi4.optking.molsys:944] Projected (PHP) Hessian matrix
	   0.912997   0.072117   0.003185  -0.002354   0.005442  -0.001429  -0.001480
	   0.010793   0.003840  -0.002836  -0.002766   0.030638  -0.003373  -0.027264
	  -0.000591  -0.000509   0.002762   0.000193  -0.000206  -0.000279  -0.000268
	   0.000240   0.000167   0.000178  -0.000186
	   0.072117   0.629005  -0.001806   0.047536   0.005246   0.002291   0.002291
	   0.006446   0.002468  -0.002095  -0.002005   0.018985  -0.012050  -0.006935
	   0.000151   0.000115   0.001278   0.000042  -0.000052   0.000367  -0.000479
	   0.000055   0.000475  -0.000372  -0.000029
	   0.003185  -0.001806   0.326332   0.001723  -0.000003   0.000128   0.000129
	  -0.000142  -0.000045   0.000023   0.000024  -0.000380  -0.000303   0.000682
	   0.000025   0.000021  -0.000049  -0.000005   0.000005   0.000022  -0.000007
	  -0.000006   0.000011  -0.000019   0.000005
	  -0.002354   0.047536   0.001723   0.492265   0.004144  -0.000560  -0.000592
	   0.007649   0.002746  -0.002067  -0.002011   0.021810  -0.003835  -0.017975
	  -0.000346  -0.000300   0.001904   0.000126  -0.000136  -0.000121  -0.000236
	   0.000157   0.000172   0.000057  -0.000120
	   0.005442   0.005246  -0.000003   0.004144   0.356960   0.000134   0.000131
	   0.001118   0.000413  -0.000330  -0.000318   0.003234  -0.001249  -0.001985
	  -0.000016  -0.000015   0.000253   0.000013  -0.000015   0.000019  -0.000056
	   0.000017   0.000051  -0.000024  -0.000012
	  -0.001429   0.002291   0.000128  -0.000560   0.000134   0.351218  -0.000074
	   0.000306   0.000107  -0.000076  -0.000075   0.000860   0.000006  -0.000866
	  -0.000022  -0.000019   0.000082   0.000006  -0.000007  -0.000013  -0.000004
	   0.000008   0.000001   0.000010  -0.000006
	  -0.001480   0.002291   0.000129  -0.000592   0.000131  -0.000074   0.350947
	   0.000303   0.000106  -0.000075  -0.000074   0.000853   0.000013  -0.000866
	  -0.000022  -0.000019   0.000082   0.000006  -0.000007  -0.000014  -0.000004
	   0.000008   0.000001   0.000010  -0.000006
	   0.010793   0.006446  -0.000142   0.007649   0.001118   0.000306   0.000303
	   0.161570   0.000587  -0.000478  -0.000460   0.004570  -0.002129  -0.002441
	  -0.000004  -0.000006   0.000341   0.000016  -0.000018   0.000047  -0.000091
	   0.000020   0.000086  -0.000052  -0.000014
	   0.003840   0.002468  -0.000045   0.002746   0.000413   0.000107   0.000106
	   0.000587   0.115657  -0.019360  -0.019107   0.001707  -0.000773  -0.000934
	  -0.043786  -0.043539   0.007272   0.000006  -0.000017   0.006743  -0.006750
	  -0.000002   0.006758  -0.006735  -0.000005
	  -0.002836  -0.002095   0.000023  -0.002067  -0.000330  -0.000076  -0.000075
	  -0.000478  -0.019360   0.116701  -0.016426  -0.001388   0.000595   0.000793
	  -0.044800   0.007411  -0.042536  -0.000005  -0.006750   0.000094   0.006677
	  -0.006762   0.000081   0.006664   0.000005
	  -0.002766  -0.002005   0.000024  -0.002011  -0.000318  -0.000075  -0.000074
	  -0.000460  -0.019107  -0.016426   0.116710  -0.001336   0.000577   0.000759
	   0.007423  -0.044713  -0.042702  -0.000005   0.006757  -0.006669  -0.000068
	   0.006745  -0.006681  -0.000080   0.000004
	   0.030638   0.018985  -0.000380   0.021810   0.003234   0.000860   0.000853
	   0.004570   0.001707  -0.001388  -0.001336   0.179959  -0.089438  -0.090521
	  -0.000016  -0.000020   0.000996  -0.000039  -0.000084   0.000101  -0.000292
	   0.000090   0.000275  -0.000118   0.000047
	  -0.003373  -0.012050  -0.000303  -0.003835  -0.001249   0.000006   0.000013
	  -0.002129  -0.000773   0.000595   0.000577  -0.089438   0.168214  -0.078776
	   0.000072   0.000064  -0.000512   0.000056   0.000062   0.000036   0.000108
	  -0.000067  -0.000093  -0.000020  -0.000059
	  -0.027264  -0.006935   0.000682  -0.017975  -0.001985  -0.000866  -0.000866
	  -0.002441  -0.000934   0.000793   0.000759  -0.090521  -0.078776   0.169296
	  -0.000057  -0.000043  -0.000484  -0.000014   0.000019  -0.000139   0.000181
	  -0.000020  -0.000179   0.000141   0.000009
	  -0.000591   0.000151   0.000025  -0.000346  -0.000016  -0.000022  -0.000022
	  -0.000004  -0.043786  -0.044800   0.007423  -0.000016   0.000072  -0.000057
	   0.066693   0.007878   0.007025   0.000000  -0.013077   0.013096  -0.000021
	  -0.013076   0.013097  -0.000020  -0.000001
	  -0.000509   0.000115   0.000021  -0.000300  -0.000015  -0.000019  -0.000019
	  -0.000006  -0.043539   0.007411  -0.044713  -0.000020   0.000064  -0.000043
	   0.007878   0.066434   0.006976   0.000000   0.013152   0.000031  -0.013185
	   0.013153   0.000032  -0.013184  -0.000000
	   0.002762   0.001278  -0.000049   0.001904   0.000253   0.000082   0.000082
	   0.000341   0.007272  -0.042536  -0.042702   0.000996  -0.000512  -0.000484
	   0.007025   0.006976   0.063871   0.000003  -0.000014  -0.013893   0.013895
	  -0.000007  -0.013886   0.013903  -0.000003
	   0.000193   0.000042  -0.000005   0.000126   0.000013   0.000006   0.000006
	   0.000016   0.000006  -0.000005  -0.000005  -0.000039   0.000056  -0.000014
	   0.000000   0.000000   0.000003   0.008516  -0.000974  -0.000973  -0.000975
	   0.000974   0.000975   0.000973   0.006552
	  -0.000206  -0.000052   0.000005  -0.000136  -0.000015  -0.000007  -0.000007
	  -0.000018  -0.000017  -0.006750   0.006757  -0.000084   0.000062   0.000019
	  -0.013077   0.013152  -0.000014  -0.000974   0.015527  -0.004991  -0.004993
	   0.013594  -0.006924  -0.006926   0.000974
	  -0.000279   0.000367   0.000022  -0.000121   0.000019  -0.000013  -0.000014
	   0.000047   0.006743   0.000094  -0.006669   0.000101   0.000036  -0.000139
	   0.013096   0.000031  -0.013893  -0.000973  -0.004991   0.015562  -0.005032
	  -0.006921   0.013632  -0.006963   0.000973
	  -0.000268  -0.000479  -0.000007  -0.000236  -0.000056  -0.000004  -0.000004
	  -0.000091  -0.006750   0.006677  -0.000068  -0.000292   0.000108   0.000181
	  -0.000021  -0.013185   0.013895  -0.000975  -0.004993  -0.005032   0.015573
	  -0.006928  -0.006968   0.013637   0.000975
	   0.000240   0.000055  -0.000006   0.000157   0.000017   0.000008   0.000008
	   0.000020  -0.000002  -0.006762   0.006745   0.000090  -0.000067  -0.000020
	  -0.013076   0.013153  -0.000007   0.000974   0.013594  -0.006921  -0.006928
	   0.015527  -0.004988  -0.004995  -0.000974
	   0.000167   0.000475   0.000011   0.000172   0.000051   0.000001   0.000001
	   0.000086   0.006758   0.000081  -0.006681   0.000275  -0.000093  -0.000179
	   0.013097   0.000032  -0.013886   0.000975  -0.006924   0.013632  -0.006968
	  -0.004988   0.015567  -0.005033  -0.000975
	   0.000178  -0.000372  -0.000019   0.000057  -0.000024   0.000010   0.000010
	  -0.000052  -0.006735   0.006664  -0.000080  -0.000118  -0.000020   0.000141
	  -0.000020  -0.013184   0.013903   0.000973  -0.006926  -0.006963   0.013637
	  -0.004995  -0.005033   0.015568  -0.000973
	  -0.000186  -0.000029   0.000005  -0.000120  -0.000012  -0.000006  -0.000006
	  -0.000014  -0.000005   0.000005   0.000004   0.000047  -0.000059   0.000009
	  -0.000001  -0.000000  -0.000003   0.006552   0.000974   0.000973   0.000975
	  -0.000974  -0.000975  -0.000973   0.008516

2026-09-22:13:53:53,530 INFO     [psi4.optking.opt_helper:182] 
	         Geometry (au)                                       Gradient (au)
   0.0958815928   0.1557230948   0.0364788863		  -0.0010538299  -0.0096975779  -0.0024966052
   1.4447737589   1.9003696709   0.4666722896		   0.0018486460  -0.0014063587  -0.0002539198
   1.0096165295  -2.1039046010  -0.5035169585		   0.0000242197   0.0095821054   0.0023413854
   2.8033605700  -1.9896567886  -0.4641547078		  -0.0012304415   0.0007544537   0.0001765523
  -2.7391560083   0.2264836499   0.0414995861		   0.0004628460   0.0019235397   0.0004630327
  -3.3648910374   2.1194007653   0.4606167150		   0.0005629228  -0.0007252442  -0.0001577454
  -3.4556828962  -0.3687923506  -1.7830402202		  -0.0003074718  -0.0002468290   0.0000487086
  -3.4627259910  -1.0815748151   1.4428535331		  -0.0003068913  -0.0001840891  -0.0001214086

2026-09-22:13:53:53,530 INFO     [psi4.optking.stepAlgorithms:368] 	Current Step Report 
 
	Current energy:      -227.8101067661
	Energy change for the previous step:
		Actual       :        -0.0042663609
		Projected    :        -0.0042928492

2026-09-22:13:53:53,530 INFO     [psi4.optking.stepAlgorithms:371] 	Energy ratio =    0.99383
2026-09-22:13:53:53,530 INFO     [psi4.optking.stepAlgorithms:399] 	Energy ratio indicates good step.
2026-09-22:13:53:53,530 INFO     [psi4.optking.stepAlgorithms:400] 	Intrafrag trust radius increased to      1.
2026-09-22:13:53:53,531 INFO     [psi4.optking.stepAlgorithms:929] 	Using RFO solution 1.
2026-09-22:13:53:53,532 INFO     [psi4.optking.displace:100] 	Determining Cartesian step for fragment 1.
2026-09-22:13:53:53,536 INFO     [psi4.optking.displace:415] 	Successfully converged to displaced geometry.
2026-09-22:13:53:53,536 INFO     [psi4.optking.displace:416] 	RMS(dx):  1.696e-09 	Max(dx):  4.150e-09 	RMS(dq):  8.160e-06
2026-09-22:13:53:53,539 INFO     [psi4.optking.displace:172] 

	        --- Internal Coordinate Step in ANG or DEG, aJ/ANG or AJ/DEG ---
	-------------------------------------------------------------------------------
	           Coordinate      Previous         Force          Change          New 
	           ----------      --------        ------          ------        ------
	               R(1,2)       1.18899        0.00025       -0.00125       1.18774
	               R(1,3)       1.32108        0.08520        0.00845       1.32953
	               R(1,5)       1.50071        0.00323        0.00072       1.50143
	               R(3,4)       0.95136        0.00969       -0.00032       0.95104
	               R(5,6)       1.07806        0.00724        0.00106       1.07912
	               R(5,7)       1.08407       -0.00112       -0.00031       1.08375
	               R(5,8)       1.08428       -0.00118       -0.00032       1.08396
	             B(1,3,4)     107.63345        0.00012        0.47706     108.11051
	             B(1,5,6)     109.30524        0.00004        0.15332     109.45856
	             B(1,5,7)     109.92744       -0.00003       -0.11561     109.81183
	             B(1,5,8)     109.77372       -0.00003       -0.10999     109.66372
	             B(2,1,3)     121.63433        0.00035        0.90870     122.54303
	             B(2,1,5)     125.48184       -0.00005       -0.06965     125.41220
	             B(3,1,5)     112.88368       -0.00030       -0.83927     112.04441
	             B(6,5,7)     110.23014       -0.00001       -0.04859     110.18154
	             B(6,5,8)     110.12075       -0.00001       -0.03829     110.08245
	             B(7,5,8)     107.46407        0.00003        0.15593     107.62000
	           D(2,1,3,4)       0.00582        0.00000        0.16271       0.16853
	           D(2,1,5,6)       1.11924       -0.00000       -0.27546       0.84378
	           D(2,1,5,7)     122.23204       -0.00000       -0.31095     121.92109
	           D(2,1,5,8)    -119.76246       -0.00000       -0.25590    -120.01836
	           D(3,1,5,6)    -179.01966        0.00000        0.07908    -178.94057
	           D(3,1,5,7)     -57.90686       -0.00000        0.04360     -57.86326
	           D(3,1,5,8)      60.09864        0.00000        0.09865      60.19729
	           D(4,3,1,5)    -179.86134       -0.00000       -0.17862    -180.03996
	-------------------------------------------------------------------------------

2026-09-22:13:53:53,539 INFO     [psi4.optking.stepAlgorithms:113] 	|target step| :    0.0303896464
2026-09-22:13:53:53,539 INFO     [psi4.optking.stepAlgorithms:114] 	gradient     :   -0.0103612803
2026-09-22:13:53:53,539 INFO     [psi4.optking.stepAlgorithms:115] 	hessian      :    0.3406322830
2026-09-22:13:53:53,539 INFO     [psi4.optking.stepAlgorithms:113] 	|target step| :    0.0303897296
2026-09-22:13:53:53,539 INFO     [psi4.optking.stepAlgorithms:114] 	gradient     :   -0.0103612686
2026-09-22:13:53:53,539 INFO     [psi4.optking.stepAlgorithms:115] 	hessian      :    0.3406315151
2026-09-22:13:53:53,539 INFO     [psi4.optking.stepAlgorithms:206] 	Norm of achieved step-size    0.0303896464
2026-09-22:13:53:53,539 INFO     [psi4.optking.stepAlgorithms:208] 	Norm of achieved step-size (cart):    0.0559836754
2026-09-22:13:53:53,540 INFO     [psi4.optking.opt_helper:164] Molsys:

	                            ===> Fragment 1 <== 

	 Z (Atomic Numbers)          Masses                          Geom                  
	       6.000000            12.000000          0.10164743  0.17291765  0.04466134   
	       8.000000            15.994915          1.43587704  1.92695740  0.47004834   
	       8.000000            15.994915          1.00136616 -2.10800400 -0.50332588   
	       1.000000             1.007825          2.79628331 -2.02240411 -0.47399832   
	       6.000000            12.000000         -2.73511920  0.22748882  0.04239514   
	       1.000000             1.007825         -3.37855495  2.11689645  0.46029715   
	       1.000000             1.007825         -3.43942813 -0.37069608 -1.78528821   
	       1.000000             1.007825         -3.45089514 -1.08510751  1.44261956   

	 - Coordinate -           - BOHR/RAD -       - ANG/DEG -
	 R(1,2)           =         2.244500           1.187738
	 R(1,3)           =         2.512446           1.329529
	 R(1,5)           =         2.837292           1.501430
	 R(3,4)           =         1.797196           0.951035
	 R(5,6)           =         2.039243           1.079121
	 R(5,7)           =         2.048000           1.083755
	 R(5,8)           =         2.048383           1.083958
	 B(1,3,4)         =         1.886884         108.110506
	 B(1,5,6)         =         1.910412         109.458556
	 B(1,5,7)         =         1.916578         109.811830
	 B(1,5,8)         =         1.913993         109.663724
	 B(2,1,3)         =         2.138779         122.543025
	 B(2,1,5)         =         2.188856         125.412197
	 B(3,1,5)         =         1.955544         112.044415
	 B(6,5,7)         =         1.923031         110.181542
	 B(6,5,8)         =         1.921301         110.082454
	 B(7,5,8)         =         1.878323         107.620004
	 D(2,1,3,4)       =         0.002941           0.168528
	 D(2,1,5,6)       =         0.014727           0.843780
	 D(2,1,5,7)       =         2.127924         121.921093
	 D(2,1,5,8)       =        -2.094715        -120.018356
	 D(3,1,5,6)       =        -3.123102        -178.940572
	 D(3,1,5,7)       =        -1.009904         -57.863259
	 D(3,1,5,8)       =         1.050641          60.197292
	 D(4,3,1,5)       =        -3.142290        -180.039962

2026-09-22:13:53:53,540 INFO     [psi4.optking.convcheck:76] Performing convergence check.
2026-09-22:13:53:53,540 INFO     [psi4.optking.convcheck:282] 
	                                 ==> Convergence Check <==                                  
    
	Measures of convergence in internal coordinates in au.
    
	Criteria marked as inactive (o), active & met (*), and active & unmet ( ).

	----------------------------------------------------------------------------------------------
	   Step    Total Energy     Delta E     Max Force     RMS Force      Max Disp      RMS Disp   
	----------------------------------------------------------------------------------------------
	  Convergence Criteria     1.00e-06 *    3.00e-04 *             o    1.20e-03 *             o
	----------------------------------------------------------------------------------------------
	     2    -227.81010677   -4.27e-03      1.03e-02      2.44e-03 o    1.60e-02      6.08e-03 o  ~
	----------------------------------------------------------------------------------------------


2026-09-22:13:53:53,540 INFO     [psi4.optking.stepAlgorithms:296] 	Convergence check returned False
2026-09-22:13:53:53,548 INFO     [psi4.driver.task_planner:259] PLANNING Atomic:  keywords={'SCF__GUESS': 'READ', 'SCF__INTS_TOLERANCE': 1e-12, 'PRINT_TRAJECTORY_XYZ_FILE': 1, 'function_kwargs': {}}
2026-09-22:13:53:53,549 INFO     [psi4.driver.driver:638] Compute gradient(): method=scf, basis=6-31g*, molecule=default, nre=122.51406183977231
2026-09-22:13:53:53,800 INFO     [psi4.driver.driver:641] Return gradient(): -227.81027337071586
2026-09-22:13:53:53,800 INFO     [psi4.driver.driver:642] [[ 0.00097850 -0.00355939  0.00008419]
 [-0.00039113  0.00129848 -0.00000694]
 [ 0.00045747  0.00162127  0.00010537]
 [-0.00150332  0.00008748  0.00001154]
 [ 0.00038148  0.00068158 -0.00017826]
 [ 0.00016600 -0.00011763 -0.00004258]
 [-0.00011470 -0.00002991  0.00007297]
 [ 0.00002570  0.00001812 -0.00004630]]
2026-09-22:13:53:53,803 INFO     [psi4.optking.history:269] 	Performing BFGS update.
2026-09-22:13:53:53,804 INFO     [psi4.optking.history:280] 	Using 2 previous steps for update.
2026-09-22:13:53:53,805 INFO     [psi4.optking.history:317] 	Steps to be used in Hessian update:  2 1

2026-09-22:13:53:53,807 INFO     [psi4.optking.history:418] 	Updated Hessian (in au) 
 	   0.900929   0.106441   0.007736   0.008363   0.008099  -0.001732  -0.001508
	   0.015608   0.006346  -0.005326  -0.003233   0.029593   0.007558  -0.037141
	  -0.000816  -0.001217   0.003973  -0.000978   0.001112   0.000672   0.000745
	  -0.000931  -0.001371  -0.001298   0.001011
	   0.106441   0.530204  -0.016366   0.008889  -0.002612   0.002850   0.001901
	  -0.007609  -0.005144   0.005657  -0.001126   0.029414  -0.049371   0.019927
	   0.000843   0.002471  -0.002599   0.004184  -0.004543  -0.003206  -0.003649
	   0.004039   0.005376   0.004932  -0.004266
	   0.007736  -0.016366   0.325578   0.002733  -0.001011   0.000470   0.000478
	  -0.002075  -0.000715   0.000519   0.000478  -0.005892  -0.000211   0.006103
	   0.000179   0.000162  -0.000603  -0.000014   0.000024   0.000120  -0.000027
	  -0.000019   0.000076  -0.000071   0.000020
	   0.008363   0.008889   0.002733   0.509237   0.001774   0.000903   0.001201
	   0.002802   0.001961  -0.002179  -0.000138  -0.008066   0.008506  -0.000432
	   0.000201  -0.000343   0.000369  -0.001205   0.001393   0.001438   0.000740
	  -0.001181  -0.001135  -0.001833   0.001270
	   0.008099  -0.002612  -0.001011   0.001774   0.356350   0.000206   0.000143
	   0.000014  -0.000142   0.000216  -0.000216   0.003308  -0.003617   0.000307
	   0.000046   0.000152  -0.000061   0.000279  -0.000299  -0.000202  -0.000256
	   0.000269   0.000366   0.000311  -0.000283
	  -0.001732   0.002850   0.000470   0.000903   0.000206   0.351263   0.000004
	   0.000410   0.000235  -0.000243  -0.000021  -0.000519   0.001264  -0.000744
	  -0.000015  -0.000069   0.000102  -0.000132   0.000147   0.000121   0.000100
	  -0.000127  -0.000153  -0.000174   0.000136
	  -0.001508   0.001901   0.000478   0.001201   0.000143   0.000004   0.351063
	   0.000287   0.000209  -0.000235   0.000022  -0.001164   0.001498  -0.000333
	  -0.000003  -0.000068   0.000066  -0.000156   0.000175   0.000152   0.000117
	  -0.000152  -0.000175  -0.000209   0.000162
	   0.015608  -0.007609  -0.002075   0.002802   0.000014   0.000410   0.000287
	   0.159584  -0.000450   0.000559  -0.000305   0.005354  -0.006883   0.001526
	   0.000102   0.000311  -0.000215   0.000546  -0.000589  -0.000403  -0.000494
	   0.000527   0.000714   0.000623  -0.000555
	   0.006346  -0.005144  -0.000715   0.001961  -0.000142   0.000235   0.000209
	  -0.000450   0.114917  -0.018741  -0.018698   0.000227  -0.001837   0.001610
	  -0.043884  -0.043584   0.007075   0.000125  -0.000145   0.006836  -0.007011
	   0.000107   0.007087  -0.006760  -0.000125
	  -0.005326   0.005657   0.000519  -0.002179   0.000216  -0.000243  -0.000235
	   0.000559  -0.018741   0.116237  -0.017302   0.001073   0.000923  -0.001996
	  -0.044376   0.007417  -0.042730  -0.000043  -0.006539  -0.000256   0.006880
	  -0.006619  -0.000336   0.006800   0.000040
	  -0.003233  -0.001126   0.000478  -0.000138  -0.000216  -0.000021   0.000022
	  -0.000305  -0.018698  -0.017302   0.116605  -0.003071   0.002213   0.000859
	   0.007523  -0.044277  -0.043166  -0.000186   0.006780  -0.006662   0.000408
	   0.006395  -0.007047   0.000024   0.000191
	   0.029593   0.029414  -0.005892  -0.008066   0.003308  -0.000519  -0.001164
	   0.005354   0.000227   0.001073  -0.003071   0.214564  -0.113819  -0.100763
	  -0.000351   0.000773   0.001319   0.002605  -0.003076  -0.002699  -0.002244
	   0.002728   0.003105   0.003560  -0.002688
	   0.007558  -0.049371  -0.000211   0.008506  -0.003617   0.001264   0.001498
	  -0.006883  -0.001837   0.000923   0.002213  -0.113819   0.176578  -0.062754
	   0.000541   0.000126  -0.001905  -0.000804   0.001120   0.001213   0.000728
	  -0.000993  -0.000900  -0.001385   0.000846
	  -0.037141   0.019927   0.006103  -0.000432   0.000307  -0.000744  -0.000333
	   0.001526   0.001610  -0.001996   0.000859  -0.100763  -0.062754   0.163529
	  -0.000189  -0.000899   0.000584  -0.001797   0.001952   0.001482   0.001512
	  -0.001731  -0.002201  -0.002171   0.001839
	  -0.000816   0.000843   0.000179   0.000201   0.000046  -0.000015  -0.000003
	   0.000102  -0.043884  -0.044376   0.007523  -0.000351   0.000541  -0.000189
	   0.066511   0.007967   0.007159  -0.000052  -0.013119   0.013308  -0.000045
	  -0.013227   0.013201  -0.000152   0.000053
	  -0.001217   0.002471   0.000162  -0.000343   0.000152  -0.000069  -0.000068
	   0.000311  -0.043584   0.007417  -0.044277   0.000773   0.000126  -0.000899
	   0.007967   0.066226   0.007176  -0.000007   0.013262   0.000090  -0.013343
	   0.013249   0.000077  -0.013355   0.000007
	   0.003973  -0.002599  -0.000603   0.000369  -0.000061   0.000102   0.000066
	  -0.000215   0.007075  -0.042730  -0.043166   0.001319  -0.001905   0.000584
	   0.007159   0.007176   0.064464   0.000160  -0.000184  -0.013683   0.013430
	   0.000144  -0.013355   0.013758  -0.000163
	  -0.000978   0.004184  -0.000014  -0.001205   0.000279  -0.000132  -0.000156
	   0.000546   0.000125  -0.000043  -0.000186   0.002605  -0.000804  -0.001797
	  -0.000052  -0.000007   0.000160   0.008541  -0.001062  -0.001073  -0.001016
	   0.001047   0.001037   0.001093   0.006521
	   0.001112  -0.004543   0.000024   0.001393  -0.000299   0.000147   0.000175
	  -0.000589  -0.000145  -0.006539   0.006780  -0.003076   0.001120   0.001952
	  -0.013119   0.013262  -0.000184  -0.001062   0.015613  -0.004791  -0.004858
	   0.013389  -0.007015  -0.007082   0.001067
	   0.000672  -0.003206   0.000120   0.001438  -0.000202   0.000121   0.000152
	  -0.000403   0.006836  -0.000256  -0.006662  -0.002699   0.001213   0.001482
	   0.013308   0.000090  -0.013683  -0.001073  -0.004791   0.015825  -0.005044
	  -0.007037   0.013580  -0.007290   0.001078
	   0.000745  -0.003649  -0.000027   0.000740  -0.000256   0.000100   0.000117
	  -0.000494  -0.007011   0.006880   0.000408  -0.002244   0.000728   0.001512
	  -0.000045  -0.013343   0.013430  -0.001016  -0.004858  -0.005044   0.015730
	  -0.006985  -0.007172   0.013603   0.001019
	  -0.000931   0.004039  -0.000019  -0.001181   0.000269  -0.000127  -0.000152
	   0.000527   0.000107  -0.006619   0.006395   0.002728  -0.000993  -0.001731
	  -0.013227   0.013249   0.000144   0.001047   0.013389  -0.007037  -0.006985
	   0.015582  -0.004844  -0.004792  -0.001052
	  -0.001371   0.005376   0.000076  -0.001135   0.000366  -0.000153  -0.000175
	   0.000714   0.007087  -0.000336  -0.007047   0.003105  -0.000900  -0.002201
	   0.013201   0.000077  -0.013355   0.001037  -0.007015   0.013580  -0.007172
	  -0.004844   0.015751  -0.005000  -0.001041
	  -0.001298   0.004932  -0.000071  -0.001833   0.000311  -0.000174  -0.000209
	   0.000623  -0.006760   0.006800   0.000024   0.003560  -0.001385  -0.002171
	  -0.000152  -0.013355   0.013758   0.001093  -0.007082  -0.007290   0.013603
	  -0.004792  -0.005000   0.015893  -0.001100
	   0.001011  -0.004266   0.000020   0.001270  -0.000283   0.000136   0.000162
	  -0.000555  -0.000125   0.000040   0.000191  -0.002688   0.000846   0.001839
	   0.000053   0.000007  -0.000163   0.006521   0.001067   0.001078   0.001019
	  -0.001052  -0.001041  -0.001100   0.008551

2026-09-22:13:53:53,808 INFO     [psi4.optking.molsys:944] Projected (PHP) Hessian matrix
	   0.900929   0.106441   0.007736   0.008363   0.008099  -0.001732  -0.001508
	   0.015608   0.006346  -0.005326  -0.003233   0.029593   0.007558  -0.037141
	  -0.000816  -0.001217   0.003973  -0.000978   0.001112   0.000672   0.000745
	  -0.000931  -0.001371  -0.001298   0.001011
	   0.106441   0.530204  -0.016366   0.008889  -0.002612   0.002850   0.001901
	  -0.007609  -0.005144   0.005657  -0.001126   0.029414  -0.049371   0.019927
	   0.000843   0.002471  -0.002599   0.004184  -0.004543  -0.003206  -0.003649
	   0.004039   0.005376   0.004932  -0.004266
	   0.007736  -0.016366   0.325578   0.002733  -0.001011   0.000470   0.000478
	  -0.002075  -0.000715   0.000519   0.000478  -0.005892  -0.000211   0.006103
	   0.000179   0.000162  -0.000603  -0.000014   0.000024   0.000120  -0.000027
	  -0.000019   0.000076  -0.000071   0.000020
	   0.008363   0.008889   0.002733   0.509237   0.001774   0.000903   0.001201
	   0.002802   0.001961  -0.002179  -0.000138  -0.008066   0.008506  -0.000432
	   0.000201  -0.000343   0.000369  -0.001205   0.001393   0.001438   0.000740
	  -0.001181  -0.001135  -0.001833   0.001270
	   0.008099  -0.002612  -0.001011   0.001774   0.356350   0.000206   0.000143
	   0.000014  -0.000142   0.000216  -0.000216   0.003308  -0.003617   0.000307
	   0.000046   0.000152  -0.000061   0.000279  -0.000299  -0.000202  -0.000256
	   0.000269   0.000366   0.000311  -0.000283
	  -0.001732   0.002850   0.000470   0.000903   0.000206   0.351263   0.000004
	   0.000410   0.000235  -0.000243  -0.000021  -0.000519   0.001264  -0.000744
	  -0.000015  -0.000069   0.000102  -0.000132   0.000147   0.000121   0.000100
	  -0.000127  -0.000153  -0.000174   0.000136
	  -0.001508   0.001901   0.000478   0.001201   0.000143   0.000004   0.351063
	   0.000287   0.000209  -0.000235   0.000022  -0.001164   0.001498  -0.000333
	  -0.000003  -0.000068   0.000066  -0.000156   0.000175   0.000152   0.000117
	  -0.000152  -0.000175  -0.000209   0.000162
	   0.015608  -0.007609  -0.002075   0.002802   0.000014   0.000410   0.000287
	   0.159584  -0.000450   0.000559  -0.000305   0.005354  -0.006883   0.001526
	   0.000102   0.000311  -0.000215   0.000546  -0.000589  -0.000403  -0.000494
	   0.000527   0.000714   0.000623  -0.000555
	   0.006346  -0.005144  -0.000715   0.001961  -0.000142   0.000235   0.000209
	  -0.000450   0.114917  -0.018741  -0.018698   0.000227  -0.001837   0.001610
	  -0.043884  -0.043584   0.007075   0.000125  -0.000145   0.006836  -0.007011
	   0.000107   0.007087  -0.006760  -0.000125
	  -0.005326   0.005657   0.000519  -0.002179   0.000216  -0.000243  -0.000235
	   0.000559  -0.018741   0.116237  -0.017302   0.001073   0.000923  -0.001996
	  -0.044376   0.007417  -0.042730  -0.000043  -0.006539  -0.000256   0.006880
	  -0.006619  -0.000336   0.006800   0.000040
	  -0.003233  -0.001126   0.000478  -0.000138  -0.000216  -0.000021   0.000022
	  -0.000305  -0.018698  -0.017302   0.116605  -0.003071   0.002213   0.000859
	   0.007523  -0.044277  -0.043166  -0.000186   0.006780  -0.006662   0.000408
	   0.006395  -0.007047   0.000024   0.000191
	   0.029593   0.029414  -0.005892  -0.008066   0.003308  -0.000519  -0.001164
	   0.005354   0.000227   0.001073  -0.003071   0.214564  -0.113819  -0.100763
	  -0.000351   0.000773   0.001319   0.002605  -0.003076  -0.002699  -0.002244
	   0.002728   0.003105   0.003560  -0.002688
	   0.007558  -0.049371  -0.000211   0.008506  -0.003617   0.001264   0.001498
	  -0.006883  -0.001837   0.000923   0.002213  -0.113819   0.176578  -0.062754
	   0.000541   0.000126  -0.001905  -0.000804   0.001120   0.001213   0.000728
	  -0.000993  -0.000900  -0.001385   0.000846
	  -0.037141   0.019927   0.006103  -0.000432   0.000307  -0.000744  -0.000333
	   0.001526   0.001610  -0.001996   0.000859  -0.100763  -0.062754   0.163529
	  -0.000189  -0.000899   0.000584  -0.001797   0.001952   0.001482   0.001512
	  -0.001731  -0.002201  -0.002171   0.001839
	  -0.000816   0.000843   0.000179   0.000201   0.000046  -0.000015  -0.000003
	   0.000102  -0.043884  -0.044376   0.007523  -0.000351   0.000541  -0.000189
	   0.066511   0.007967   0.007159  -0.000052  -0.013119   0.013308  -0.000045
	  -0.013227   0.013201  -0.000152   0.000053
	  -0.001217   0.002471   0.000162  -0.000343   0.000152  -0.000069  -0.000068
	   0.000311  -0.043584   0.007417  -0.044277   0.000773   0.000126  -0.000899
	   0.007967   0.066226   0.007176  -0.000007   0.013262   0.000090  -0.013343
	   0.013249   0.000077  -0.013355   0.000007
	   0.003973  -0.002599  -0.000603   0.000369  -0.000061   0.000102   0.000066
	  -0.000215   0.007075  -0.042730  -0.043166   0.001319  -0.001905   0.000584
	   0.007159   0.007176   0.064464   0.000160  -0.000184  -0.013683   0.013430
	   0.000144  -0.013355   0.013758  -0.000163
	  -0.000978   0.004184  -0.000014  -0.001205   0.000279  -0.000132  -0.000156
	   0.000546   0.000125  -0.000043  -0.000186   0.002605  -0.000804  -0.001797
	  -0.000052  -0.000007   0.000160   0.008541  -0.001062  -0.001073  -0.001016
	   0.001047   0.001037   0.001093   0.006521
	   0.001112  -0.004543   0.000024   0.001393  -0.000299   0.000147   0.000175
	  -0.000589  -0.000145  -0.006539   0.006780  -0.003076   0.001120   0.001952
	  -0.013119   0.013262  -0.000184  -0.001062   0.015613  -0.004791  -0.004858
	   0.013389  -0.007015  -0.007082   0.001067
	   0.000672  -0.003206   0.000120   0.001438  -0.000202   0.000121   0.000152
	  -0.000403   0.006836  -0.000256  -0.006662  -0.002699   0.001213   0.001482
	   0.013308   0.000090  -0.013683  -0.001073  -0.004791   0.015825  -0.005044
	  -0.007037   0.013580  -0.007290   0.001078
	   0.000745  -0.003649  -0.000027   0.000740  -0.000256   0.000100   0.000117
	  -0.000494  -0.007011   0.006880   0.000408  -0.002244   0.000728   0.001512
	  -0.000045  -0.013343   0.013430  -0.001016  -0.004858  -0.005044   0.015730
	  -0.006985  -0.007172   0.013603   0.001019
	  -0.000931   0.004039  -0.000019  -0.001181   0.000269  -0.000127  -0.000152
	   0.000527   0.000107  -0.006619   0.006395   0.002728  -0.000993  -0.001731
	  -0.013227   0.013249   0.000144   0.001047   0.013389  -0.007037  -0.006985
	   0.015582  -0.004844  -0.004792  -0.001052
	  -0.001371   0.005376   0.000076  -0.001135   0.000366  -0.000153  -0.000175
	   0.000714   0.007087  -0.000336  -0.007047   0.003105  -0.000900  -0.002201
	   0.013201   0.000077  -0.013355   0.001037  -0.007015   0.013580  -0.007172
	  -0.004844   0.015751  -0.005000  -0.001041
	  -0.001298   0.004932  -0.000071  -0.001833   0.000311  -0.000174  -0.000209
	   0.000623  -0.006760   0.006800   0.000024   0.003560  -0.001385  -0.002171
	  -0.000152  -0.013355   0.013758   0.001093  -0.007082  -0.007290   0.013603
	  -0.004792  -0.005000   0.015893  -0.001100
	   0.001011  -0.004266   0.000020   0.001270  -0.000283   0.000136   0.000162
	  -0.000555  -0.000125   0.000040   0.000191  -0.002688   0.000846   0.001839
	   0.000053   0.000007  -0.000163   0.006521   0.001067   0.001078   0.001019
	  -0.001052  -0.001041  -0.001100   0.008551

2026-09-22:13:53:53,809 INFO     [psi4.optking.opt_helper:182] 
	         Geometry (au)                                       Gradient (au)
   0.1041337594   0.1639693128   0.0421081078		   0.0009784972  -0.0035593922   0.0000841860
   1.4383633769   1.9180090665   0.4674951058		  -0.0003911336   0.0012984789  -0.0000069393
   1.0038524955  -2.1169523335  -0.5058791146		   0.0004574676   0.0016212749   0.0001053715
   2.7987696420  -2.0313524521  -0.4765515483		  -0.0015033193   0.0000874776   0.0000115427
  -2.7326328683   0.2185404839   0.0398419099		   0.0003814840   0.0006815810  -0.0001782601
  -3.3760686194   2.1079481080   0.4577439181		   0.0001660035  -0.0001176279  -0.0000425755
  -3.4369417948  -0.3796444151  -1.7878414458		  -0.0001147039  -0.0000299076   0.0000729745
  -3.4484088093  -1.0940558431   1.4400663285		   0.0000257045   0.0000181153  -0.0000462997

2026-09-22:13:53:53,809 INFO     [psi4.optking.stepAlgorithms:368] 	Current Step Report 
 
	Current energy:      -227.8102733707
	Energy change for the previous step:
		Actual       :        -0.0001666046
		Projected    :        -0.0001574381

2026-09-22:13:53:53,809 INFO     [psi4.optking.stepAlgorithms:371] 	Energy ratio =    1.05822
2026-09-22:13:53:53,809 INFO     [psi4.optking.stepAlgorithms:929] 	Using RFO solution 1.
2026-09-22:13:53:53,810 INFO     [psi4.optking.displace:100] 	Determining Cartesian step for fragment 1.
2026-09-22:13:53:53,815 INFO     [psi4.optking.displace:415] 	Successfully converged to displaced geometry.
2026-09-22:13:53:53,815 INFO     [psi4.optking.displace:416] 	RMS(dx):  6.741e-09 	Max(dx):  1.741e-08 	RMS(dq):  9.464e-05
2026-09-22:13:53:53,817 INFO     [psi4.optking.displace:172] 

	        --- Internal Coordinate Step in ANG or DEG, aJ/ANG or AJ/DEG ---
	-------------------------------------------------------------------------------
	           Coordinate      Previous         Force          Change          New 
	           ----------      --------        ------          ------        ------
	               R(1,2)       1.18774       -0.00643       -0.00112       1.18662
	               R(1,3)       1.32953        0.01608        0.00339       1.33292
	               R(1,5)       1.50143        0.00369        0.00095       1.50238
	               R(3,4)       0.95104        0.01233        0.00120       0.95223
	               R(5,6)       1.07912        0.00140        0.00042       1.07954
	               R(5,7)       1.08375        0.00014       -0.00007       1.08369
	               R(5,8)       1.08396        0.00043       -0.00001       1.08394
	             B(1,3,4)     108.11051        0.00002        0.18904     108.29955
	             B(1,5,6)     109.45856        0.00002        0.10357     109.56213
	             B(1,5,7)     109.81183       -0.00002       -0.11116     109.70067
	             B(1,5,8)     109.66372        0.00000       -0.00377     109.65996
	             B(2,1,3)     122.54303       -0.00008       -0.11615     122.42688
	             B(2,1,5)     125.41220        0.00010        0.33849     125.75068
	             B(3,1,5)     112.04441       -0.00003       -0.25916     111.78525
	             B(6,5,7)     110.18154       -0.00000       -0.02214     110.15940
	             B(6,5,8)     110.08245       -0.00001       -0.02086     110.06160
	             B(7,5,8)     107.62000        0.00001        0.05203     107.67203
	           D(2,1,3,4)       0.16853       -0.00001       -1.14796      -0.97943
	           D(2,1,5,6)       0.84378        0.00001        1.01113       1.85491
	           D(2,1,5,7)     121.92109        0.00001        0.97928     122.90038
	           D(2,1,5,8)    -120.01836        0.00001        0.97414    -119.04422
	           D(3,1,5,6)    -178.94057       -0.00001       -1.38916    -180.32974
	           D(3,1,5,7)     -57.86326       -0.00001       -1.42101     -59.28427
	           D(3,1,5,8)      60.19729       -0.00002       -1.42615      58.77114
	           D(4,3,1,5)    -180.03996        0.00001        1.16100    -178.87897
	-------------------------------------------------------------------------------

2026-09-22:13:53:53,818 INFO     [psi4.optking.stepAlgorithms:113] 	|target step| :    0.0605000734
2026-09-22:13:53:53,818 INFO     [psi4.optking.stepAlgorithms:114] 	gradient     :   -0.0009645202
2026-09-22:13:53:53,818 INFO     [psi4.optking.stepAlgorithms:115] 	hessian      :    0.0158817268
2026-09-22:13:53:53,818 INFO     [psi4.optking.stepAlgorithms:113] 	|target step| :    0.0605056222
2026-09-22:13:53:53,818 INFO     [psi4.optking.stepAlgorithms:114] 	gradient     :   -0.0009645757
2026-09-22:13:53:53,818 INFO     [psi4.optking.stepAlgorithms:115] 	hessian      :    0.0158835555
2026-09-22:13:53:53,818 INFO     [psi4.optking.stepAlgorithms:206] 	Norm of achieved step-size    0.0605000734
2026-09-22:13:53:53,818 INFO     [psi4.optking.stepAlgorithms:208] 	Norm of achieved step-size (cart):    0.0493914788
2026-09-22:13:53:53,819 INFO     [psi4.optking.opt_helper:164] Molsys:

	                            ===> Fragment 1 <== 

	 Z (Atomic Numbers)          Masses                          Geom                  
	       6.000000            12.000000          0.10470963  0.17891656  0.01478977   
	       8.000000            15.994915          1.44400301  1.91962880  0.46700574   
	       8.000000            15.994915          1.00206308 -2.11764173 -0.50021216   
	       1.000000             1.007825          2.79953465 -2.04448487 -0.45788943   
	       6.000000            12.000000         -2.73399649  0.22041536  0.03696391   
	       1.000000             1.007825         -3.38622696  2.10415971  0.47034352   
	       1.000000             1.007825         -3.44734926 -0.37072544 -1.78935896   
	       1.000000             1.007825         -3.43167047 -1.10380647  1.43534087   

	 - Coordinate -           - BOHR/RAD -       - ANG/DEG -
	 R(1,2)           =         2.242384           1.186618
	 R(1,3)           =         2.518859           1.332923
	 R(1,5)           =         2.839096           1.502385
	 R(3,4)           =         1.799457           0.952232
	 R(5,6)           =         2.040028           1.079536
	 R(5,7)           =         2.047871           1.083687
	 R(5,8)           =         2.048358           1.083944
	 B(1,3,4)         =         1.890184         108.299551
	 B(1,5,6)         =         1.912220         109.562128
	 B(1,5,7)         =         1.914638         109.700669
	 B(1,5,8)         =         1.913927         109.659958
	 B(2,1,3)         =         2.136752         122.426878
	 B(2,1,5)         =         2.194763         125.750683
	 B(3,1,5)         =         1.951021         111.785250
	 B(6,5,7)         =         1.922644         110.159403
	 B(6,5,8)         =         1.920937         110.061598
	 B(7,5,8)         =         1.879231         107.672030
	 D(2,1,3,4)       =        -0.017094          -0.979430
	 D(2,1,5,6)       =         0.032374           1.854909
	 D(2,1,5,7)       =         2.145016         122.900377
	 D(2,1,5,8)       =        -2.077714        -119.044219
	 D(3,1,5,6)       =        -3.147348        -180.329735
	 D(3,1,5,7)       =        -1.034706         -59.284267
	 D(3,1,5,8)       =         1.025750          58.771137
	 D(4,3,1,5)       =        -3.122027        -178.878966

2026-09-22:13:53:53,819 INFO     [psi4.optking.convcheck:76] Performing convergence check.
2026-09-22:13:53:53,819 INFO     [psi4.optking.convcheck:282] 
	                                 ==> Convergence Check <==                                  
    
	Measures of convergence in internal coordinates in au.
    
	Criteria marked as inactive (o), active & met (*), and active & unmet ( ).

	----------------------------------------------------------------------------------------------
	   Step    Total Energy     Delta E     Max Force     RMS Force      Max Disp      RMS Disp   
	----------------------------------------------------------------------------------------------
	  Convergence Criteria     1.00e-06 *    3.00e-04 *             o    1.20e-03 *             o
	----------------------------------------------------------------------------------------------
	     3    -227.81027337   -1.67e-04      1.95e-03      6.43e-04 o    2.49e-02      1.21e-02 o  ~
	----------------------------------------------------------------------------------------------


2026-09-22:13:53:53,819 INFO     [psi4.optking.stepAlgorithms:296] 	Convergence check returned False
2026-09-22:13:53:53,827 INFO     [psi4.driver.task_planner:259] PLANNING Atomic:  keywords={'SCF__GUESS': 'READ', 'SCF__INTS_TOLERANCE': 1e-12, 'PRINT_TRAJECTORY_XYZ_FILE': 1, 'function_kwargs': {}}
2026-09-22:13:53:53,828 INFO     [psi4.driver.driver:638] Compute gradient(): method=scf, basis=6-31g*, molecule=default, nre=122.43300534338574
2026-09-22:13:53:54,88 INFO     [psi4.driver.driver:641] Return gradient(): -227.8102067225746
2026-09-22:13:53:54,88 INFO     [psi4.driver.driver:642] [[ 0.00046223  0.00235341 -0.00606161]
 [-0.00053150 -0.00085716  0.00217819]
 [ 0.00031538 -0.00065659  0.00177038]
 [ 0.00001745 -0.00034751 -0.00004947]
 [-0.00013376 -0.00057059  0.00198182]
 [-0.00003190  0.00003886  0.00013269]
 [ 0.00040907  0.00001261  0.00003186]
 [-0.00050696  0.00002697  0.00001616]]
2026-09-22:13:53:54,91 INFO     [psi4.optking.history:269] 	Performing BFGS update.
2026-09-22:13:53:54,91 INFO     [psi4.optking.history:280] 	Using 3 previous steps for update.
2026-09-22:13:53:54,93 INFO     [psi4.optking.history:317] 	Steps to be used in Hessian update:  3 2 1

2026-09-22:13:53:54,96 INFO     [psi4.optking.history:418] 	Updated Hessian (in au) 
 	   0.899796   0.112906   0.009008   0.017728   0.008645  -0.000735  -0.001929
	   0.014101   0.007560  -0.003378  -0.006971   0.021409   0.017088  -0.038120
	  -0.001828  -0.000282   0.004592   0.002968  -0.003662  -0.003334  -0.003617
	   0.003185   0.003513   0.003230  -0.003150
	   0.112906   0.507522  -0.021531  -0.019321  -0.004582   0.000646   0.002415
	  -0.005929  -0.008760   0.002907   0.006407   0.053154  -0.077241   0.023294
	   0.002930   0.000911  -0.004211  -0.003567   0.004175   0.004094   0.004503
	  -0.003433  -0.003514  -0.003106   0.003904
	   0.009008  -0.021531   0.324460  -0.004189  -0.001453  -0.000164   0.000691
	  -0.001324  -0.001609  -0.000517   0.002759   0.000086  -0.007178   0.006864
	   0.000800  -0.000368  -0.001021  -0.002448   0.002803   0.002450   0.002532
	  -0.002407  -0.002761  -0.002679   0.002584
	   0.017728  -0.019321  -0.004189   0.477354  -0.000743  -0.000882   0.001101
	   0.002156  -0.002029  -0.002536   0.005042   0.017574  -0.021843   0.003720
	   0.001728  -0.000964  -0.001270  -0.005702   0.006395   0.005598   0.005734
	  -0.005429  -0.006225  -0.006090   0.006036
	   0.008645  -0.004582  -0.001453  -0.000743   0.356181  -0.000004   0.000201
	   0.000212  -0.000467  -0.000081   0.000519   0.005458  -0.006132   0.000598
	   0.000248  -0.000009  -0.000207  -0.000502   0.000566   0.000523   0.000546
	  -0.000473  -0.000516  -0.000493   0.000539
	  -0.000735   0.000646  -0.000164  -0.000882  -0.000004   0.351324  -0.000155
	  -0.000207   0.000032   0.000359  -0.000483   0.000631  -0.000174  -0.000418
	  -0.000117   0.000154   0.000048   0.000586  -0.000666  -0.000567  -0.000570
	   0.000580   0.000679   0.000676  -0.000613
	  -0.001929   0.002415   0.000691   0.001101   0.000201  -0.000155   0.351209
	   0.000839   0.000178  -0.000828   0.000754  -0.000807   0.001154  -0.000413
	   0.000180  -0.000316   0.000024  -0.001097   0.001230   0.001041   0.001037
	  -0.001064  -0.001253  -0.001258   0.001147
	   0.014101  -0.005929  -0.001324   0.002156   0.000212  -0.000207   0.000839
	   0.161672  -0.000603  -0.001700   0.002523   0.006914  -0.008451   0.001270
	   0.000811  -0.000637  -0.000387  -0.003070   0.003465   0.003014   0.003043
	  -0.002977  -0.003428  -0.003399   0.003233
	   0.007560  -0.008760  -0.001609  -0.002029  -0.000467   0.000032   0.000178
	  -0.000603   0.114557  -0.018726  -0.018167   0.003383  -0.005592   0.002147
	  -0.043656  -0.043579   0.006872  -0.000313   0.000355   0.007210  -0.006463
	  -0.000310   0.006545  -0.007129   0.000341
	  -0.003378   0.002907  -0.000517  -0.002536  -0.000081   0.000359  -0.000828
	  -0.001700  -0.018726   0.118641  -0.020080   0.000254   0.001590  -0.001580
	  -0.045179   0.008383  -0.042532   0.003666  -0.010749  -0.003727   0.003230
	  -0.003034   0.003988   0.010946  -0.003844
	  -0.006971   0.006407   0.002759   0.005042   0.000519  -0.000483   0.000754
	   0.002523  -0.018167  -0.020080   0.119279  -0.005888   0.005920  -0.000266
	   0.008124  -0.045484  -0.043005  -0.004003   0.011117  -0.002997   0.003990
	   0.002690  -0.011424  -0.004437   0.004180
	   0.021409   0.053154   0.000086   0.017574   0.005458   0.000631  -0.000807
	   0.006914   0.003383   0.000254  -0.005888   0.194573  -0.089997  -0.104269
	  -0.001251   0.000804   0.002583   0.004684  -0.005077  -0.004318  -0.004502
	   0.004386   0.005145   0.004961  -0.004901
	   0.017088  -0.077241  -0.007178  -0.021843  -0.006132  -0.000174   0.001154
	  -0.008451  -0.005592   0.001590   0.005920  -0.089997   0.148213  -0.058629
	   0.001696  -0.000040  -0.003418  -0.003746   0.004036   0.003596   0.003875
	  -0.003430  -0.003870  -0.003591   0.003969
	  -0.038120   0.023294   0.006864   0.003720   0.000598  -0.000418  -0.000413
	   0.001270   0.002147  -0.001580  -0.000266  -0.104269  -0.058629   0.163024
	  -0.000500  -0.000663   0.000822  -0.000602   0.000662   0.000403   0.000310
	  -0.000627  -0.000887  -0.000980   0.000581
	  -0.001828   0.002930   0.000800   0.001728   0.000248  -0.000117   0.000180
	   0.000811  -0.043656  -0.045179   0.008124  -0.001251   0.001696  -0.000500
	   0.066655   0.007643   0.007185  -0.000973  -0.012070   0.014171   0.000822
	  -0.014111   0.012129  -0.001219   0.001015
	  -0.000282   0.000911  -0.000368  -0.000964  -0.000009   0.000154  -0.000316
	  -0.000637  -0.043579   0.008383  -0.045484   0.000804  -0.000040  -0.000663
	   0.007643   0.066639   0.007199   0.001464   0.011581  -0.001309  -0.014756
	   0.014667   0.001776  -0.011671  -0.001534
	   0.004592  -0.004211  -0.001021  -0.001270  -0.000207   0.000048   0.000024
	  -0.000387   0.006872  -0.042532  -0.043005   0.002583  -0.003418   0.000822
	   0.007185   0.007199   0.064299   0.000160  -0.000187  -0.013736   0.013512
	   0.000148  -0.013401   0.013848  -0.000160
	   0.002968  -0.003567  -0.002448  -0.005702  -0.000502   0.000586  -0.001097
	  -0.003070  -0.000313   0.003666  -0.004003   0.004684  -0.003746  -0.000602
	  -0.000973   0.001464   0.000160   0.013793  -0.006970  -0.006063  -0.006064
	   0.006168   0.007075   0.007075   0.001028
	  -0.003662   0.004175   0.002803   0.006395   0.000566  -0.000666   0.001230
	   0.003465   0.000355  -0.010749   0.011117  -0.005077   0.004036   0.000662
	  -0.012070   0.011581  -0.000187  -0.006970   0.022271   0.000818   0.000814
	   0.007637  -0.013816  -0.013820   0.007247
	  -0.003334   0.004094   0.002450   0.005598   0.000523  -0.000567   0.001041
	   0.003014   0.007210  -0.003727  -0.002997  -0.004318   0.003596   0.000403
	   0.014171  -0.001309  -0.013736  -0.006063   0.000818   0.020547  -0.000229
	  -0.011905   0.007824  -0.012952   0.006298
	  -0.003617   0.004503   0.002532   0.005734   0.000546  -0.000570   0.001037
	   0.003043  -0.006463   0.003230   0.003990  -0.004502   0.003875   0.000310
	   0.000822  -0.014756   0.013512  -0.006064   0.000814  -0.000229   0.020547
	  -0.011912  -0.012955   0.007821   0.006298
	   0.003185  -0.003433  -0.002407  -0.005429  -0.000473   0.000580  -0.001064
	  -0.002977  -0.000310  -0.003034   0.002690   0.004386  -0.003430  -0.000627
	  -0.014111   0.014667   0.000148   0.006168   0.007637  -0.011905  -0.011912
	   0.020584   0.001043   0.001036  -0.006409
	   0.003513  -0.003514  -0.002761  -0.006225  -0.000516   0.000679  -0.001253
	  -0.003428   0.006545   0.003988  -0.011424   0.005145  -0.003870  -0.000887
	   0.012129   0.001776  -0.013401   0.007075  -0.013816   0.007824  -0.012955
	   0.001043   0.022682   0.001904  -0.007358
	   0.003230  -0.003106  -0.002679  -0.006090  -0.000493   0.000676  -0.001258
	  -0.003399  -0.007129   0.010946  -0.004437   0.004961  -0.003591  -0.000980
	  -0.001219  -0.011671   0.013848   0.007075  -0.013820  -0.012952   0.007821
	   0.001036   0.001904   0.022677  -0.007358
	  -0.003150   0.003904   0.002584   0.006036   0.000539  -0.000613   0.001147
	   0.003233   0.000341  -0.003844   0.004180  -0.004901   0.003969   0.000581
	   0.001015  -0.001534  -0.000160   0.001028   0.007247   0.006298   0.006298
	  -0.006409  -0.007358  -0.007358   0.014296

2026-09-22:13:53:54,98 INFO     [psi4.optking.molsys:944] Projected (PHP) Hessian matrix
	   0.899796   0.112906   0.009008   0.017728   0.008645  -0.000735  -0.001929
	   0.014101   0.007560  -0.003378  -0.006971   0.021409   0.017088  -0.038120
	  -0.001828  -0.000282   0.004592   0.002968  -0.003662  -0.003334  -0.003617
	   0.003185   0.003513   0.003230  -0.003150
	   0.112906   0.507522  -0.021531  -0.019321  -0.004582   0.000646   0.002415
	  -0.005929  -0.008760   0.002907   0.006407   0.053154  -0.077241   0.023294
	   0.002930   0.000911  -0.004211  -0.003567   0.004175   0.004094   0.004503
	  -0.003433  -0.003514  -0.003106   0.003904
	   0.009008  -0.021531   0.324460  -0.004189  -0.001453  -0.000164   0.000691
	  -0.001324  -0.001609  -0.000517   0.002759   0.000086  -0.007178   0.006864
	   0.000800  -0.000368  -0.001021  -0.002448   0.002803   0.002450   0.002532
	  -0.002407  -0.002761  -0.002679   0.002584
	   0.017728  -0.019321  -0.004189   0.477354  -0.000743  -0.000882   0.001101
	   0.002156  -0.002029  -0.002536   0.005042   0.017574  -0.021843   0.003720
	   0.001728  -0.000964  -0.001270  -0.005702   0.006395   0.005598   0.005734
	  -0.005429  -0.006225  -0.006090   0.006036
	   0.008645  -0.004582  -0.001453  -0.000743   0.356181  -0.000004   0.000201
	   0.000212  -0.000467  -0.000081   0.000519   0.005458  -0.006132   0.000598
	   0.000248  -0.000009  -0.000207  -0.000502   0.000566   0.000523   0.000546
	  -0.000473  -0.000516  -0.000493   0.000539
	  -0.000735   0.000646  -0.000164  -0.000882  -0.000004   0.351324  -0.000155
	  -0.000207   0.000032   0.000359  -0.000483   0.000631  -0.000174  -0.000418
	  -0.000117   0.000154   0.000048   0.000586  -0.000666  -0.000567  -0.000570
	   0.000580   0.000679   0.000676  -0.000613
	  -0.001929   0.002415   0.000691   0.001101   0.000201  -0.000155   0.351209
	   0.000839   0.000178  -0.000828   0.000754  -0.000807   0.001154  -0.000413
	   0.000180  -0.000316   0.000024  -0.001097   0.001230   0.001041   0.001037
	  -0.001064  -0.001253  -0.001258   0.001147
	   0.014101  -0.005929  -0.001324   0.002156   0.000212  -0.000207   0.000839
	   0.161672  -0.000603  -0.001700   0.002523   0.006914  -0.008451   0.001270
	   0.000811  -0.000637  -0.000387  -0.003070   0.003465   0.003014   0.003043
	  -0.002977  -0.003428  -0.003399   0.003233
	   0.007560  -0.008760  -0.001609  -0.002029  -0.000467   0.000032   0.000178
	  -0.000603   0.114557  -0.018726  -0.018167   0.003383  -0.005592   0.002147
	  -0.043656  -0.043579   0.006872  -0.000313   0.000355   0.007210  -0.006463
	  -0.000310   0.006545  -0.007129   0.000341
	  -0.003378   0.002907  -0.000517  -0.002536  -0.000081   0.000359  -0.000828
	  -0.001700  -0.018726   0.118641  -0.020080   0.000254   0.001590  -0.001580
	  -0.045179   0.008383  -0.042532   0.003666  -0.010749  -0.003727   0.003230
	  -0.003034   0.003988   0.010946  -0.003844
	  -0.006971   0.006407   0.002759   0.005042   0.000519  -0.000483   0.000754
	   0.002523  -0.018167  -0.020080   0.119279  -0.005888   0.005920  -0.000266
	   0.008124  -0.045484  -0.043005  -0.004003   0.011117  -0.002997   0.003990
	   0.002690  -0.011424  -0.004437   0.004180
	   0.021409   0.053154   0.000086   0.017574   0.005458   0.000631  -0.000807
	   0.006914   0.003383   0.000254  -0.005888   0.194573  -0.089997  -0.104269
	  -0.001251   0.000804   0.002583   0.004684  -0.005077  -0.004318  -0.004502
	   0.004386   0.005145   0.004961  -0.004901
	   0.017088  -0.077241  -0.007178  -0.021843  -0.006132  -0.000174   0.001154
	  -0.008451  -0.005592   0.001590   0.005920  -0.089997   0.148213  -0.058629
	   0.001696  -0.000040  -0.003418  -0.003746   0.004036   0.003596   0.003875
	  -0.003430  -0.003870  -0.003591   0.003969
	  -0.038120   0.023294   0.006864   0.003720   0.000598  -0.000418  -0.000413
	   0.001270   0.002147  -0.001580  -0.000266  -0.104269  -0.058629   0.163024
	  -0.000500  -0.000663   0.000822  -0.000602   0.000662   0.000403   0.000310
	  -0.000627  -0.000887  -0.000980   0.000581
	  -0.001828   0.002930   0.000800   0.001728   0.000248  -0.000117   0.000180
	   0.000811  -0.043656  -0.045179   0.008124  -0.001251   0.001696  -0.000500
	   0.066655   0.007643   0.007185  -0.000973  -0.012070   0.014171   0.000822
	  -0.014111   0.012129  -0.001219   0.001015
	  -0.000282   0.000911  -0.000368  -0.000964  -0.000009   0.000154  -0.000316
	  -0.000637  -0.043579   0.008383  -0.045484   0.000804  -0.000040  -0.000663
	   0.007643   0.066639   0.007199   0.001464   0.011581  -0.001309  -0.014756
	   0.014667   0.001776  -0.011671  -0.001534
	   0.004592  -0.004211  -0.001021  -0.001270  -0.000207   0.000048   0.000024
	  -0.000387   0.006872  -0.042532  -0.043005   0.002583  -0.003418   0.000822
	   0.007185   0.007199   0.064299   0.000160  -0.000187  -0.013736   0.013512
	   0.000148  -0.013401   0.013848  -0.000160
	   0.002968  -0.003567  -0.002448  -0.005702  -0.000502   0.000586  -0.001097
	  -0.003070  -0.000313   0.003666  -0.004003   0.004684  -0.003746  -0.000602
	  -0.000973   0.001464   0.000160   0.013793  -0.006970  -0.006063  -0.006064
	   0.006168   0.007075   0.007075   0.001028
	  -0.003662   0.004175   0.002803   0.006395   0.000566  -0.000666   0.001230
	   0.003465   0.000355  -0.010749   0.011117  -0.005077   0.004036   0.000662
	  -0.012070   0.011581  -0.000187  -0.006970   0.022271   0.000818   0.000814
	   0.007637  -0.013816  -0.013820   0.007247
	  -0.003334   0.004094   0.002450   0.005598   0.000523  -0.000567   0.001041
	   0.003014   0.007210  -0.003727  -0.002997  -0.004318   0.003596   0.000403
	   0.014171  -0.001309  -0.013736  -0.006063   0.000818   0.020547  -0.000229
	  -0.011905   0.007824  -0.012952   0.006298
	  -0.003617   0.004503   0.002532   0.005734   0.000546  -0.000570   0.001037
	   0.003043  -0.006463   0.003230   0.003990  -0.004502   0.003875   0.000310
	   0.000822  -0.014756   0.013512  -0.006064   0.000814  -0.000229   0.020547
	  -0.011912  -0.012955   0.007821   0.006298
	   0.003185  -0.003433  -0.002407  -0.005429  -0.000473   0.000580  -0.001064
	  -0.002977  -0.000310  -0.003034   0.002690   0.004386  -0.003430  -0.000627
	  -0.014111   0.014667   0.000148   0.006168   0.007637  -0.011905  -0.011912
	   0.020584   0.001043   0.001036  -0.006409
	   0.003513  -0.003514  -0.002761  -0.006225  -0.000516   0.000679  -0.001253
	  -0.003428   0.006545   0.003988  -0.011424   0.005145  -0.003870  -0.000887
	   0.012129   0.001776  -0.013401   0.007075  -0.013816   0.007824  -0.012955
	   0.001043   0.022682   0.001904  -0.007358
	   0.003230  -0.003106  -0.002679  -0.006090  -0.000493   0.000676  -0.001258
	  -0.003399  -0.007129   0.010946  -0.004437   0.004961  -0.003591  -0.000980
	  -0.001219  -0.011671   0.013848   0.007075  -0.013820  -0.012952   0.007821
	   0.001036   0.001904   0.022677  -0.007358
	  -0.003150   0.003904   0.002584   0.006036   0.000539  -0.000613   0.001147
	   0.003233   0.000341  -0.003844   0.004180  -0.004901   0.003969   0.000581
	   0.001015  -0.001534  -0.000160   0.001028   0.007247   0.006298   0.006298
	  -0.006409  -0.007358  -0.007358   0.014296

2026-09-22:13:53:54,98 INFO     [psi4.optking.opt_helper:182] 
	         Geometry (au)                                       Gradient (au)
   0.1038925070   0.1756034833   0.0190270529		   0.0004622292   0.0023534148  -0.0060616142
   1.4431858897   1.9163157245   0.4712430169		  -0.0005314998  -0.0008571639   0.0021781867
   1.0012459593  -2.1209548139  -0.4959748752		   0.0003153790  -0.0006565900   0.0017703774
   2.7987175307  -2.0477979477  -0.4536521438		   0.0000174450  -0.0003475144  -0.0000494721
  -2.7348136052   0.2171022795   0.0412011934		  -0.0001337649  -0.0005705896   0.0019818170
  -3.3870440806   2.1008466272   0.4745807990		  -0.0000319022   0.0000388592   0.0001326863
  -3.4481663835  -0.3740385216  -1.7851216772		   0.0004090749   0.0000126111   0.0000318634
  -3.4324875935  -1.1071195475   1.4395781487		  -0.0005069612   0.0000269728   0.0000161556

2026-09-22:13:53:54,98 INFO     [psi4.optking.stepAlgorithms:368] 	Current Step Report 
 
	Current energy:      -227.8102067226
	Energy change for the previous step:
		Actual       :         0.0000666481
		Projected    :        -0.0000291811

2026-09-22:13:53:54,98 INFO     [psi4.optking.stepAlgorithms:371] 	Energy ratio =   -2.28395
2026-09-22:13:53:54,98 WARNING  [psi4.optking.stepAlgorithms:379] 	Energy has increased in a minimization.
2026-09-22:13:53:54,99 WARNING  [psi4.optking.stepAlgorithms:418] 	Energy ratio indicates iffy step.
2026-09-22:13:53:54,99 WARNING  [psi4.optking.stepAlgorithms:419] 	Intrafrag trust radius decreased to   0.25.
2026-09-22:13:53:54,99 INFO     [psi4.optking.stepAlgorithms:336] 	Near start of optimization, so ignoring bad step.

2026-09-22:13:53:54,99 INFO     [psi4.optking.stepAlgorithms:929] 	Using RFO solution 1.
2026-09-22:13:53:54,100 INFO     [psi4.optking.displace:100] 	Determining Cartesian step for fragment 1.
2026-09-22:13:53:54,104 INFO     [psi4.optking.displace:415] 	Successfully converged to displaced geometry.
2026-09-22:13:53:54,104 INFO     [psi4.optking.displace:416] 	RMS(dx):  5.656e-09 	Max(dx):  1.433e-08 	RMS(dq):  9.927e-05
2026-09-22:13:53:54,107 INFO     [psi4.optking.displace:172] 

	        --- Internal Coordinate Step in ANG or DEG, aJ/ANG or AJ/DEG ---
	-------------------------------------------------------------------------------
	           Coordinate      Previous         Force          Change          New 
	           ----------      --------        ------          ------        ------
	               R(1,2)       1.18662        0.00448       -0.00014       1.18648
	               R(1,3)       1.33292       -0.00562        0.00069       1.33361
	               R(1,5)       1.50238       -0.00225        0.00040       1.50279
	               R(3,4)       0.95223       -0.00002        0.00135       0.95358
	               R(5,6)       1.07954       -0.00061        0.00012       1.07965
	               R(5,7)       1.08369        0.00144        0.00011       1.08380
	               R(5,8)       1.08394       -0.00137        0.00002       1.08396
	             B(1,3,4)     108.29955       -0.00005       -0.00286     108.29670
	             B(1,5,6)     109.56213        0.00000        0.05387     109.61600
	             B(1,5,7)     109.70067        0.00005        0.00704     109.70771
	             B(1,5,8)     109.65996       -0.00006       -0.07011     109.58985
	             B(2,1,3)     122.42688       -0.00002       -0.23376     122.19312
	             B(2,1,5)     125.75068        0.00002        0.27228     126.02296
	             B(3,1,5)     111.78525        0.00001       -0.00187     111.78338
	             B(6,5,7)     110.15940       -0.00002       -0.01058     110.14882
	             B(6,5,8)     110.06160        0.00002        0.00882     110.07042
	             B(7,5,8)     107.67203        0.00000        0.00939     107.68142
	           D(2,1,3,4)      -0.97943        0.00008        1.15846       0.17903
	           D(2,1,5,6)       1.85491       -0.00009       -1.27049       0.58442
	           D(2,1,5,7)     122.90038       -0.00008       -1.24505     121.65533
	           D(2,1,5,8)    -119.04422       -0.00008       -1.27119    -120.31540
	           D(3,1,5,6)    -180.32974        0.00008        1.17924    -179.15049
	           D(3,1,5,7)     -59.28427        0.00009        1.20468     -58.07958
	           D(3,1,5,8)      58.77114        0.00009        1.17854      59.94968
	           D(4,3,1,5)    -178.87897       -0.00008       -1.19535    -180.07432
	-------------------------------------------------------------------------------

2026-09-22:13:53:54,107 INFO     [psi4.optking.stepAlgorithms:113] 	|target step| :    0.0603289948
2026-09-22:13:53:54,107 INFO     [psi4.optking.stepAlgorithms:114] 	gradient     :   -0.0031302339
2026-09-22:13:53:54,107 INFO     [psi4.optking.stepAlgorithms:115] 	hessian      :    0.0516901117
2026-09-22:13:53:54,107 INFO     [psi4.optking.stepAlgorithms:113] 	|target step| :    0.0603351064
2026-09-22:13:53:54,107 INFO     [psi4.optking.stepAlgorithms:114] 	gradient     :   -0.0031303447
2026-09-22:13:53:54,107 INFO     [psi4.optking.stepAlgorithms:115] 	hessian      :    0.0516937718
2026-09-22:13:53:54,107 INFO     [psi4.optking.stepAlgorithms:206] 	Norm of achieved step-size    0.0603289948
2026-09-22:13:53:54,107 INFO     [psi4.optking.stepAlgorithms:208] 	Norm of achieved step-size (cart):    0.0438130067
2026-09-22:13:53:54,108 INFO     [psi4.optking.opt_helper:164] Molsys:

	                            ===> Fragment 1 <== 

	 Z (Atomic Numbers)          Masses                          Geom                  
	       6.000000            12.000000          0.10269564  0.17046090  0.04825628   
	       8.000000            15.994915          1.44953366  1.91369906  0.46571778   
	       8.000000            15.994915          1.00119754 -2.11989108 -0.49778821   
	       1.000000             1.007825          2.80134630 -2.04229303 -0.47211969   
	       6.000000            12.000000         -2.73677411  0.21697459  0.04478064   
	       1.000000             1.007825         -3.39142734  2.10297070  0.46555639   
	       1.000000             1.007825         -3.43506761 -0.38021978 -1.78562444   
	       1.000000             1.007825         -3.44697386 -1.10174407  1.44210276   

	 - Coordinate -           - BOHR/RAD -       - ANG/DEG -
	 R(1,2)           =         2.242125           1.186482
	 R(1,3)           =         2.520155           1.333609
	 R(1,5)           =         2.839853           1.502785
	 R(3,4)           =         1.802003           0.953579
	 R(5,6)           =         2.040246           1.079652
	 R(5,7)           =         2.048081           1.083798
	 R(5,8)           =         2.048392           1.083963
	 B(1,3,4)         =         1.890134         108.296696
	 B(1,5,6)         =         1.913160         109.616000
	 B(1,5,7)         =         1.914761         109.707713
	 B(1,5,8)         =         1.912704         109.589850
	 B(2,1,3)         =         2.132672         122.193116
	 B(2,1,5)         =         2.199516         126.022958
	 B(3,1,5)         =         1.950988         111.783382
	 B(6,5,7)         =         1.922460         110.148821
	 B(6,5,8)         =         1.921091         110.070415
	 B(7,5,8)         =         1.879395         107.681423
	 D(2,1,3,4)       =         0.003125           0.179031
	 D(2,1,5,6)       =         0.010200           0.584423
	 D(2,1,5,7)       =         2.123286         121.655331
	 D(2,1,5,8)       =        -2.099900        -120.315404
	 D(3,1,5,6)       =        -3.126766        -179.150491
	 D(3,1,5,7)       =        -1.013680         -58.079584
	 D(3,1,5,8)       =         1.046319          59.949681
	 D(4,3,1,5)       =        -3.142890        -180.074316

2026-09-22:13:53:54,108 INFO     [psi4.optking.convcheck:76] Performing convergence check.
2026-09-22:13:53:54,108 INFO     [psi4.optking.convcheck:282] 
	                                 ==> Convergence Check <==                                  
    
	Measures of convergence in internal coordinates in au.
    
	Criteria marked as inactive (o), active & met (*), and active & unmet ( ).

	----------------------------------------------------------------------------------------------
	   Step    Total Energy     Delta E     Max Force     RMS Force      Max Disp      RMS Disp   
	----------------------------------------------------------------------------------------------
	  Convergence Criteria     1.00e-06 *    3.00e-04 *             o    1.20e-03 *             o
	----------------------------------------------------------------------------------------------
	     4    -227.81020672    6.66e-05      1.22e-03      7.06e-04 o    2.22e-02      1.21e-02 o  ~
	----------------------------------------------------------------------------------------------


2026-09-22:13:53:54,108 INFO     [psi4.optking.stepAlgorithms:296] 	Convergence check returned False
2026-09-22:13:53:54,117 INFO     [psi4.driver.task_planner:259] PLANNING Atomic:  keywords={'SCF__GUESS': 'READ', 'SCF__INTS_TOLERANCE': 1e-12, 'PRINT_TRAJECTORY_XYZ_FILE': 1, 'function_kwargs': {}}
2026-09-22:13:53:54,117 INFO     [psi4.driver.driver:638] Compute gradient(): method=scf, basis=6-31g*, molecule=default, nre=122.40418056178896
2026-09-22:13:53:54,376 INFO     [psi4.driver.driver:641] Return gradient(): -227.81027872510825
2026-09-22:13:53:54,376 INFO     [psi4.driver.driver:642] [[-0.00080716  0.00176690  0.00145018]
 [ 0.00031242 -0.00108462 -0.00061010]
 [-0.00034257 -0.00012157 -0.00034404]
 [ 0.00159929 -0.00042109 -0.00009663]
 [-0.00048913 -0.00021966 -0.00043228]
 [-0.00011340  0.00011066  0.00000980]
 [-0.00015552 -0.00001467 -0.00003225]
 [-0.00000393 -0.00001595  0.00005530]]
2026-09-22:13:53:54,379 INFO     [psi4.optking.history:269] 	Performing BFGS update.
2026-09-22:13:53:54,380 INFO     [psi4.optking.history:280] 	Using 4 previous steps for update.
2026-09-22:13:53:54,382 INFO     [psi4.optking.history:317] 	Steps to be used in Hessian update:  4 3 2 1

2026-09-22:13:53:54,386 INFO     [psi4.optking.history:418] 	Updated Hessian (in au) 
 	   0.912684   0.093597  -0.003232  -0.011976   0.006236  -0.002493  -0.002587
	   0.001590   0.005651  -0.006672  -0.004331   0.045649  -0.003916  -0.041645
	   0.000125  -0.000055   0.005023   0.000583   0.001308   0.000761   0.000611
	  -0.001129  -0.001676  -0.001826  -0.000631
	   0.093597   0.531157  -0.004266   0.015427  -0.001483   0.002559   0.003445
	   0.014408  -0.007090   0.007407   0.004640   0.025278  -0.054958   0.029396
	   0.000489   0.000089  -0.005405   0.000283  -0.000290   0.000573   0.001108
	   0.000368   0.001232   0.001766  -0.000025
	  -0.003232  -0.004266   0.335611   0.022305   0.000689   0.001414   0.001271
	   0.010092   0.000074   0.002533   0.000396  -0.021898   0.011735   0.010180
	  -0.000983  -0.000579  -0.001439   0.000947  -0.001329  -0.000882  -0.000913
	   0.001125   0.001571   0.001541  -0.000932
	  -0.011976   0.015427   0.022305   0.529428   0.003890   0.002037   0.002653
	   0.033747   0.000318   0.004692   0.002404  -0.024640   0.011036   0.013549
	  -0.002031  -0.002210  -0.003258   0.000342  -0.000559   0.000100   0.000502
	   0.000502   0.001161   0.001563  -0.000129
	   0.006236  -0.001483   0.000689   0.003890   0.356575   0.000261   0.000320
	   0.002584  -0.000209   0.000492   0.000194   0.001658  -0.002979   0.001303
	  -0.000074  -0.000083  -0.000324   0.000136  -0.000072   0.000019   0.000041
	   0.000068   0.000159   0.000180  -0.000114
	  -0.002493   0.002559   0.001414   0.002037   0.000261   0.351481  -0.000054
	   0.001756   0.000140   0.000774  -0.000567  -0.001723   0.001561   0.000216
	  -0.000326   0.000061  -0.000090   0.000862  -0.001009  -0.000836  -0.000813
	   0.000873   0.001046   0.001069  -0.000892
	  -0.002587   0.003445   0.001271   0.002653   0.000320  -0.000054   0.351228
	   0.001346   0.000296  -0.000644   0.000550  -0.002128   0.002363  -0.000282
	   0.000071  -0.000304   0.000022  -0.000796   0.000939   0.000806   0.000786
	  -0.000817  -0.000950  -0.000970   0.000835
	   0.001590   0.014408   0.010092   0.033747   0.002584   0.001756   0.001346
	   0.171425   0.001818   0.001444  -0.001174  -0.019870   0.016072   0.003838
	  -0.001227  -0.000532  -0.000386   0.001876  -0.001817  -0.001255  -0.001570
	   0.001515   0.002077   0.001761  -0.001908
	   0.005651  -0.007090   0.000074   0.000318  -0.000209   0.000140   0.000296
	   0.001818   0.114607  -0.018267  -0.018122   0.001632  -0.004601   0.002939
	  -0.043773  -0.043752   0.006661  -0.000224   0.000195   0.007032  -0.006539
	  -0.000112   0.006725  -0.006846   0.000260
	  -0.006672   0.007407   0.002533   0.004692   0.000492   0.000774  -0.000644
	   0.001444  -0.018267   0.119373  -0.020557  -0.005803   0.006682  -0.000602
	  -0.045690   0.008285  -0.042647   0.004463  -0.011759  -0.004493   0.002418
	  -0.002219   0.005047   0.011957  -0.004668
	  -0.004331   0.004640   0.000396   0.002404   0.000194  -0.000567   0.000550
	  -0.001174  -0.018122  -0.020557   0.118816  -0.004004   0.005339  -0.001559
	   0.008325  -0.045277  -0.042544  -0.003811   0.011099  -0.003028   0.003748
	   0.002748  -0.011379  -0.004604   0.003960
	   0.045649   0.025278  -0.021898  -0.024640   0.001658  -0.001723  -0.002128
	  -0.019870   0.001632  -0.005803  -0.004004   0.228346  -0.115686  -0.112744
	   0.001814   0.001907   0.004371  -0.001364   0.000005  -0.000397  -0.000872
	   0.000109  -0.000293  -0.000768   0.001230
	  -0.003916  -0.054958   0.011735   0.011036  -0.002979   0.001561   0.002363
	   0.016072  -0.004601   0.006682   0.005339  -0.115686   0.166419  -0.050803
	  -0.000762  -0.001261  -0.005261   0.001012   0.000773   0.001168   0.001867
	  -0.000714  -0.000319   0.000380  -0.000802
	  -0.041645   0.029396   0.010180   0.013549   0.001303   0.000216  -0.000282
	   0.003838   0.002939  -0.000602  -0.001559  -0.112744  -0.050803   0.163727
	  -0.001129  -0.000571   0.000868   0.000748  -0.001231  -0.001162  -0.001381
	   0.001006   0.001075   0.000856  -0.000839
	   0.000125   0.000489  -0.000983  -0.002031  -0.000074  -0.000326   0.000071
	  -0.001227  -0.043773  -0.045690   0.008325   0.001814  -0.000762  -0.001129
	   0.066888   0.007706   0.007304  -0.001349  -0.011591   0.014565   0.001210
	  -0.014540   0.011616  -0.001739   0.001401
	  -0.000055   0.000089  -0.000579  -0.002210  -0.000083   0.000061  -0.000304
	  -0.000532  -0.043752   0.008285  -0.045277   0.001907  -0.001261  -0.000571
	   0.007706   0.066651   0.007134   0.001154   0.011855  -0.001051  -0.014418
	   0.014361   0.001455  -0.011912  -0.001207
	   0.005023  -0.005405  -0.001439  -0.003258  -0.000324  -0.000090   0.000022
	  -0.000386   0.006661  -0.042647  -0.042544   0.004371  -0.005261   0.000868
	   0.007304   0.007134   0.064163  -0.000231   0.000226  -0.013423   0.013949
	  -0.000214  -0.013863   0.013509   0.000251
	   0.000583   0.000283   0.000947   0.000342   0.000136   0.000862  -0.000796
	   0.001876  -0.000224   0.004463  -0.003811  -0.001364   0.001012   0.000748
	  -0.001349   0.001154  -0.000231   0.013941  -0.007317  -0.006309  -0.006207
	   0.006469   0.007477   0.007580   0.000898
	   0.001308  -0.000290  -0.001329  -0.000559  -0.000072  -0.001009   0.000939
	  -0.001817   0.000195  -0.011759   0.011099   0.000005   0.000773  -0.001231
	  -0.011591   0.011855   0.000226  -0.007317   0.022916   0.001309   0.001200
	   0.007099  -0.014507  -0.014617   0.007588
	   0.000761   0.000573  -0.000882   0.000100   0.000019  -0.000836   0.000806
	  -0.001255   0.007032  -0.004493  -0.003028  -0.000397   0.001168  -0.001162
	   0.014565  -0.001051  -0.013423  -0.006309   0.001309   0.020908   0.000084
	  -0.012325   0.007273  -0.013551   0.006538
	   0.000611   0.001108  -0.000913   0.000502   0.000041  -0.000813   0.000786
	  -0.001570  -0.006539   0.002418   0.003748  -0.000872   0.001867  -0.001381
	   0.001210  -0.014418   0.013949  -0.006207   0.001200   0.000084   0.020746
	  -0.012272  -0.013388   0.007274   0.006428
	  -0.001129   0.000368   0.001125   0.000502   0.000068   0.000873  -0.000817
	   0.001515  -0.000112  -0.002219   0.002748   0.000109  -0.000714   0.001006
	  -0.014540   0.014361  -0.000214   0.006469   0.007099  -0.012325  -0.012272
	   0.021069   0.001644   0.001697  -0.006705
	  -0.001676   0.001232   0.001571   0.001161   0.000159   0.001046  -0.000950
	   0.002077   0.006725   0.005047  -0.011379  -0.000293  -0.000319   0.001075
	   0.011616   0.001455  -0.013863   0.007477  -0.014507   0.007273  -0.013388
	   0.001644   0.023424   0.002763  -0.007755
	  -0.001826   0.001766   0.001541   0.001563   0.000180   0.001069  -0.000970
	   0.001761  -0.006846   0.011957  -0.004604  -0.000768   0.000380   0.000856
	  -0.001739  -0.011912   0.013509   0.007580  -0.014617  -0.013551   0.007274
	   0.001697   0.002763   0.023588  -0.007865
	  -0.000631  -0.000025  -0.000932  -0.000129  -0.000114  -0.000892   0.000835
	  -0.001908   0.000260  -0.004668   0.003960   0.001230  -0.000802  -0.000839
	   0.001401  -0.001207   0.000251   0.000898   0.007588   0.006538   0.006428
	  -0.006705  -0.007755  -0.007865   0.014408

2026-09-22:13:53:54,387 INFO     [psi4.optking.molsys:944] Projected (PHP) Hessian matrix
	   0.912684   0.093597  -0.003232  -0.011976   0.006236  -0.002493  -0.002587
	   0.001590   0.005651  -0.006672  -0.004331   0.045649  -0.003916  -0.041645
	   0.000125  -0.000055   0.005023   0.000583   0.001308   0.000761   0.000611
	  -0.001129  -0.001676  -0.001826  -0.000631
	   0.093597   0.531157  -0.004266   0.015427  -0.001483   0.002559   0.003445
	   0.014408  -0.007090   0.007407   0.004640   0.025278  -0.054958   0.029396
	   0.000489   0.000089  -0.005405   0.000283  -0.000290   0.000573   0.001108
	   0.000368   0.001232   0.001766  -0.000025
	  -0.003232  -0.004266   0.335611   0.022305   0.000689   0.001414   0.001271
	   0.010092   0.000074   0.002533   0.000396  -0.021898   0.011735   0.010180
	  -0.000983  -0.000579  -0.001439   0.000947  -0.001329  -0.000882  -0.000913
	   0.001125   0.001571   0.001541  -0.000932
	  -0.011976   0.015427   0.022305   0.529428   0.003890   0.002037   0.002653
	   0.033747   0.000318   0.004692   0.002404  -0.024640   0.011036   0.013549
	  -0.002031  -0.002210  -0.003258   0.000342  -0.000559   0.000100   0.000502
	   0.000502   0.001161   0.001563  -0.000129
	   0.006236  -0.001483   0.000689   0.003890   0.356575   0.000261   0.000320
	   0.002584  -0.000209   0.000492   0.000194   0.001658  -0.002979   0.001303
	  -0.000074  -0.000083  -0.000324   0.000136  -0.000072   0.000019   0.000041
	   0.000068   0.000159   0.000180  -0.000114
	  -0.002493   0.002559   0.001414   0.002037   0.000261   0.351481  -0.000054
	   0.001756   0.000140   0.000774  -0.000567  -0.001723   0.001561   0.000216
	  -0.000326   0.000061  -0.000090   0.000862  -0.001009  -0.000836  -0.000813
	   0.000873   0.001046   0.001069  -0.000892
	  -0.002587   0.003445   0.001271   0.002653   0.000320  -0.000054   0.351228
	   0.001346   0.000296  -0.000644   0.000550  -0.002128   0.002363  -0.000282
	   0.000071  -0.000304   0.000022  -0.000796   0.000939   0.000806   0.000786
	  -0.000817  -0.000950  -0.000970   0.000835
	   0.001590   0.014408   0.010092   0.033747   0.002584   0.001756   0.001346
	   0.171425   0.001818   0.001444  -0.001174  -0.019870   0.016072   0.003838
	  -0.001227  -0.000532  -0.000386   0.001876  -0.001817  -0.001255  -0.001570
	   0.001515   0.002077   0.001761  -0.001908
	   0.005651  -0.007090   0.000074   0.000318  -0.000209   0.000140   0.000296
	   0.001818   0.114607  -0.018267  -0.018122   0.001632  -0.004601   0.002939
	  -0.043773  -0.043752   0.006661  -0.000224   0.000195   0.007032  -0.006539
	  -0.000112   0.006725  -0.006846   0.000260
	  -0.006672   0.007407   0.002533   0.004692   0.000492   0.000774  -0.000644
	   0.001444  -0.018267   0.119373  -0.020557  -0.005803   0.006682  -0.000602
	  -0.045690   0.008285  -0.042647   0.004463  -0.011759  -0.004493   0.002418
	  -0.002219   0.005047   0.011957  -0.004668
	  -0.004331   0.004640   0.000396   0.002404   0.000194  -0.000567   0.000550
	  -0.001174  -0.018122  -0.020557   0.118816  -0.004004   0.005339  -0.001559
	   0.008325  -0.045277  -0.042544  -0.003811   0.011099  -0.003028   0.003748
	   0.002748  -0.011379  -0.004604   0.003960
	   0.045649   0.025278  -0.021898  -0.024640   0.001658  -0.001723  -0.002128
	  -0.019870   0.001632  -0.005803  -0.004004   0.228346  -0.115686  -0.112744
	   0.001814   0.001907   0.004371  -0.001364   0.000005  -0.000397  -0.000872
	   0.000109  -0.000293  -0.000768   0.001230
	  -0.003916  -0.054958   0.011735   0.011036  -0.002979   0.001561   0.002363
	   0.016072  -0.004601   0.006682   0.005339  -0.115686   0.166419  -0.050803
	  -0.000762  -0.001261  -0.005261   0.001012   0.000773   0.001168   0.001867
	  -0.000714  -0.000319   0.000380  -0.000802
	  -0.041645   0.029396   0.010180   0.013549   0.001303   0.000216  -0.000282
	   0.003838   0.002939  -0.000602  -0.001559  -0.112744  -0.050803   0.163727
	  -0.001129  -0.000571   0.000868   0.000748  -0.001231  -0.001162  -0.001381
	   0.001006   0.001075   0.000856  -0.000839
	   0.000125   0.000489  -0.000983  -0.002031  -0.000074  -0.000326   0.000071
	  -0.001227  -0.043773  -0.045690   0.008325   0.001814  -0.000762  -0.001129
	   0.066888   0.007706   0.007304  -0.001349  -0.011591   0.014565   0.001210
	  -0.014540   0.011616  -0.001739   0.001401
	  -0.000055   0.000089  -0.000579  -0.002210  -0.000083   0.000061  -0.000304
	  -0.000532  -0.043752   0.008285  -0.045277   0.001907  -0.001261  -0.000571
	   0.007706   0.066651   0.007134   0.001154   0.011855  -0.001051  -0.014418
	   0.014361   0.001455  -0.011912  -0.001207
	   0.005023  -0.005405  -0.001439  -0.003258  -0.000324  -0.000090   0.000022
	  -0.000386   0.006661  -0.042647  -0.042544   0.004371  -0.005261   0.000868
	   0.007304   0.007134   0.064163  -0.000231   0.000226  -0.013423   0.013949
	  -0.000214  -0.013863   0.013509   0.000251
	   0.000583   0.000283   0.000947   0.000342   0.000136   0.000862  -0.000796
	   0.001876  -0.000224   0.004463  -0.003811  -0.001364   0.001012   0.000748
	  -0.001349   0.001154  -0.000231   0.013941  -0.007317  -0.006309  -0.006207
	   0.006469   0.007477   0.007580   0.000898
	   0.001308  -0.000290  -0.001329  -0.000559  -0.000072  -0.001009   0.000939
	  -0.001817   0.000195  -0.011759   0.011099   0.000005   0.000773  -0.001231
	  -0.011591   0.011855   0.000226  -0.007317   0.022916   0.001309   0.001200
	   0.007099  -0.014507  -0.014617   0.007588
	   0.000761   0.000573  -0.000882   0.000100   0.000019  -0.000836   0.000806
	  -0.001255   0.007032  -0.004493  -0.003028  -0.000397   0.001168  -0.001162
	   0.014565  -0.001051  -0.013423  -0.006309   0.001309   0.020908   0.000084
	  -0.012325   0.007273  -0.013551   0.006538
	   0.000611   0.001108  -0.000913   0.000502   0.000041  -0.000813   0.000786
	  -0.001570  -0.006539   0.002418   0.003748  -0.000872   0.001867  -0.001381
	   0.001210  -0.014418   0.013949  -0.006207   0.001200   0.000084   0.020746
	  -0.012272  -0.013388   0.007274   0.006428
	  -0.001129   0.000368   0.001125   0.000502   0.000068   0.000873  -0.000817
	   0.001515  -0.000112  -0.002219   0.002748   0.000109  -0.000714   0.001006
	  -0.014540   0.014361  -0.000214   0.006469   0.007099  -0.012325  -0.012272
	   0.021069   0.001644   0.001697  -0.006705
	  -0.001676   0.001232   0.001571   0.001161   0.000159   0.001046  -0.000950
	   0.002077   0.006725   0.005047  -0.011379  -0.000293  -0.000319   0.001075
	   0.011616   0.001455  -0.013863   0.007477  -0.014507   0.007273  -0.013388
	   0.001644   0.023424   0.002763  -0.007755
	  -0.001826   0.001766   0.001541   0.001563   0.000180   0.001069  -0.000970
	   0.001761  -0.006846   0.011957  -0.004604  -0.000768   0.000380   0.000856
	  -0.001739  -0.011912   0.013509   0.007580  -0.014617  -0.013551   0.007274
	   0.001697   0.002763   0.023588  -0.007865
	  -0.000631  -0.000025  -0.000932  -0.000129  -0.000114  -0.000892   0.000835
	  -0.001908   0.000260  -0.004668   0.003960   0.001230  -0.000802  -0.000839
	   0.001401  -0.001207   0.000251   0.000898   0.007588   0.006538   0.006428
	  -0.006705  -0.007755  -0.007865   0.014408

2026-09-22:13:53:54,387 INFO     [psi4.optking.opt_helper:182] 
	         Geometry (au)                                       Gradient (au)
   0.1017009457   0.1718138520   0.0440801733		  -0.0008071590   0.0017668983   0.0014501836
   1.4485389700   1.9150520071   0.4615416729		   0.0003124213  -0.0010846160  -0.0006101008
   1.0002028480  -2.1185381270  -0.5019643234		  -0.0003425686  -0.0001215720  -0.0003440360
   2.8003516092  -2.0409400791  -0.4762957994		   0.0015992888  -0.0004210929  -0.0000966257
  -2.7377688045   0.2183275441   0.0406045264		  -0.0004891279  -0.0002196634  -0.0004322808
  -3.3924220271   2.1043236472   0.4613802809		  -0.0001134035   0.0001106633   0.0000098031
  -3.4360623008  -0.3788668308  -1.7898005487		  -0.0001555226  -0.0000146687  -0.0000322456
  -3.4479685473  -1.1003911143   1.4379266543		  -0.0000039285  -0.0000159486   0.0000553021

2026-09-22:13:53:54,388 INFO     [psi4.optking.stepAlgorithms:368] 	Current Step Report 
 
	Current energy:      -227.8102787251
	Energy change for the previous step:
		Actual       :        -0.0000720025
		Projected    :        -0.0000944348

2026-09-22:13:53:54,388 INFO     [psi4.optking.stepAlgorithms:371] 	Energy ratio =    0.76246
2026-09-22:13:53:54,388 INFO     [psi4.optking.stepAlgorithms:399] 	Energy ratio indicates good step.
2026-09-22:13:53:54,388 INFO     [psi4.optking.stepAlgorithms:400] 	Intrafrag trust radius increased to   0.75.
2026-09-22:13:53:54,388 INFO     [psi4.optking.stepAlgorithms:929] 	Using RFO solution 1.
2026-09-22:13:53:54,389 INFO     [psi4.optking.displace:100] 	Determining Cartesian step for fragment 1.
2026-09-22:13:53:54,394 INFO     [psi4.optking.displace:415] 	Successfully converged to displaced geometry.
2026-09-22:13:53:54,394 INFO     [psi4.optking.displace:416] 	RMS(dx):  2.387e-11 	Max(dx):  5.729e-11 	RMS(dq):  3.401e-06
2026-09-22:13:53:54,394 WARNING  [psi4.optking.displace:426] 	Previous geometry is closer to target in internal coordinates, so using that one.

2026-09-22:13:53:54,394 WARNING  [psi4.optking.displace:429] 	Best geometry has RMS(Delta(q)) = 3.40e-06

2026-09-22:13:53:54,396 INFO     [psi4.optking.displace:172] 

	        --- Internal Coordinate Step in ANG or DEG, aJ/ANG or AJ/DEG ---
	-------------------------------------------------------------------------------
	           Coordinate      Previous         Force          Change          New 
	           ----------      --------        ------          ------        ------
	               R(1,2)       1.18648        0.00634        0.00048       1.18697
	               R(1,3)       1.33361       -0.00854       -0.00133       1.33228
	               R(1,5)       1.50279       -0.00626       -0.00086       1.50192
	               R(3,4)       0.95358       -0.01300       -0.00125       0.95233
	               R(5,6)       1.07965       -0.00116       -0.00022       1.07944
	               R(5,7)       1.08380       -0.00071       -0.00005       1.08375
	               R(5,8)       1.08396       -0.00041       -0.00004       1.08392
	             B(1,3,4)     108.29670       -0.00007       -0.20640     108.09030
	             B(1,5,6)     109.61600       -0.00001       -0.04237     109.57363
	             B(1,5,7)     109.70771       -0.00001       -0.00127     109.70644
	             B(1,5,8)     109.58985        0.00001        0.01315     109.60300
	             B(2,1,3)     122.19312        0.00009        0.17729     122.37040
	             B(2,1,5)     126.02296       -0.00007       -0.21023     125.81272
	             B(3,1,5)     111.78338       -0.00002        0.03347     111.81685
	             B(6,5,7)     110.14882        0.00001        0.01812     110.16694
	             B(6,5,8)     110.07042        0.00000        0.01825     110.08866
	             B(7,5,8)     107.68142        0.00000       -0.00494     107.67648
	           D(2,1,3,4)       0.17903       -0.00001       -0.15152       0.02752
	           D(2,1,5,6)       0.58442        0.00001        0.14993       0.73436
	           D(2,1,5,7)     121.65533        0.00001        0.14472     121.80005
	           D(2,1,5,8)    -120.31540        0.00001        0.14578    -120.16962
	           D(3,1,5,6)    -179.15049       -0.00001       -0.16671    -179.31720
	           D(3,1,5,7)     -58.07958       -0.00002       -0.17193     -58.25151
	           D(3,1,5,8)      59.94968       -0.00002       -0.17086      59.77882
	           D(4,3,1,5)    -180.07432        0.00001        0.15133    -179.92298
	-------------------------------------------------------------------------------

2026-09-22:13:53:54,397 INFO     [psi4.optking.stepAlgorithms:113] 	|target step| :    0.0106197405
2026-09-22:13:53:54,397 INFO     [psi4.optking.stepAlgorithms:114] 	gradient     :   -0.0021245436
2026-09-22:13:53:54,397 INFO     [psi4.optking.stepAlgorithms:115] 	hessian      :    0.2000326796
2026-09-22:13:53:54,397 INFO     [psi4.optking.stepAlgorithms:113] 	|target step| :    0.0106197813
2026-09-22:13:53:54,397 INFO     [psi4.optking.stepAlgorithms:114] 	gradient     :   -0.0021245442
2026-09-22:13:53:54,397 INFO     [psi4.optking.stepAlgorithms:115] 	hessian      :    0.2000328031
2026-09-22:13:53:54,397 INFO     [psi4.optking.stepAlgorithms:206] 	Norm of achieved step-size    0.0106197405
2026-09-22:13:53:54,397 INFO     [psi4.optking.stepAlgorithms:208] 	Norm of achieved step-size (cart):    0.0116554977
2026-09-22:13:53:54,398 INFO     [psi4.optking.opt_helper:164] Molsys:

	                            ===> Fragment 1 <== 

	 Z (Atomic Numbers)          Masses                          Geom                  
	       6.000000            12.000000          0.10203610  0.16943663  0.03952920   
	       8.000000            15.994915          1.44449571  1.91601925  0.46200429   
	       8.000000            15.994915          0.99879326 -2.11995727 -0.50176318   
	       1.000000             1.007825          2.79630450 -2.03725638 -0.47276726   
	       6.000000            12.000000         -2.73577477  0.21770255  0.04003636   
	       1.000000             1.007825         -3.38709849  2.10396314  0.46280939   
	       1.000000             1.007825         -3.43691510 -0.37783726 -1.78971667   
	       1.000000             1.007825         -3.44526851 -1.10128976  1.43734051   

	 - Coordinate -           - BOHR/RAD -       - ANG/DEG -
	 R(1,2)           =         2.243041           1.186966
	 R(1,3)           =         2.517637           1.332276
	 R(1,5)           =         2.838221           1.501922
	 R(3,4)           =         1.799646           0.952332
	 R(5,6)           =         2.039838           1.079436
	 R(5,7)           =         2.047990           1.083749
	 R(5,8)           =         2.048312           1.083920
	 B(1,3,4)         =         1.886532         108.090299
	 B(1,5,6)         =         1.912421         109.573627
	 B(1,5,7)         =         1.914739         109.706443
	 B(1,5,8)         =         1.912933         109.603000
	 B(2,1,3)         =         2.135766         122.370402
	 B(2,1,5)         =         2.195846         125.812723
	 B(3,1,5)         =         1.951572         111.816854
	 B(6,5,7)         =         1.922776         110.166945
	 B(6,5,8)         =         1.921410         110.088661
	 B(7,5,8)         =         1.879309         107.676484
	 D(2,1,3,4)       =         0.000480           0.027516
	 D(2,1,5,6)       =         0.012817           0.734356
	 D(2,1,5,7)       =         2.125812         121.800049
	 D(2,1,5,8)       =        -2.097356        -120.169623
	 D(3,1,5,6)       =        -3.129676        -179.317203
	 D(3,1,5,7)       =        -1.016681         -58.251510
	 D(3,1,5,8)       =         1.043337          59.778818
	 D(4,3,1,5)       =        -3.140248        -179.922981

2026-09-22:13:53:54,398 INFO     [psi4.optking.convcheck:76] Performing convergence check.
2026-09-22:13:53:54,398 INFO     [psi4.optking.convcheck:282] 
	                                 ==> Convergence Check <==                                  
    
	Measures of convergence in internal coordinates in au.
    
	Criteria marked as inactive (o), active & met (*), and active & unmet ( ).

	----------------------------------------------------------------------------------------------
	   Step    Total Energy     Delta E     Max Force     RMS Force      Max Disp      RMS Disp   
	----------------------------------------------------------------------------------------------
	  Convergence Criteria     1.00e-06 *    3.00e-04 *             o    1.20e-03 *             o
	----------------------------------------------------------------------------------------------
	     5    -227.81027873   -7.20e-05      1.58e-03      5.78e-04 o    3.67e-03      2.12e-03 o  ~
	----------------------------------------------------------------------------------------------


2026-09-22:13:53:54,398 INFO     [psi4.optking.stepAlgorithms:296] 	Convergence check returned False
2026-09-22:13:53:54,406 INFO     [psi4.driver.task_planner:259] PLANNING Atomic:  keywords={'SCF__GUESS': 'READ', 'SCF__INTS_TOLERANCE': 1e-12, 'PRINT_TRAJECTORY_XYZ_FILE': 1, 'function_kwargs': {}}
2026-09-22:13:53:54,407 INFO     [psi4.driver.driver:638] Compute gradient(): method=scf, basis=6-31g*, molecule=default, nre=122.45440563378727
2026-09-22:13:53:54,666 INFO     [psi4.driver.driver:641] Return gradient(): -227.81029004774112
2026-09-22:13:53:54,666 INFO     [psi4.driver.driver:642] [[ 0.00012717  0.00012415  0.00006673]
 [-0.00002169 -0.00004890 -0.00000948]
 [-0.00010863 -0.00005580 -0.00003620]
 [ 0.00002611  0.00004774  0.00001317]
 [-0.00003657 -0.00007457 -0.00006708]
 [ 0.00002244  0.00001373  0.00000525]
 [-0.00000962 -0.00000995  0.00000684]
 [ 0.00000079  0.00000361  0.00002078]]
2026-09-22:13:53:54,669 INFO     [psi4.optking.history:269] 	Performing BFGS update.
2026-09-22:13:53:54,670 INFO     [psi4.optking.history:280] 	Using 4 previous steps for update.
2026-09-22:13:53:54,672 INFO     [psi4.optking.history:317] 	Steps to be used in Hessian update:  5 4 3 2

2026-09-22:13:53:54,676 INFO     [psi4.optking.history:418] 	Updated Hessian (in au) 
 	   0.912073   0.095558  -0.003165  -0.011617   0.006266  -0.002264  -0.002963
	   0.002424   0.006238  -0.005938  -0.005446   0.044510  -0.003323  -0.041213
	  -0.000392   0.000171   0.005220   0.000732  -0.000774  -0.001078  -0.001483
	   0.000725   0.000422   0.000017  -0.000879
	   0.095558   0.529173  -0.002763   0.018200  -0.001057   0.002682   0.004048
	   0.014201  -0.008779   0.008791   0.004865   0.027948  -0.055822   0.027977
	   0.000831   0.000200  -0.005740   0.000407  -0.000369   0.000738   0.001777
	   0.000464   0.001570   0.002609  -0.000034
	  -0.003165  -0.002763   0.335910   0.023711   0.000775   0.001313   0.001378
	   0.011593   0.000677   0.001419   0.001211  -0.023372   0.012272   0.011102
	  -0.000927  -0.000964  -0.001432  -0.000065  -0.000016   0.000175  -0.000014
	  -0.000024   0.000167  -0.000022   0.000098
	  -0.011617   0.018200   0.023711   0.534556   0.004438   0.002137   0.003111
	   0.033876   0.000033   0.004576   0.002701  -0.025787   0.013950   0.012310
	  -0.001815  -0.002349  -0.003143  -0.000004   0.000109   0.000807   0.001282
	  -0.000076   0.000622   0.001097   0.000285
	   0.006266  -0.001057   0.000775   0.004438   0.356626   0.000265   0.000358
	   0.002549  -0.000174   0.000388   0.000235   0.001413  -0.002575   0.001163
	  -0.000050  -0.000108  -0.000290  -0.000025   0.000023   0.000104   0.000113
	  -0.000012   0.000069   0.000078   0.000052
	  -0.002264   0.002682   0.001313   0.002137   0.000265   0.351488  -0.000065
	   0.001615   0.000192   0.000725  -0.000614  -0.001728   0.001662   0.000155
	  -0.000327   0.000073  -0.000054   0.000905  -0.001019  -0.000845  -0.000845
	   0.000881   0.001055   0.001055  -0.000939
	  -0.002963   0.004048   0.001378   0.003111   0.000358  -0.000065   0.351252
	   0.001352   0.000391  -0.000827   0.000624  -0.002639   0.002964  -0.000380
	   0.000090  -0.000349   0.000063  -0.000981   0.001102   0.000940   0.000897
	  -0.000959  -0.001121  -0.001165   0.001024
	   0.002424   0.014201   0.011593   0.033876   0.002549   0.001615   0.001352
	   0.179534   0.002905   0.000432   0.000758  -0.021071   0.011402   0.009389
	  -0.001630  -0.001478  -0.001060  -0.000081  -0.000113  -0.000002  -0.000598
	   0.000047   0.000158  -0.000438   0.000047
	   0.006238  -0.008779   0.000677   0.000033  -0.000174   0.000192   0.000391
	   0.002905   0.114042  -0.017478  -0.018053   0.003033  -0.006428   0.003459
	  -0.043834  -0.043678   0.006374   0.000183  -0.000151   0.006815  -0.006559
	   0.000155   0.007121  -0.006253  -0.000126
	  -0.005938   0.008791   0.001419   0.004576   0.000388   0.000725  -0.000827
	   0.000432  -0.017478   0.118348  -0.020621  -0.006808   0.007764  -0.000718
	  -0.045746   0.008252  -0.042264   0.004154  -0.011421  -0.004246   0.002335
	  -0.002550   0.004625   0.011206  -0.004400
	  -0.005446   0.004865   0.001211   0.002701   0.000235  -0.000614   0.000624
	   0.000758  -0.018053  -0.020621   0.119337  -0.004729   0.004889  -0.000526
	   0.008267  -0.045549  -0.042739  -0.004371   0.011557  -0.002679   0.004099
	   0.002386  -0.011851  -0.005072   0.004537
	   0.044510   0.027948  -0.023372  -0.025787   0.001413  -0.001728  -0.002639
	  -0.021071   0.003033  -0.006808  -0.004729   0.225868  -0.113679  -0.112785
	   0.001530   0.001993   0.004880   0.000207  -0.000003  -0.000487  -0.001426
	   0.000039  -0.000445  -0.001384  -0.000450
	  -0.003323  -0.055822   0.012272   0.013950  -0.002575   0.001662   0.002964
	   0.011402  -0.006428   0.007764   0.004889  -0.113679   0.169330  -0.055010
	  -0.000120  -0.000804  -0.005139  -0.000186   0.000024   0.000730   0.001986
	   0.000017   0.000724   0.001980   0.000517
	  -0.041213   0.027977   0.011102   0.012310   0.001163   0.000155  -0.000380
	   0.009389   0.003459  -0.000718  -0.000526  -0.112785  -0.055010   0.167780
	  -0.001500  -0.001079   0.000301   0.000401  -0.000503  -0.000646  -0.000989
	   0.000358   0.000214  -0.000128  -0.000510
	  -0.000392   0.000831  -0.000927  -0.001815  -0.000050  -0.000327   0.000090
	  -0.001630  -0.043834  -0.045746   0.008267   0.001530  -0.000120  -0.001500
	   0.066966   0.007724   0.007344  -0.001376  -0.011586   0.014531   0.001222
	  -0.014498   0.011619  -0.001690   0.001432
	   0.000171   0.000200  -0.000964  -0.002349  -0.000108   0.000073  -0.000349
	  -0.001478  -0.043678   0.008252  -0.045549   0.001993  -0.000804  -0.001079
	   0.007724   0.066743   0.007251   0.001344   0.011691  -0.001196  -0.014582
	   0.014511   0.001625  -0.011762  -0.001407
	   0.005220  -0.005740  -0.001432  -0.003143  -0.000290  -0.000054   0.000063
	  -0.001060   0.006374  -0.042264  -0.042739   0.004880  -0.005139   0.000301
	   0.007344   0.007251   0.064129   0.000056  -0.000043  -0.013637   0.013861
	   0.000025  -0.013568   0.013929  -0.000028
	   0.000732   0.000407  -0.000065  -0.000004  -0.000025   0.000905  -0.000981
	  -0.000081   0.000183   0.004154  -0.004371   0.000207  -0.000186   0.000401
	  -0.001376   0.001344   0.000056   0.014375  -0.007668  -0.006635  -0.006697
	   0.006762   0.007794   0.007733   0.000418
	  -0.000774  -0.000369  -0.000016   0.000109   0.000023  -0.001019   0.001102
	  -0.000113  -0.000151  -0.011421   0.011557  -0.000003   0.000024  -0.000503
	  -0.011586   0.011691  -0.000043  -0.007668   0.023117   0.001493   0.001533
	   0.006947  -0.014677  -0.014638   0.007974
	  -0.001078   0.000738   0.000175   0.000807   0.000104  -0.000845   0.000940
	  -0.000002   0.006815  -0.004246  -0.002679  -0.000487   0.000730  -0.000646
	   0.014531  -0.001196  -0.013637  -0.006635   0.001493   0.021091   0.000375
	  -0.012494   0.007104  -0.013612   0.006893
	  -0.001483   0.001777  -0.000014   0.001282   0.000113  -0.000845   0.000897
	  -0.000598  -0.006559   0.002335   0.004099  -0.001426   0.001986  -0.000989
	   0.001222  -0.014582   0.013861  -0.006697   0.001533   0.000375   0.021065
	  -0.012552  -0.013710   0.006980   0.006942
	   0.000725   0.000464  -0.000024  -0.000076  -0.000012   0.000881  -0.000959
	   0.000047   0.000155  -0.002550   0.002386   0.000039   0.000017   0.000358
	  -0.014498   0.014511   0.000025   0.006762   0.006947  -0.012494  -0.012552
	   0.021206   0.001765   0.001707  -0.007028
	   0.000422   0.001570   0.000167   0.000622   0.000069   0.001055  -0.001121
	   0.000158   0.007121   0.004625  -0.011851  -0.000445   0.000724   0.000214
	   0.011619   0.001625  -0.013568   0.007794  -0.014677   0.007104  -0.013710
	   0.001765   0.023547   0.002732  -0.008110
	   0.000017   0.002609  -0.000022   0.001097   0.000078   0.001055  -0.001165
	  -0.000438  -0.006253   0.011206  -0.005072  -0.001384   0.001980  -0.000128
	  -0.001690  -0.011762   0.013929   0.007733  -0.014638  -0.013612   0.006980
	   0.001707   0.002732   0.023325  -0.008061
	  -0.000879  -0.000034   0.000098   0.000285   0.000052  -0.000939   0.001024
	   0.000047  -0.000126  -0.004400   0.004537  -0.000450   0.000517  -0.000510
	   0.001432  -0.001407  -0.000028   0.000418   0.007974   0.006893   0.006942
	  -0.007028  -0.008110  -0.008061   0.014933

2026-09-22:13:53:54,677 INFO     [psi4.optking.molsys:944] Projected (PHP) Hessian matrix
	   0.912073   0.095558  -0.003165  -0.011617   0.006266  -0.002264  -0.002963
	   0.002424   0.006238  -0.005938  -0.005446   0.044510  -0.003323  -0.041213
	  -0.000392   0.000171   0.005220   0.000732  -0.000774  -0.001078  -0.001483
	   0.000725   0.000422   0.000017  -0.000879
	   0.095558   0.529173  -0.002763   0.018200  -0.001057   0.002682   0.004048
	   0.014201  -0.008779   0.008791   0.004865   0.027948  -0.055822   0.027977
	   0.000831   0.000200  -0.005740   0.000407  -0.000369   0.000738   0.001777
	   0.000464   0.001570   0.002609  -0.000034
	  -0.003165  -0.002763   0.335910   0.023711   0.000775   0.001313   0.001378
	   0.011593   0.000677   0.001419   0.001211  -0.023372   0.012272   0.011102
	  -0.000927  -0.000964  -0.001432  -0.000065  -0.000016   0.000175  -0.000014
	  -0.000024   0.000167  -0.000022   0.000098
	  -0.011617   0.018200   0.023711   0.534556   0.004438   0.002137   0.003111
	   0.033876   0.000033   0.004576   0.002701  -0.025787   0.013950   0.012310
	  -0.001815  -0.002349  -0.003143  -0.000004   0.000109   0.000807   0.001282
	  -0.000076   0.000622   0.001097   0.000285
	   0.006266  -0.001057   0.000775   0.004438   0.356626   0.000265   0.000358
	   0.002549  -0.000174   0.000388   0.000235   0.001413  -0.002575   0.001163
	  -0.000050  -0.000108  -0.000290  -0.000025   0.000023   0.000104   0.000113
	  -0.000012   0.000069   0.000078   0.000052
	  -0.002264   0.002682   0.001313   0.002137   0.000265   0.351488  -0.000065
	   0.001615   0.000192   0.000725  -0.000614  -0.001728   0.001662   0.000155
	  -0.000327   0.000073  -0.000054   0.000905  -0.001019  -0.000845  -0.000845
	   0.000881   0.001055   0.001055  -0.000939
	  -0.002963   0.004048   0.001378   0.003111   0.000358  -0.000065   0.351252
	   0.001352   0.000391  -0.000827   0.000624  -0.002639   0.002964  -0.000380
	   0.000090  -0.000349   0.000063  -0.000981   0.001102   0.000940   0.000897
	  -0.000959  -0.001121  -0.001165   0.001024
	   0.002424   0.014201   0.011593   0.033876   0.002549   0.001615   0.001352
	   0.179534   0.002905   0.000432   0.000758  -0.021071   0.011402   0.009389
	  -0.001630  -0.001478  -0.001060  -0.000081  -0.000113  -0.000002  -0.000598
	   0.000047   0.000158  -0.000438   0.000047
	   0.006238  -0.008779   0.000677   0.000033  -0.000174   0.000192   0.000391
	   0.002905   0.114042  -0.017478  -0.018053   0.003033  -0.006428   0.003459
	  -0.043834  -0.043678   0.006374   0.000183  -0.000151   0.006815  -0.006559
	   0.000155   0.007121  -0.006253  -0.000126
	  -0.005938   0.008791   0.001419   0.004576   0.000388   0.000725  -0.000827
	   0.000432  -0.017478   0.118348  -0.020621  -0.006808   0.007764  -0.000718
	  -0.045746   0.008252  -0.042264   0.004154  -0.011421  -0.004246   0.002335
	  -0.002550   0.004625   0.011206  -0.004400
	  -0.005446   0.004865   0.001211   0.002701   0.000235  -0.000614   0.000624
	   0.000758  -0.018053  -0.020621   0.119337  -0.004729   0.004889  -0.000526
	   0.008267  -0.045549  -0.042739  -0.004371   0.011557  -0.002679   0.004099
	   0.002386  -0.011851  -0.005072   0.004537
	   0.044510   0.027948  -0.023372  -0.025787   0.001413  -0.001728  -0.002639
	  -0.021071   0.003033  -0.006808  -0.004729   0.225868  -0.113679  -0.112785
	   0.001530   0.001993   0.004880   0.000207  -0.000003  -0.000487  -0.001426
	   0.000039  -0.000445  -0.001384  -0.000450
	  -0.003323  -0.055822   0.012272   0.013950  -0.002575   0.001662   0.002964
	   0.011402  -0.006428   0.007764   0.004889  -0.113679   0.169330  -0.055010
	  -0.000120  -0.000804  -0.005139  -0.000186   0.000024   0.000730   0.001986
	   0.000017   0.000724   0.001980   0.000517
	  -0.041213   0.027977   0.011102   0.012310   0.001163   0.000155  -0.000380
	   0.009389   0.003459  -0.000718  -0.000526  -0.112785  -0.055010   0.167780
	  -0.001500  -0.001079   0.000301   0.000401  -0.000503  -0.000646  -0.000989
	   0.000358   0.000214  -0.000128  -0.000510
	  -0.000392   0.000831  -0.000927  -0.001815  -0.000050  -0.000327   0.000090
	  -0.001630  -0.043834  -0.045746   0.008267   0.001530  -0.000120  -0.001500
	   0.066966   0.007724   0.007344  -0.001376  -0.011586   0.014531   0.001222
	  -0.014498   0.011619  -0.001690   0.001432
	   0.000171   0.000200  -0.000964  -0.002349  -0.000108   0.000073  -0.000349
	  -0.001478  -0.043678   0.008252  -0.045549   0.001993  -0.000804  -0.001079
	   0.007724   0.066743   0.007251   0.001344   0.011691  -0.001196  -0.014582
	   0.014511   0.001625  -0.011762  -0.001407
	   0.005220  -0.005740  -0.001432  -0.003143  -0.000290  -0.000054   0.000063
	  -0.001060   0.006374  -0.042264  -0.042739   0.004880  -0.005139   0.000301
	   0.007344   0.007251   0.064129   0.000056  -0.000043  -0.013637   0.013861
	   0.000025  -0.013568   0.013929  -0.000028
	   0.000732   0.000407  -0.000065  -0.000004  -0.000025   0.000905  -0.000981
	  -0.000081   0.000183   0.004154  -0.004371   0.000207  -0.000186   0.000401
	  -0.001376   0.001344   0.000056   0.014375  -0.007668  -0.006635  -0.006697
	   0.006762   0.007794   0.007733   0.000418
	  -0.000774  -0.000369  -0.000016   0.000109   0.000023  -0.001019   0.001102
	  -0.000113  -0.000151  -0.011421   0.011557  -0.000003   0.000024  -0.000503
	  -0.011586   0.011691  -0.000043  -0.007668   0.023117   0.001493   0.001533
	   0.006947  -0.014677  -0.014638   0.007974
	  -0.001078   0.000738   0.000175   0.000807   0.000104  -0.000845   0.000940
	  -0.000002   0.006815  -0.004246  -0.002679  -0.000487   0.000730  -0.000646
	   0.014531  -0.001196  -0.013637  -0.006635   0.001493   0.021091   0.000375
	  -0.012494   0.007104  -0.013612   0.006893
	  -0.001483   0.001777  -0.000014   0.001282   0.000113  -0.000845   0.000897
	  -0.000598  -0.006559   0.002335   0.004099  -0.001426   0.001986  -0.000989
	   0.001222  -0.014582   0.013861  -0.006697   0.001533   0.000375   0.021065
	  -0.012552  -0.013710   0.006980   0.006942
	   0.000725   0.000464  -0.000024  -0.000076  -0.000012   0.000881  -0.000959
	   0.000047   0.000155  -0.002550   0.002386   0.000039   0.000017   0.000358
	  -0.014498   0.014511   0.000025   0.006762   0.006947  -0.012494  -0.012552
	   0.021206   0.001765   0.001707  -0.007028
	   0.000422   0.001570   0.000167   0.000622   0.000069   0.001055  -0.001121
	   0.000158   0.007121   0.004625  -0.011851  -0.000445   0.000724   0.000214
	   0.011619   0.001625  -0.013568   0.007794  -0.014677   0.007104  -0.013710
	   0.001765   0.023547   0.002732  -0.008110
	   0.000017   0.002609  -0.000022   0.001097   0.000078   0.001055  -0.001165
	  -0.000438  -0.006253   0.011206  -0.005072  -0.001384   0.001980  -0.000128
	  -0.001690  -0.011762   0.013929   0.007733  -0.014638  -0.013612   0.006980
	   0.001707   0.002732   0.023325  -0.008061
	  -0.000879  -0.000034   0.000098   0.000285   0.000052  -0.000939   0.001024
	   0.000047  -0.000126  -0.004400   0.004537  -0.000450   0.000517  -0.000510
	   0.001432  -0.001407  -0.000028   0.000418   0.007974   0.006893   0.006942
	  -0.007028  -0.008110  -0.008061   0.014933

2026-09-22:13:53:54,677 INFO     [psi4.optking.opt_helper:182] 
	         Geometry (au)                                       Gradient (au)
   0.1029710930   0.1700992938   0.0403009725		   0.0001271707   0.0001241490   0.0000667313
   1.4454307081   1.9166819053   0.4627760655		  -0.0000216948  -0.0000489036  -0.0000094841
   0.9997282544  -2.1192946115  -0.5009914098		  -0.0001086330  -0.0000557981  -0.0000362042
   2.7972394944  -2.0365937224  -0.4719954896		   0.0000261118   0.0000477357   0.0000131733
  -2.7348397756   0.2183652103   0.0408081301		  -0.0000365713  -0.0000745670  -0.0000670761
  -3.3861634933   2.1046257980   0.4635811584		   0.0000224400   0.0000137307   0.0000052451
  -3.4359801048  -0.3771745975  -1.7889448949		  -0.0000096152  -0.0000099540   0.0000068368
  -3.4443335162  -1.1006270987   1.4381122848		   0.0000007917   0.0000036072   0.0000207779

2026-09-22:13:53:54,678 INFO     [psi4.optking.stepAlgorithms:368] 	Current Step Report 
 
	Current energy:      -227.8102900477
	Energy change for the previous step:
		Actual       :        -0.0000113226
		Projected    :        -0.0000112811

2026-09-22:13:53:54,678 INFO     [psi4.optking.stepAlgorithms:371] 	Energy ratio =    1.00368
2026-09-22:13:53:54,678 INFO     [psi4.optking.stepAlgorithms:399] 	Energy ratio indicates good step.
2026-09-22:13:53:54,678 INFO     [psi4.optking.stepAlgorithms:400] 	Intrafrag trust radius increased to      1.
2026-09-22:13:53:54,678 INFO     [psi4.optking.stepAlgorithms:929] 	Using RFO solution 1.
2026-09-22:13:53:54,679 INFO     [psi4.optking.displace:100] 	Determining Cartesian step for fragment 1.
2026-09-22:13:53:54,684 INFO     [psi4.optking.displace:415] 	Successfully converged to displaced geometry.
2026-09-22:13:53:54,684 INFO     [psi4.optking.displace:416] 	RMS(dx):  7.646e-14 	Max(dx):  2.628e-13 	RMS(dq):  9.251e-09
2026-09-22:13:53:54,687 INFO     [psi4.optking.displace:172] 

	        --- Internal Coordinate Step in ANG or DEG, aJ/ANG or AJ/DEG ---
	-------------------------------------------------------------------------------
	           Coordinate      Previous         Force          Change          New 
	           ----------      --------        ------          ------        ------
	               R(1,2)       1.18697        0.00044        0.00004       1.18700
	               R(1,3)       1.33228        0.00014       -0.00000       1.33228
	               R(1,5)       1.50192       -0.00018       -0.00004       1.50188
	               R(3,4)       0.95233       -0.00023       -0.00004       0.95229
	               R(5,6)       1.07944       -0.00005       -0.00001       1.07942
	               R(5,7)       1.08375       -0.00000        0.00000       1.08375
	               R(5,8)       1.08392       -0.00010       -0.00002       1.08390
	             B(1,3,4)     108.09030        0.00001        0.02706     108.11736
	             B(1,5,6)     109.57363        0.00000        0.01617     109.58979
	             B(1,5,7)     109.70644       -0.00000       -0.01109     109.69536
	             B(1,5,8)     109.60300        0.00000        0.00158     109.60458
	             B(2,1,3)     122.37040       -0.00000       -0.00605     122.36435
	             B(2,1,5)     125.81272       -0.00000       -0.01430     125.79843
	             B(3,1,5)     111.81685        0.00001        0.02034     111.83719
	             B(6,5,7)     110.16694       -0.00000       -0.00623     110.16071
	             B(6,5,8)     110.08866       -0.00000        0.00274     110.09140
	             B(7,5,8)     107.67648       -0.00000       -0.00362     107.67286
	           D(2,1,3,4)       0.02752       -0.00000       -0.00772       0.01980
	           D(2,1,5,6)       0.73436        0.00000       -0.08102       0.65334
	           D(2,1,5,7)     121.80005       -0.00000       -0.08549     121.71456
	           D(2,1,5,8)    -120.16962       -0.00000       -0.09554    -120.26517
	           D(3,1,5,6)    -179.31720       -0.00000       -0.08554    -179.40275
	           D(3,1,5,7)     -58.25151       -0.00000       -0.09002     -58.34153
	           D(3,1,5,8)      59.77882       -0.00000       -0.10007      59.67875
	           D(4,3,1,5)    -179.92298        0.00000       -0.00337    -179.92635
	-------------------------------------------------------------------------------

2026-09-22:13:53:54,687 INFO     [psi4.optking.stepAlgorithms:113] 	|target step| :    0.0039183071
2026-09-22:13:53:54,687 INFO     [psi4.optking.stepAlgorithms:114] 	gradient     :   -0.0000521219
2026-09-22:13:53:54,687 INFO     [psi4.optking.stepAlgorithms:115] 	hessian      :    0.0133019334
2026-09-22:13:53:54,687 INFO     [psi4.optking.stepAlgorithms:113] 	|target step| :    0.0039183071
2026-09-22:13:53:54,687 INFO     [psi4.optking.stepAlgorithms:114] 	gradient     :   -0.0000521219
2026-09-22:13:53:54,687 INFO     [psi4.optking.stepAlgorithms:115] 	hessian      :    0.0133019335
2026-09-22:13:53:54,687 INFO     [psi4.optking.stepAlgorithms:206] 	Norm of achieved step-size    0.0039183071
2026-09-22:13:53:54,687 INFO     [psi4.optking.stepAlgorithms:208] 	Norm of achieved step-size (cart):    0.0037740234
2026-09-22:13:53:54,688 INFO     [psi4.optking.opt_helper:164] Molsys:

	                            ===> Fragment 1 <== 

	 Z (Atomic Numbers)          Masses                          Geom                  
	       6.000000            12.000000          0.10285138  0.17002339  0.03986368   
	       8.000000            15.994915          1.44515169  1.91717886  0.46084314   
	       8.000000            15.994915          1.00012072 -2.11958399 -0.49966623   
	       1.000000             1.007825          2.79758480 -2.03720579 -0.47127493   
	       6.000000            12.000000         -2.73487061  0.21854309  0.04094503   
	       1.000000             1.007825         -3.38648170  2.10437809  0.46506248   
	       1.000000             1.007825         -3.43603978 -0.37561014 -1.78924957   
	       1.000000             1.007825         -3.44426385 -1.10164132  1.43712321   

	 - Coordinate -           - BOHR/RAD -       - ANG/DEG -
	 R(1,2)           =         2.243111           1.187003
	 R(1,3)           =         2.517635           1.332275
	 R(1,5)           =         2.838137           1.501877
	 R(3,4)           =         1.799575           0.952294
	 R(5,6)           =         2.039815           1.079424
	 R(5,7)           =         2.047991           1.083750
	 R(5,8)           =         2.048277           1.083902
	 B(1,3,4)         =         1.887004         108.117357
	 B(1,5,6)         =         1.912703         109.589794
	 B(1,5,7)         =         1.914545         109.695357
	 B(1,5,8)         =         1.912961         109.604583
	 B(2,1,3)         =         2.135661         122.364354
	 B(2,1,5)         =         2.195597         125.798428
	 B(3,1,5)         =         1.951927         111.837193
	 B(6,5,7)         =         1.922667         110.160712
	 B(6,5,8)         =         1.921457         110.091399
	 B(7,5,8)         =         1.879246         107.672862
	 D(2,1,3,4)       =         0.000346           0.019797
	 D(2,1,5,6)       =         0.011403           0.653337
	 D(2,1,5,7)       =         2.124320         121.714557
	 D(2,1,5,8)       =        -2.099023        -120.265167
	 D(3,1,5,6)       =        -3.131169        -179.402746
	 D(3,1,5,7)       =        -1.018252         -58.341526
	 D(3,1,5,8)       =         1.041591          59.678750
	 D(4,3,1,5)       =        -3.140307        -179.926349

2026-09-22:13:53:54,688 INFO     [psi4.optking.convcheck:76] Performing convergence check.
2026-09-22:13:53:54,688 INFO     [psi4.optking.convcheck:282] 
	                                 ==> Convergence Check <==                                  
    
	Measures of convergence in internal coordinates in au.
    
	Criteria marked as inactive (o), active & met (*), and active & unmet ( ).

	----------------------------------------------------------------------------------------------
	   Step    Total Energy     Delta E     Max Force     RMS Force      Max Disp      RMS Disp   
	----------------------------------------------------------------------------------------------
	  Convergence Criteria     1.00e-06 *    3.00e-04 *             o    1.20e-03 *             o
	----------------------------------------------------------------------------------------------
	     6    -227.81029005   -1.13e-05      8.89e-05 *    3.36e-05 o    1.75e-03      7.84e-04 o  ~
	----------------------------------------------------------------------------------------------


2026-09-22:13:53:54,688 INFO     [psi4.optking.stepAlgorithms:296] 	Convergence check returned False
2026-09-22:13:53:54,697 INFO     [psi4.driver.task_planner:259] PLANNING Atomic:  keywords={'SCF__GUESS': 'READ', 'SCF__INTS_TOLERANCE': 1e-12, 'PRINT_TRAJECTORY_XYZ_FILE': 1, 'function_kwargs': {}}
2026-09-22:13:53:54,697 INFO     [psi4.driver.driver:638] Compute gradient(): method=scf, basis=6-31g*, molecule=default, nre=122.45337562941542
2026-09-22:13:53:54,937 INFO     [psi4.driver.driver:641] Return gradient(): -227.81029017290516
2026-09-22:13:53:54,937 INFO     [psi4.driver.driver:642] [[-0.00002228  0.00000669  0.00000090]
 [-0.00000068 -0.00001561  0.00001006]
 [ 0.00003184 -0.00000021 -0.00001029]
 [ 0.00000285 -0.00001273 -0.00000117]
 [-0.00001571  0.00001767 -0.00002910]
 [-0.00001203  0.00000198  0.00000307]
 [ 0.00000601 -0.00000632  0.00001348]
 [ 0.00000999  0.00000854  0.00001303]]
2026-09-22:13:53:54,939 INFO     [psi4.optking.history:269] 	Performing BFGS update.
2026-09-22:13:53:54,940 INFO     [psi4.optking.history:280] 	Using 4 previous steps for update.
2026-09-22:13:53:54,942 INFO     [psi4.optking.history:317] 	Steps to be used in Hessian update:  6 5 4 3

2026-09-22:13:53:54,946 INFO     [psi4.optking.history:418] 	Updated Hessian (in au) 
 	   0.911447   0.101880  -0.001988  -0.012590   0.007607  -0.005113  -0.003107
	   0.005105   0.010558  -0.006490  -0.010449   0.041844  -0.004568  -0.037317
	  -0.000088  -0.001040   0.007244   0.000891  -0.000455   0.002003   0.000754
	   0.000515   0.002973   0.001723  -0.000365
	   0.101880   0.546240  -0.002439   0.015510   0.000229  -0.002144   0.001340
	   0.041414   0.008631   0.002982  -0.003605   0.010121  -0.066610   0.056879
	  -0.001935  -0.003849  -0.002453   0.000245   0.000042   0.005020   0.001639
	   0.000123   0.005101   0.001720   0.000721
	  -0.001988  -0.002439   0.334735   0.022932   0.000151   0.002091   0.000814
	   0.014489   0.001594   0.000392   0.002477  -0.024956   0.011245   0.013714
	  -0.001661  -0.000954  -0.001884  -0.000155  -0.000210  -0.000995  -0.001587
	   0.000104  -0.000681  -0.001273  -0.000132
	  -0.012590   0.015510   0.022932   0.533273   0.003911   0.002846   0.003108
	   0.031558  -0.001395   0.004799   0.003937  -0.024822   0.014731   0.010576
	  -0.001780  -0.001889  -0.003624  -0.000123  -0.000131  -0.000158   0.000609
	   0.000122   0.000095   0.000862   0.000227
	   0.007607   0.000229   0.000151   0.003911   0.356479   0.000227  -0.000041
	   0.005181   0.001360  -0.000463   0.000110  -0.000093  -0.003786   0.003902
	  -0.000486  -0.000358  -0.000197  -0.000074   0.000008  -0.000021  -0.000473
	  -0.000014  -0.000043  -0.000495   0.000019
	  -0.005113  -0.002144   0.002091   0.002846   0.000227   0.352203   0.000857
	  -0.005850  -0.004400   0.002777   0.000752   0.002809   0.004674  -0.007396
	   0.000667   0.000996  -0.000681   0.000988  -0.001093  -0.001299  -0.000029
	   0.000964   0.000758   0.002027  -0.000991
	  -0.003107   0.001340   0.000814   0.003108  -0.000041   0.000857   0.351469
	  -0.001875  -0.001838  -0.000328   0.002214  -0.000365   0.004021  -0.003713
	   0.000288   0.000251  -0.000538  -0.000994   0.001002  -0.000011   0.000456
	  -0.000887  -0.001899  -0.001432   0.000857
	   0.005105   0.041414   0.014489   0.031558   0.005181  -0.005850  -0.001875
	   0.215114   0.026101  -0.006364  -0.012358  -0.045736  -0.000208   0.045671
	  -0.004875  -0.007167   0.004004  -0.000039   0.000392   0.006872   0.000603
	  -0.000328   0.006152  -0.000117   0.001140
	   0.010558   0.008631   0.001594  -0.001395   0.001360  -0.004400  -0.001838
	   0.026101   0.129387  -0.022417  -0.026173  -0.012537  -0.014773   0.027369
	  -0.046064  -0.047334   0.009604   0.000085   0.000293   0.011062  -0.006151
	  -0.000194   0.010575  -0.006638   0.000613
	  -0.006490   0.002982   0.000392   0.004799  -0.000463   0.002777  -0.000328
	  -0.006364  -0.022417   0.119543  -0.017073  -0.001882   0.010112  -0.008013
	  -0.045304   0.009553  -0.043648   0.004142  -0.011637  -0.006368   0.001373
	  -0.002373   0.002896   0.010638  -0.004786
	  -0.010449  -0.003605   0.002477   0.003937   0.000110   0.000752   0.002214
	  -0.012358  -0.026173  -0.017073   0.121931   0.003256   0.010252  -0.013861
	   0.009966  -0.043869  -0.043902  -0.004196   0.011398  -0.003609   0.005407
	   0.002530  -0.012477  -0.003461   0.004383
	   0.041844   0.010121  -0.024956  -0.024822  -0.000093   0.002809  -0.000365
	  -0.045736  -0.012537  -0.001882   0.003256   0.243227  -0.105888  -0.137766
	   0.003950   0.005762   0.001758   0.000111  -0.000447  -0.004700  -0.001731
	   0.000407  -0.003847  -0.000877  -0.000973
	  -0.004568  -0.066610   0.011245   0.014731  -0.003786   0.004674   0.004021
	  -0.000208  -0.014773   0.010112   0.010252  -0.105888   0.173356  -0.066843
	   0.000814   0.001247  -0.007274  -0.000026  -0.000147  -0.002083   0.001160
	   0.000121  -0.001816   0.001428  -0.000155
	  -0.037317   0.056879   0.013714   0.010576   0.003902  -0.007396  -0.003713
	   0.045671   0.027369  -0.008013  -0.013861  -0.137766  -0.066843   0.204439
	  -0.004850  -0.006899   0.005566   0.000331   0.000119   0.006377   0.000145
	  -0.000120   0.006139  -0.000094   0.000691
	  -0.000088  -0.001935  -0.001661  -0.001780  -0.000486   0.000667   0.000288
	  -0.004875  -0.046064  -0.045304   0.009966   0.003950   0.000814  -0.004850
	   0.067114   0.008342   0.006705  -0.001399  -0.011679   0.013526   0.000701
	  -0.014455   0.010751  -0.002074   0.001251
	  -0.001040  -0.003849  -0.000954  -0.001889  -0.000358   0.000996   0.000251
	  -0.007167  -0.047334   0.009553  -0.043869   0.005762   0.001247  -0.006899
	   0.008342   0.067552   0.006566   0.001372   0.011622  -0.001978  -0.014429
	   0.014579   0.000979  -0.011472  -0.001530
	   0.007244  -0.002453  -0.001884  -0.003624  -0.000197  -0.000681  -0.000538
	   0.004004   0.009604  -0.043648  -0.043902   0.001758  -0.007274   0.005566
	   0.006705   0.006566   0.064644  -0.000011   0.000036  -0.013143   0.013462
	  -0.000053  -0.013233   0.013372   0.000059
	   0.000891   0.000245  -0.000155  -0.000123  -0.000074   0.000988  -0.000994
	  -0.000039   0.000085   0.004142  -0.004196   0.000111  -0.000026   0.000331
	  -0.001399   0.001372  -0.000011   0.014358  -0.007671  -0.006736  -0.006782
	   0.006762   0.007698   0.007651   0.000412
	  -0.000455   0.000042  -0.000210  -0.000131   0.000008  -0.001093   0.001002
	   0.000392   0.000293  -0.011637   0.011398  -0.000447  -0.000147   0.000119
	  -0.011679   0.011622   0.000036  -0.007671   0.023119   0.001537   0.001449
	   0.006931  -0.014651  -0.014740   0.007973
	   0.002003   0.005020  -0.000995  -0.000158  -0.000021  -0.001299  -0.000011
	   0.006872   0.011062  -0.006368  -0.003609  -0.004700  -0.002083   0.006377
	   0.013526  -0.001978  -0.013143  -0.006736   0.001537   0.021228  -0.000705
	  -0.012550   0.007141  -0.014792   0.006890
	   0.000754   0.001639  -0.001587   0.000609  -0.000473  -0.000029   0.000456
	   0.000603  -0.006151   0.001373   0.005407  -0.001731   0.001160   0.000145
	   0.000701  -0.014429   0.013462  -0.006782   0.001449  -0.000705   0.019710
	  -0.012514  -0.014667   0.005748   0.006723
	   0.000515   0.000123   0.000104   0.000122  -0.000014   0.000964  -0.000887
	  -0.000328  -0.000194  -0.002373   0.002530   0.000407   0.000121  -0.000120
	  -0.014455   0.014579  -0.000053   0.006762   0.006931  -0.012550  -0.012514
	   0.021207   0.001727   0.001763  -0.007033
	   0.002973   0.005101  -0.000681   0.000095  -0.000043   0.000758  -0.001899
	   0.006152   0.010575   0.002896  -0.012477  -0.003847  -0.001816   0.006139
	   0.010751   0.000979  -0.013233   0.007698  -0.014651   0.007141  -0.014667
	   0.001727   0.023519   0.001711  -0.008115
	   0.001723   0.001720  -0.001273   0.000862  -0.000495   0.002027  -0.001432
	  -0.000117  -0.006638   0.010638  -0.003461  -0.000877   0.001428  -0.000094
	  -0.002074  -0.011472   0.013372   0.007651  -0.014740  -0.014792   0.005748
	   0.001763   0.001711   0.022250  -0.008283
	  -0.000365   0.000721  -0.000132   0.000227   0.000019  -0.000991   0.000857
	   0.001140   0.000613  -0.004786   0.004383  -0.000973  -0.000155   0.000691
	   0.001251  -0.001530   0.000059   0.000412   0.007973   0.006890   0.006723
	  -0.007033  -0.008115  -0.008283   0.014915

2026-09-22:13:53:54,948 INFO     [psi4.optking.molsys:944] Projected (PHP) Hessian matrix
	   0.911447   0.101880  -0.001988  -0.012590   0.007607  -0.005113  -0.003107
	   0.005105   0.010558  -0.006490  -0.010449   0.041844  -0.004568  -0.037317
	  -0.000088  -0.001040   0.007244   0.000891  -0.000455   0.002003   0.000754
	   0.000515   0.002973   0.001723  -0.000365
	   0.101880   0.546240  -0.002439   0.015510   0.000229  -0.002144   0.001340
	   0.041414   0.008631   0.002982  -0.003605   0.010121  -0.066610   0.056879
	  -0.001935  -0.003849  -0.002453   0.000245   0.000042   0.005020   0.001639
	   0.000123   0.005101   0.001720   0.000721
	  -0.001988  -0.002439   0.334735   0.022932   0.000151   0.002091   0.000814
	   0.014489   0.001594   0.000392   0.002477  -0.024956   0.011245   0.013714
	  -0.001661  -0.000954  -0.001884  -0.000155  -0.000210  -0.000995  -0.001587
	   0.000104  -0.000681  -0.001273  -0.000132
	  -0.012590   0.015510   0.022932   0.533273   0.003911   0.002846   0.003108
	   0.031558  -0.001395   0.004799   0.003937  -0.024822   0.014731   0.010576
	  -0.001780  -0.001889  -0.003624  -0.000123  -0.000131  -0.000158   0.000609
	   0.000122   0.000095   0.000862   0.000227
	   0.007607   0.000229   0.000151   0.003911   0.356479   0.000227  -0.000041
	   0.005181   0.001360  -0.000463   0.000110  -0.000093  -0.003786   0.003902
	  -0.000486  -0.000358  -0.000197  -0.000074   0.000008  -0.000021  -0.000473
	  -0.000014  -0.000043  -0.000495   0.000019
	  -0.005113  -0.002144   0.002091   0.002846   0.000227   0.352203   0.000857
	  -0.005850  -0.004400   0.002777   0.000752   0.002809   0.004674  -0.007396
	   0.000667   0.000996  -0.000681   0.000988  -0.001093  -0.001299  -0.000029
	   0.000964   0.000758   0.002027  -0.000991
	  -0.003107   0.001340   0.000814   0.003108  -0.000041   0.000857   0.351469
	  -0.001875  -0.001838  -0.000328   0.002214  -0.000365   0.004021  -0.003713
	   0.000288   0.000251  -0.000538  -0.000994   0.001002  -0.000011   0.000456
	  -0.000887  -0.001899  -0.001432   0.000857
	   0.005105   0.041414   0.014489   0.031558   0.005181  -0.005850  -0.001875
	   0.215114   0.026101  -0.006364  -0.012358  -0.045736  -0.000208   0.045671
	  -0.004875  -0.007167   0.004004  -0.000039   0.000392   0.006872   0.000603
	  -0.000328   0.006152  -0.000117   0.001140
	   0.010558   0.008631   0.001594  -0.001395   0.001360  -0.004400  -0.001838
	   0.026101   0.129387  -0.022417  -0.026173  -0.012537  -0.014773   0.027369
	  -0.046064  -0.047334   0.009604   0.000085   0.000293   0.011062  -0.006151
	  -0.000194   0.010575  -0.006638   0.000613
	  -0.006490   0.002982   0.000392   0.004799  -0.000463   0.002777  -0.000328
	  -0.006364  -0.022417   0.119543  -0.017073  -0.001882   0.010112  -0.008013
	  -0.045304   0.009553  -0.043648   0.004142  -0.011637  -0.006368   0.001373
	  -0.002373   0.002896   0.010638  -0.004786
	  -0.010449  -0.003605   0.002477   0.003937   0.000110   0.000752   0.002214
	  -0.012358  -0.026173  -0.017073   0.121931   0.003256   0.010252  -0.013861
	   0.009966  -0.043869  -0.043902  -0.004196   0.011398  -0.003609   0.005407
	   0.002530  -0.012477  -0.003461   0.004383
	   0.041844   0.010121  -0.024956  -0.024822  -0.000093   0.002809  -0.000365
	  -0.045736  -0.012537  -0.001882   0.003256   0.243227  -0.105888  -0.137766
	   0.003950   0.005762   0.001758   0.000111  -0.000447  -0.004700  -0.001731
	   0.000407  -0.003847  -0.000877  -0.000973
	  -0.004568  -0.066610   0.011245   0.014731  -0.003786   0.004674   0.004021
	  -0.000208  -0.014773   0.010112   0.010252  -0.105888   0.173356  -0.066843
	   0.000814   0.001247  -0.007274  -0.000026  -0.000147  -0.002083   0.001160
	   0.000121  -0.001816   0.001428  -0.000155
	  -0.037317   0.056879   0.013714   0.010576   0.003902  -0.007396  -0.003713
	   0.045671   0.027369  -0.008013  -0.013861  -0.137766  -0.066843   0.204439
	  -0.004850  -0.006899   0.005566   0.000331   0.000119   0.006377   0.000145
	  -0.000120   0.006139  -0.000094   0.000691
	  -0.000088  -0.001935  -0.001661  -0.001780  -0.000486   0.000667   0.000288
	  -0.004875  -0.046064  -0.045304   0.009966   0.003950   0.000814  -0.004850
	   0.067114   0.008342   0.006705  -0.001399  -0.011679   0.013526   0.000701
	  -0.014455   0.010751  -0.002074   0.001251
	  -0.001040  -0.003849  -0.000954  -0.001889  -0.000358   0.000996   0.000251
	  -0.007167  -0.047334   0.009553  -0.043869   0.005762   0.001247  -0.006899
	   0.008342   0.067552   0.006566   0.001372   0.011622  -0.001978  -0.014429
	   0.014579   0.000979  -0.011472  -0.001530
	   0.007244  -0.002453  -0.001884  -0.003624  -0.000197  -0.000681  -0.000538
	   0.004004   0.009604  -0.043648  -0.043902   0.001758  -0.007274   0.005566
	   0.006705   0.006566   0.064644  -0.000011   0.000036  -0.013143   0.013462
	  -0.000053  -0.013233   0.013372   0.000059
	   0.000891   0.000245  -0.000155  -0.000123  -0.000074   0.000988  -0.000994
	  -0.000039   0.000085   0.004142  -0.004196   0.000111  -0.000026   0.000331
	  -0.001399   0.001372  -0.000011   0.014358  -0.007671  -0.006736  -0.006782
	   0.006762   0.007698   0.007651   0.000412
	  -0.000455   0.000042  -0.000210  -0.000131   0.000008  -0.001093   0.001002
	   0.000392   0.000293  -0.011637   0.011398  -0.000447  -0.000147   0.000119
	  -0.011679   0.011622   0.000036  -0.007671   0.023119   0.001537   0.001449
	   0.006931  -0.014651  -0.014740   0.007973
	   0.002003   0.005020  -0.000995  -0.000158  -0.000021  -0.001299  -0.000011
	   0.006872   0.011062  -0.006368  -0.003609  -0.004700  -0.002083   0.006377
	   0.013526  -0.001978  -0.013143  -0.006736   0.001537   0.021228  -0.000705
	  -0.012550   0.007141  -0.014792   0.006890
	   0.000754   0.001639  -0.001587   0.000609  -0.000473  -0.000029   0.000456
	   0.000603  -0.006151   0.001373   0.005407  -0.001731   0.001160   0.000145
	   0.000701  -0.014429   0.013462  -0.006782   0.001449  -0.000705   0.019710
	  -0.012514  -0.014667   0.005748   0.006723
	   0.000515   0.000123   0.000104   0.000122  -0.000014   0.000964  -0.000887
	  -0.000328  -0.000194  -0.002373   0.002530   0.000407   0.000121  -0.000120
	  -0.014455   0.014579  -0.000053   0.006762   0.006931  -0.012550  -0.012514
	   0.021207   0.001727   0.001763  -0.007033
	   0.002973   0.005101  -0.000681   0.000095  -0.000043   0.000758  -0.001899
	   0.006152   0.010575   0.002896  -0.012477  -0.003847  -0.001816   0.006139
	   0.010751   0.000979  -0.013233   0.007698  -0.014651   0.007141  -0.014667
	   0.001727   0.023519   0.001711  -0.008115
	   0.001723   0.001720  -0.001273   0.000862  -0.000495   0.002027  -0.001432
	  -0.000117  -0.006638   0.010638  -0.003461  -0.000877   0.001428  -0.000094
	  -0.002074  -0.011472   0.013372   0.007651  -0.014740  -0.014792   0.005748
	   0.001763   0.001711   0.022250  -0.008283
	  -0.000365   0.000721  -0.000132   0.000227   0.000019  -0.000991   0.000857
	   0.001140   0.000613  -0.004786   0.004383  -0.000973  -0.000155   0.000691
	   0.001251  -0.001530   0.000059   0.000412   0.007973   0.006890   0.006723
	  -0.007033  -0.008115  -0.008283   0.014915

2026-09-22:13:53:54,948 INFO     [psi4.optking.opt_helper:182] 
	         Geometry (au)                                       Gradient (au)
   0.1028506226   0.1699528822   0.0400704481		  -0.0000222782   0.0000066859   0.0000008956
   1.4451509362   1.9171083519   0.4610499025		  -0.0000006788  -0.0000156111   0.0000100629
   1.0001199606  -2.1196544968  -0.4994594617		   0.0000318393  -0.0000002106  -0.0000102855
   2.7975840383  -2.0372762979  -0.4710681648		   0.0000028550  -0.0000127324  -0.0000011653
  -2.7348713640   0.2184725841   0.0411517944		  -0.0000157087   0.0000176690  -0.0000290990
  -3.3864824573   2.1043075880   0.4652692489		  -0.0000120311   0.0000019813   0.0000030735
  -3.4360405341  -0.3756806437  -1.7890428033		   0.0000060106  -0.0000063196   0.0000134847
  -3.4442646071  -1.1017118270   1.4373299709		   0.0000099920   0.0000085375   0.0000130332

2026-09-22:13:53:54,948 INFO     [psi4.optking.stepAlgorithms:368] 	Current Step Report 
 
	Current energy:      -227.8102901729
	Energy change for the previous step:
		Actual       :        -0.0000001252
		Projected    :        -0.0000001021

2026-09-22:13:53:54,948 INFO     [psi4.optking.stepAlgorithms:371] 	Energy ratio =    1.22572
2026-09-22:13:53:54,949 INFO     [psi4.optking.stepAlgorithms:929] 	Using RFO solution 1.
2026-09-22:13:53:54,950 INFO     [psi4.optking.displace:100] 	Determining Cartesian step for fragment 1.
2026-09-22:13:53:54,954 INFO     [psi4.optking.displace:415] 	Successfully converged to displaced geometry.
2026-09-22:13:53:54,954 INFO     [psi4.optking.displace:416] 	RMS(dx):  5.398e-13 	Max(dx):  1.371e-12 	RMS(dq):  1.025e-08
2026-09-22:13:53:54,957 INFO     [psi4.optking.displace:172] 

	        --- Internal Coordinate Step in ANG or DEG, aJ/ANG or AJ/DEG ---
	-------------------------------------------------------------------------------
	           Coordinate      Previous         Force          Change          New 
	           ----------      --------        ------          ------        ------
	               R(1,2)       1.18700        0.00009        0.00002       1.18702
	               R(1,3)       1.33228       -0.00022        0.00001       1.33228
	               R(1,5)       1.50188       -0.00010       -0.00005       1.50183
	               R(3,4)       0.95229       -0.00002        0.00000       0.95229
	               R(5,6)       1.07942       -0.00005       -0.00002       1.07941
	               R(5,7)       1.08375        0.00010        0.00003       1.08378
	               R(5,8)       1.08390        0.00000       -0.00001       1.08389
	             B(1,3,4)     108.11736       -0.00000        0.00433     108.12169
	             B(1,5,6)     109.58979       -0.00000        0.00250     109.59229
	             B(1,5,7)     109.69536        0.00000       -0.01030     109.68506
	             B(1,5,8)     109.60458        0.00000        0.01211     109.61670
	             B(2,1,3)     122.36435        0.00000       -0.00223     122.36212
	             B(2,1,5)     125.79843        0.00000        0.00007     125.79850
	             B(3,1,5)     111.83719       -0.00000        0.00217     111.83937
	             B(6,5,7)     110.16071       -0.00000       -0.00880     110.15191
	             B(6,5,8)     110.09140        0.00000        0.00819     110.09959
	             B(7,5,8)     107.67286       -0.00000       -0.00376     107.66910
	           D(2,1,3,4)       0.01980       -0.00000       -0.00503       0.01476
	           D(2,1,5,6)       0.65334       -0.00000       -0.16112       0.49222
	           D(2,1,5,7)     121.71456       -0.00000       -0.17691     121.53764
	           D(2,1,5,8)    -120.26517       -0.00000       -0.18040    -120.44557
	           D(3,1,5,6)    -179.40275        0.00000       -0.14789    -179.55064
	           D(3,1,5,7)     -58.34153       -0.00000       -0.16369     -58.50522
	           D(3,1,5,8)      59.67875       -0.00000       -0.16718      59.51157
	           D(4,3,1,5)    -179.92635       -0.00000       -0.01773    -179.94408
	-------------------------------------------------------------------------------

2026-09-22:13:53:54,957 INFO     [psi4.optking.stepAlgorithms:113] 	|target step| :    0.0071376774
2026-09-22:13:53:54,957 INFO     [psi4.optking.stepAlgorithms:114] 	gradient     :   -0.0000191751
2026-09-22:13:53:54,957 INFO     [psi4.optking.stepAlgorithms:115] 	hessian      :    0.0026863243
2026-09-22:13:53:54,957 INFO     [psi4.optking.stepAlgorithms:113] 	|target step| :    0.0071376774
2026-09-22:13:53:54,957 INFO     [psi4.optking.stepAlgorithms:114] 	gradient     :   -0.0000191751
2026-09-22:13:53:54,957 INFO     [psi4.optking.stepAlgorithms:115] 	hessian      :    0.0026863243
2026-09-22:13:53:54,957 INFO     [psi4.optking.stepAlgorithms:206] 	Norm of achieved step-size    0.0071376774
2026-09-22:13:53:54,957 INFO     [psi4.optking.stepAlgorithms:208] 	Norm of achieved step-size (cart):    0.0066670042
2026-09-22:13:53:54,958 INFO     [psi4.optking.opt_helper:164] Molsys:

	                            ===> Fragment 1 <== 

	 Z (Atomic Numbers)          Masses                          Geom                  
	       6.000000            12.000000          0.10280291  0.17007350  0.03959774   
	       8.000000            15.994915          1.44516058  1.91799152  0.45742560   
	       8.000000            15.994915          1.00012894 -2.12020844 -0.49702214   
	       1.000000             1.007825          2.79760302 -2.03765373 -0.46974773   
	       6.000000            12.000000         -2.73483259  0.21846369  0.04135951   
	       1.000000             1.007825         -3.38650916  2.10370049  0.46788741   
	       1.000000             1.007825         -3.43603880 -0.37306099 -1.78972663   
	       1.000000             1.007825         -3.44426830 -1.10378790  1.43552717   

	 - Coordinate -           - BOHR/RAD -       - ANG/DEG -
	 R(1,2)           =         2.243150           1.187024
	 R(1,3)           =         2.517647           1.332281
	 R(1,5)           =         2.838049           1.501831
	 R(3,4)           =         1.799576           0.952294
	 R(5,6)           =         2.039786           1.079408
	 R(5,7)           =         2.048040           1.083776
	 R(5,8)           =         2.048256           1.083890
	 B(1,3,4)         =         1.887080         108.121692
	 B(1,5,6)         =         1.912746         109.592289
	 B(1,5,7)         =         1.914365         109.685056
	 B(1,5,8)         =         1.913172         109.616695
	 B(2,1,3)         =         2.135622         122.362123
	 B(2,1,5)         =         2.195598         125.798496
	 B(3,1,5)         =         1.951965         111.839367
	 B(6,5,7)         =         1.922513         110.151909
	 B(6,5,8)         =         1.921600         110.099592
	 B(7,5,8)         =         1.879180         107.669100
	 D(2,1,3,4)       =         0.000258           0.014764
	 D(2,1,5,6)       =         0.008591           0.492221
	 D(2,1,5,7)       =         2.121232         121.537644
	 D(2,1,5,8)       =        -2.102172        -120.445570
	 D(3,1,5,6)       =        -3.133750        -179.550640
	 D(3,1,5,7)       =        -1.021109         -58.505217
	 D(3,1,5,8)       =         1.038673          59.511570
	 D(4,3,1,5)       =        -3.140617        -179.944081

2026-09-22:13:53:54,958 INFO     [psi4.optking.convcheck:76] Performing convergence check.
2026-09-22:13:53:54,958 INFO     [psi4.optking.convcheck:282] 
	                                 ==> Convergence Check <==                                  
    
	Measures of convergence in internal coordinates in au.
    
	Criteria marked as inactive (o), active & met (*), and active & unmet ( ).

	----------------------------------------------------------------------------------------------
	   Step    Total Energy     Delta E     Max Force     RMS Force      Max Disp      RMS Disp   
	----------------------------------------------------------------------------------------------
	  Convergence Criteria     1.00e-06 *    3.00e-04 *             o    1.20e-03 *             o
	----------------------------------------------------------------------------------------------
	     7    -227.81029017   -1.25e-07 *    2.66e-05 *    1.28e-05 o    3.15e-03      1.43e-03 o  ~
	----------------------------------------------------------------------------------------------


2026-09-22:13:53:54,958 INFO     [psi4.optking.convcheck:206] 
	                      ===> Final Convergence Report <===                     

	----------------------------------------------------------------------------
	|   Required Criteria    |  One or More Criteria  |   Alternate Criteria   |
	----------------------------------------------------------------------------
	| [x]     max_force      | [x]       max_DE       |                        |
	|                        | [ ]      max_disp      |                        |
	----------------------------------------------------------------------------


2026-09-22:13:53:54,958 INFO     [psi4.optking.stepAlgorithms:296] 	Convergence check returned True
2026-09-22:13:53:54,958 INFO     [psi4.optking.optimize:332] 	Converged in 7 steps!
2026-09-22:13:53:54,958 INFO     [psi4.optking.optimize:333] 	Final energy is   -227.8102901729052
2026-09-22:13:53:54,958 INFO     [psi4.optking.optimize:334] 	Final structure (Angstroms): 
	Fragment 1 (Ang)

	    C   0.0544009546   0.0899990224   0.0209542231
	    O   0.7647460440   1.0149574015   0.2420592023
	    O   0.5292454443  -1.1219659877  -0.2630127884
	    H   1.4804277627  -1.0782799172  -0.2485797959
	    C  -1.4472110796   0.1156060058   0.0218865120
	    H  -1.7920634700   1.1132303587   0.2475953540
	    H  -1.8182734300  -0.1974153736  -0.9470825448
	    H  -1.8226282939  -0.5840994046   0.7596482642


2026-09-22:13:53:54,959 INFO     [psi4.optking.optimize:562] 	Optimization Finished

	==> Optimization Summary <==

        
	Measures of convergence in internal coordinates in au. (Any backward steps not shown.)
        
	---------------------------------------------------------------------------------------------------------------  ~
        
	 Step         Total Energy             Delta E       MAX Force       RMS Force        MAX Disp        RMS Disp   ~
        
	---------------------------------------------------------------------------------------------------------------  ~
        
	     1    -227.805840405220   -227.805840405220      0.06351944      0.01539192      0.08131135      0.02479162  ~
	     2    -227.810106766115     -0.004266360896      0.01034199      0.00244064      0.01596409      0.00607793  ~
	     3    -227.810273370716     -0.000166604601      0.00195131      0.00064306      0.02489109      0.01210001  ~
	     4    -227.810206722575      0.000066648141      0.00121655      0.00070582      0.02218638      0.01206580  ~
	     5    -227.810278725108     -0.000072002534      0.00157813      0.00057766      0.00366929      0.00212395  ~
	     6    -227.810290047741     -0.000011322633      0.00008890      0.00003355      0.00174652      0.00078366  ~
	     7    -227.810290172905     -0.000000125164      0.00002659      0.00001281      0.00314862      0.00142754  ~
	----------------------------------------------------------------------------------------------------------------


2026-09-22:13:53:54,959 INFO     [psi4.optking.optimize:806] Preparing OptimizationResult
