
Scratch directory: /tmp/
   => Libint2 <=

    Primary   basis highest AM E, G, H:  7, 6, 3
    Auxiliary basis highest AM E, G, H:  7, 7, 4
    Onebody   basis highest AM E, G, H:  -, -, -
    Solid Harmonics ordering:            Gaussian

*** tstart() called on CHEM4VYDH4JALT
*** at Mon Aug  3 16:17:20 2026

   => Loading Basis Set <=

    Name: STO-3G
    Role: ORBITAL
    Keyword: BASIS
    atoms 1 entry B          line    51 file /Users/jfoley19/miniforge3/envs/p4dev/share/psi4/basis/sto-3g.gbs 


         ---------------------------------------------------------
                                   SCF
               by Justin Turney, Rob Parrish, Andy Simmonett
                          and Daniel G. A. Smith
                              UHF Reference
                        1 Threads,    476 MiB Core
         ---------------------------------------------------------

  ==> Geometry <==

    Molecular point group: d2h
    Geometry (in Angstrom), charge = 0, multiplicity = 2:

       Center              X                  Y                   Z               Mass       
    ------------   -----------------  -----------------  -----------------  -----------------
         B            0.000000000000     0.000000000000     0.000000000000    11.009305360000

  Running in d2h symmetry.

  Rotational constants: A = ************  B = ************  C = ************ [cm^-1]
  Rotational constants: A = ************  B = ************  C = ************ [MHz]
  Nuclear repulsion =    0.000000000000000

  Charge       = 0
  Multiplicity = 2
  Electrons    = 5
  Nalpha       = 3
  Nbeta        = 2

  ==> Algorithm <==

  SCF Algorithm Type is DF.
  DIIS enabled.
  MOM disabled.
  Fractional occupation disabled.
  Guess Type is CORE.
  Energy threshold   = 1.00e-06
  Density threshold  = 1.00e-06
  Integral threshold = 1.00e-12

  ==> Primary Basis <==

  Basis Set: STO-3G
    Blend: STO-3G
    Number of shells: 3
    Number of basis functions: 5
    Number of Cartesian functions: 5
    Spherical Harmonics?: true
    Max angular momentum: 1

   => Loading Basis Set <=

    Name: (STO-3G AUX)
    Role: JKFIT
    Keyword: DF_BASIS_SCF
    atoms 1 entry B          line   138 file /Users/jfoley19/miniforge3/envs/p4dev/share/psi4/basis/def2-universal-jkfit.gbs 

  ==> Integral Setup <==

  DFHelper Memory: AOs need 0.000 GiB; user supplied 0.349 GiB. 
  SCF_SUBTYPE=INCORE selected. In-core MEM_DF algorithm will be used.
  Using in-core AOs.

  ==> MemDFJK: Density-Fitted J/K Matrices <==

    J tasked:                   Yes
    K tasked:                   Yes
    wK tasked:                   No
    OpenMP threads:               1
    Memory [MiB]:               357
    Algorithm:                 Core
    Schwarz Cutoff:           1E-12
    Mask sparsity (%):       0.0000
    Fitting Condition:        1E-10

   => Auxiliary Basis Set <=

  Basis Set: (STO-3G AUX)
    Blend: DEF2-UNIVERSAL-JKFIT
    Number of shells: 25
    Number of basis functions: 75
    Number of Cartesian functions: 89
    Spherical Harmonics?: true
    Max angular momentum: 4

  Minimum eigenvalue in the overlap matrix is 7.3067221069E-01.
  Reciprocal condition number of the overlap matrix is 5.7563713395E-01.
    Using symmetric orthogonalization.

  ==> Pre-Iterations <==

  SCF Guess: Core (One-Electron) Hamiltonian.

   -------------------------------------------------------
    Irrep   Nso     Nmo     Nalpha   Nbeta   Ndocc  Nsocc
   -------------------------------------------------------
     Ag         2       2       2       2       2       0
     B1g        0       0       0       0       0       0
     B2g        0       0       0       0       0       0
     B3g        0       0       0       0       0       0
     Au         0       0       0       0       0       0
     B1u        1       1       0       0       0       0
     B2u        1       1       1       0       0       1
     B3u        1       1       0       0       0       0
   -------------------------------------------------------
    Total       5       5       3       2       2       1
   -------------------------------------------------------

  ==> Iterations <==

                           Total Energy        Delta E     RMS |[F,P]|

   @DF-UHF iter   1:   -24.14911660463527   -2.41491e+01   8.71451e-16 DIIS
   @DF-UHF iter   2:   -24.14911660463527    0.00000e+00   8.71451e-16 DIIS
  Energy and wave function converged.


  ==> Post-Iterations <==

   @Spin Contamination Metric:   2.220446049E-15
   @S^2 Expected:                7.500000000E-01
   @S^2 Observed:                7.500000000E-01
   @S   Expected:                5.000000000E-01
   @S   Observed:                5.000000000E-01

    Orbital Energies [Eh]
    ---------------------

    Alpha Occupied:                                                       

       1Ag    -7.265954     2Ag    -0.428286     1B2u   -0.200517  

    Alpha Virtual:                                                        

       1B1u    0.291370     1B3u    0.291370  

    Beta Occupied:                                                        

       1Ag    -7.244337     2Ag    -0.315717  

    Beta Virtual:                                                         

       1B1u    0.322998     1B3u    0.322998     1B2u    0.386253  

    Final Occupation by Irrep:
             Ag   B1g   B2g   B3g    Au   B1u   B2u   B3u 
    DOCC [     2,    0,    0,    0,    0,    0,    0,    0 ]
    SOCC [     0,    0,    0,    0,    0,    0,    1,    0 ]
    NA   [     2,    0,    0,    0,    0,    0,    1,    0 ]
    NB   [     2,    0,    0,    0,    0,    0,    0,    0 ]

  @DF-UHF Final Energy:   -24.14911660463527

   => Energetics <=

    Nuclear Repulsion Energy =              0.0000000000000000
    One-Electron Energy =                 -32.8434223588098888
    Two-Electron Energy =                   8.6943057541746143
    Total Energy =                        -24.1491166046352745

  UHF NO Occupations:
  HONO-2 :    1 Ag 2.0000000
  HONO-1 :    2 Ag 2.0000000
  HONO-0 :    1B2u 1.0000000
  LUNO+0 :    1B3u 0.0000000
  LUNO+1 :    1B1u 0.0000000


Computation Completed


Properties will be evaluated at   0.000000,   0.000000,   0.000000 [a0]

Properties computed using the SCF density matrix


 Multipole Moments:

 ------------------------------------------------------------------------------------
     Multipole            Electronic (a.u.)      Nuclear  (a.u.)        Total (a.u.)
 ------------------------------------------------------------------------------------

 L = 1.  Multiply by 2.5417464519 to convert [e a0] to [Debye]
 Dipole X            :          0.0000000            0.0000000            0.0000000
 Dipole Y            :          0.0000000            0.0000000            0.0000000
 Dipole Z            :          0.0000000            0.0000000            0.0000000
 Magnitude           :                                                    0.0000000

 ------------------------------------------------------------------------------------

*** tstop() called on CHEM4VYDH4JALT at Mon Aug  3 16:17:20 2026
Module time:
	user time   =       0.03 seconds =       0.00 minutes
	system time =       0.00 seconds =       0.00 minutes
	total time  =          0 seconds =       0.00 minutes
Total time:
	user time   =       0.03 seconds =       0.00 minutes
	system time =       0.00 seconds =       0.00 minutes
	total time  =          0 seconds =       0.00 minutes

Scratch directory: /tmp/
   => Libint2 <=

    Primary   basis highest AM E, G, H:  7, 6, 3
    Auxiliary basis highest AM E, G, H:  7, 7, 4
    Onebody   basis highest AM E, G, H:  -, -, -
    Solid Harmonics ordering:            Gaussian

*** tstart() called on CHEM4VYDH4JALT
*** at Mon Aug  3 16:17:20 2026

   => Loading Basis Set <=

    Name: 3-21G
    Role: ORBITAL
    Keyword: BASIS
    atoms 1 entry B          line    57 file /Users/jfoley19/miniforge3/envs/p4dev/share/psi4/basis/3-21g.gbs 


         ---------------------------------------------------------
                                   SCF
               by Justin Turney, Rob Parrish, Andy Simmonett
                          and Daniel G. A. Smith
                              UHF Reference
                        1 Threads,    476 MiB Core
         ---------------------------------------------------------

  ==> Geometry <==

    Molecular point group: d2h
    Geometry (in Angstrom), charge = 0, multiplicity = 2:

       Center              X                  Y                   Z               Mass       
    ------------   -----------------  -----------------  -----------------  -----------------
         B            0.000000000000     0.000000000000     0.000000000000    11.009305360000

  Running in d2h symmetry.

  Rotational constants: A = ************  B = ************  C = ************ [cm^-1]
  Rotational constants: A = ************  B = ************  C = ************ [MHz]
  Nuclear repulsion =    0.000000000000000

  Charge       = 0
  Multiplicity = 2
  Electrons    = 5
  Nalpha       = 3
  Nbeta        = 2

  ==> Algorithm <==

  SCF Algorithm Type is DF.
  DIIS enabled.
  MOM disabled.
  Fractional occupation disabled.
  Guess Type is CORE.
  Energy threshold   = 1.00e-06
  Density threshold  = 1.00e-06
  Integral threshold = 1.00e-12

  ==> Primary Basis <==

  Basis Set: 3-21G
    Blend: 3-21G
    Number of shells: 5
    Number of basis functions: 9
    Number of Cartesian functions: 9
    Spherical Harmonics?: false
    Max angular momentum: 1

   => Loading Basis Set <=

    Name: (3-21G AUX)
    Role: JKFIT
    Keyword: DF_BASIS_SCF
    atoms 1 entry B          line   138 file /Users/jfoley19/miniforge3/envs/p4dev/share/psi4/basis/def2-universal-jkfit.gbs 

  ==> Integral Setup <==

  DFHelper Memory: AOs need 0.000 GiB; user supplied 0.349 GiB. 
  SCF_SUBTYPE=INCORE selected. In-core MEM_DF algorithm will be used.
  Using in-core AOs.

  ==> MemDFJK: Density-Fitted J/K Matrices <==

    J tasked:                   Yes
    K tasked:                   Yes
    wK tasked:                   No
    OpenMP threads:               1
    Memory [MiB]:               357
    Algorithm:                 Core
    Schwarz Cutoff:           1E-12
    Mask sparsity (%):       0.0000
    Fitting Condition:        1E-10

   => Auxiliary Basis Set <=

  Basis Set: (3-21G AUX)
    Blend: DEF2-UNIVERSAL-JKFIT
    Number of shells: 25
    Number of basis functions: 89
    Number of Cartesian functions: 89
    Spherical Harmonics?: false
    Max angular momentum: 4

  Minimum eigenvalue in the overlap matrix is 2.2463811695E-01.
  Reciprocal condition number of the overlap matrix is 1.2141696678E-01.
    Using symmetric orthogonalization.

  ==> Pre-Iterations <==

  SCF Guess: Core (One-Electron) Hamiltonian.

   -------------------------------------------------------
    Irrep   Nso     Nmo     Nalpha   Nbeta   Ndocc  Nsocc
   -------------------------------------------------------
     Ag         3       3       2       2       2       0
     B1g        0       0       0       0       0       0
     B2g        0       0       0       0       0       0
     B3g        0       0       0       0       0       0
     Au         0       0       0       0       0       0
     B1u        2       2       0       0       0       0
     B2u        2       2       1       0       0       1
     B3u        2       2       0       0       0       0
   -------------------------------------------------------
    Total       9       9       3       2       2       1
   -------------------------------------------------------

  ==> Iterations <==

                           Total Energy        Delta E     RMS |[F,P]|

   @DF-UHF iter   1:   -23.71280309913788   -2.37128e+01   1.47803e-01 ADIIS
   @DF-UHF iter   2:   -24.37772814596854   -6.64925e-01   2.23150e-02 DIIS/ADIIS
   @DF-UHF iter   3:   -24.38905155792228   -1.13234e-02   4.39094e-03 DIIS/ADIIS
   @DF-UHF iter   4:   -24.38969016564943   -6.38608e-04   1.46983e-03 DIIS/ADIIS
   @DF-UHF iter   5:   -24.38977298591802   -8.28203e-05   6.02618e-05 DIIS
   @DF-UHF iter   6:   -24.38977307185442   -8.59364e-08   1.05509e-05 DIIS
   @DF-UHF iter   7:   -24.38977307429634   -2.44191e-09   8.32332e-08 DIIS
  Energy and wave function converged.


  ==> Post-Iterations <==

   @Spin Contamination Metric:   3.119725549E-04
   @S^2 Expected:                7.500000000E-01
   @S^2 Observed:                7.503119726E-01
   @S   Expected:                5.000000000E-01
   @S   Observed:                5.000000000E-01

    Orbital Energies [Eh]
    ---------------------

    Alpha Occupied:                                                       

       1Ag    -7.648062     2Ag    -0.536895     1B2u   -0.307156  

    Alpha Virtual:                                                        

       1B1u    0.063388     1B3u    0.063388     2B2u    0.598008  
       2B1u    0.659305     2B3u    0.659305     3Ag     0.777203  

    Beta Occupied:                                                        

       1Ag    -7.634360     2Ag    -0.440902  

    Beta Virtual:                                                         

       1B1u    0.084707     1B3u    0.084707     1B2u    0.127480  
       2B1u    0.673566     2B3u    0.673566     2B2u    0.714583  
       3Ag     0.810197  

    Final Occupation by Irrep:
             Ag   B1g   B2g   B3g    Au   B1u   B2u   B3u 
    DOCC [     2,    0,    0,    0,    0,    0,    0,    0 ]
    SOCC [     0,    0,    0,    0,    0,    0,    1,    0 ]
    NA   [     2,    0,    0,    0,    0,    0,    1,    0 ]
    NB   [     2,    0,    0,    0,    0,    0,    0,    0 ]

  @DF-UHF Final Energy:   -24.38977307429634

   => Energetics <=

    Nuclear Repulsion Energy =              0.0000000000000000
    One-Electron Energy =                 -32.2121698437992734
    Two-Electron Energy =                   7.8223967695029391
    Total Energy =                        -24.3897730742963361

  UHF NO Occupations:
  HONO-2 :    1 Ag 2.0000000
  HONO-1 :    2 Ag 1.9998440
  HONO-0 :    1B2u 1.0000000
  LUNO+0 :    3 Ag 0.0001560
  LUNO+1 :    2B2u 0.0000000
  LUNO+2 :    2B3u 0.0000000
  LUNO+3 :    1B3u 0.0000000


Computation Completed


Properties will be evaluated at   0.000000,   0.000000,   0.000000 [a0]

Properties computed using the SCF density matrix


 Multipole Moments:

 ------------------------------------------------------------------------------------
     Multipole            Electronic (a.u.)      Nuclear  (a.u.)        Total (a.u.)
 ------------------------------------------------------------------------------------

 L = 1.  Multiply by 2.5417464519 to convert [e a0] to [Debye]
 Dipole X            :          0.0000000            0.0000000            0.0000000
 Dipole Y            :          0.0000000            0.0000000            0.0000000
 Dipole Z            :          0.0000000            0.0000000            0.0000000
 Magnitude           :                                                    0.0000000

 ------------------------------------------------------------------------------------

*** tstop() called on CHEM4VYDH4JALT at Mon Aug  3 16:17:20 2026
Module time:
	user time   =       0.14 seconds =       0.00 minutes
	system time =       0.02 seconds =       0.00 minutes
	total time  =          0 seconds =       0.00 minutes
Total time:
	user time   =       0.41 seconds =       0.01 minutes
	system time =       0.06 seconds =       0.00 minutes
	total time  =          0 seconds =       0.00 minutes

Scratch directory: /tmp/
   => Libint2 <=

    Primary   basis highest AM E, G, H:  7, 6, 3
    Auxiliary basis highest AM E, G, H:  7, 7, 4
    Onebody   basis highest AM E, G, H:  -, -, -
    Solid Harmonics ordering:            Gaussian

*** tstart() called on CHEM4VYDH4JALT
*** at Mon Aug  3 16:17:20 2026

   => Loading Basis Set <=

    Name: 6-31G
    Role: ORBITAL
    Keyword: BASIS
    atoms 1 entry B          line    72 file /Users/jfoley19/miniforge3/envs/p4dev/share/psi4/basis/6-31g.gbs 


         ---------------------------------------------------------
                                   SCF
               by Justin Turney, Rob Parrish, Andy Simmonett
                          and Daniel G. A. Smith
                              UHF Reference
                        1 Threads,    476 MiB Core
         ---------------------------------------------------------

  ==> Geometry <==

    Molecular point group: d2h
    Geometry (in Angstrom), charge = 0, multiplicity = 2:

       Center              X                  Y                   Z               Mass       
    ------------   -----------------  -----------------  -----------------  -----------------
         B            0.000000000000     0.000000000000     0.000000000000    11.009305360000

  Running in d2h symmetry.

  Rotational constants: A = ************  B = ************  C = ************ [cm^-1]
  Rotational constants: A = ************  B = ************  C = ************ [MHz]
  Nuclear repulsion =    0.000000000000000

  Charge       = 0
  Multiplicity = 2
  Electrons    = 5
  Nalpha       = 3
  Nbeta        = 2

  ==> Algorithm <==

  SCF Algorithm Type is DF.
  DIIS enabled.
  MOM disabled.
  Fractional occupation disabled.
  Guess Type is CORE.
  Energy threshold   = 1.00e-06
  Density threshold  = 1.00e-06
  Integral threshold = 1.00e-12

  ==> Primary Basis <==

  Basis Set: 6-31G
    Blend: 6-31G
    Number of shells: 5
    Number of basis functions: 9
    Number of Cartesian functions: 9
    Spherical Harmonics?: false
    Max angular momentum: 1

   => Loading Basis Set <=

    Name: (6-31G AUX)
    Role: JKFIT
    Keyword: DF_BASIS_SCF
    atoms 1 entry B          line    71 file /Users/jfoley19/miniforge3/envs/p4dev/share/psi4/basis/cc-pvdz-jkfit.gbs 

  ==> Integral Setup <==

  DFHelper Memory: AOs need 0.000 GiB; user supplied 0.349 GiB. 
  SCF_SUBTYPE=INCORE selected. In-core MEM_DF algorithm will be used.
  Using in-core AOs.

  ==> MemDFJK: Density-Fitted J/K Matrices <==

    J tasked:                   Yes
    K tasked:                   Yes
    wK tasked:                   No
    OpenMP threads:               1
    Memory [MiB]:               357
    Algorithm:                 Core
    Schwarz Cutoff:           1E-12
    Mask sparsity (%):       0.0000
    Fitting Condition:        1E-10

   => Auxiliary Basis Set <=

  Basis Set: (6-31G AUX)
    Blend: CC-PVDZ-JKFIT
    Number of shells: 24
    Number of basis functions: 81
    Number of Cartesian functions: 81
    Spherical Harmonics?: false
    Max angular momentum: 3

  Minimum eigenvalue in the overlap matrix is 1.5185373104E-01.
  Reciprocal condition number of the overlap matrix is 7.8190461012E-02.
    Using symmetric orthogonalization.

  ==> Pre-Iterations <==

  SCF Guess: Core (One-Electron) Hamiltonian.

   -------------------------------------------------------
    Irrep   Nso     Nmo     Nalpha   Nbeta   Ndocc  Nsocc
   -------------------------------------------------------
     Ag         3       3       2       2       2       0
     B1g        0       0       0       0       0       0
     B2g        0       0       0       0       0       0
     B3g        0       0       0       0       0       0
     Au         0       0       0       0       0       0
     B1u        2       2       0       0       0       0
     B2u        2       2       0       0       0       0
     B3u        2       2       1       0       0       1
   -------------------------------------------------------
    Total       9       9       3       2       2       1
   -------------------------------------------------------

  ==> Iterations <==

                           Total Energy        Delta E     RMS |[F,P]|

   @DF-UHF iter   1:   -23.96154903611333   -2.39615e+01   1.21787e-01 ADIIS
   @DF-UHF iter   2:   -24.50244502811908   -5.40896e-01   2.51487e-02 DIIS/ADIIS
   @DF-UHF iter   3:   -24.51871688202735   -1.62719e-02   4.28382e-03 DIIS/ADIIS
   @DF-UHF iter   4:   -24.51937458242453   -6.57700e-04   1.63995e-03 DIIS/ADIIS
   @DF-UHF iter   5:   -24.51949109186800   -1.16509e-04   1.06780e-04 DIIS/ADIIS
   @DF-UHF iter   6:   -24.51949140563573   -3.13768e-07   2.17449e-05 DIIS
   @DF-UHF iter   7:   -24.51949141706848   -1.14327e-08   3.69833e-07 DIIS
  Energy and wave function converged.


  ==> Post-Iterations <==

   @Spin Contamination Metric:   4.378769243E-04
   @S^2 Expected:                7.500000000E-01
   @S^2 Observed:                7.504378769E-01
   @S   Expected:                5.000000000E-01
   @S   Observed:                5.000000000E-01

    Orbital Energies [Eh]
    ---------------------

    Alpha Occupied:                                                       

       1Ag    -7.677144     2Ag    -0.532287     1B3u   -0.300849  

    Alpha Virtual:                                                        

       1B1u    0.075897     1B2u    0.075897     2B3u    0.579239  
       3Ag     0.604475     2B1u    0.639143     2B2u    0.639143  

    Beta Occupied:                                                        

       1Ag    -7.662178     2Ag    -0.433301  

    Beta Virtual:                                                         

       1B1u    0.097611     1B2u    0.097611     1B3u    0.141268  
       3Ag     0.634857     2B1u    0.653131     2B2u    0.653131  
       2B3u    0.693613  

    Final Occupation by Irrep:
             Ag   B1g   B2g   B3g    Au   B1u   B2u   B3u 
    DOCC [     2,    0,    0,    0,    0,    0,    0,    0 ]
    SOCC [     0,    0,    0,    0,    0,    0,    0,    1 ]
    NA   [     2,    0,    0,    0,    0,    0,    0,    1 ]
    NB   [     2,    0,    0,    0,    0,    0,    0,    0 ]

  @DF-UHF Final Energy:   -24.51949141706848

   => Energetics <=

    Nuclear Repulsion Energy =              0.0000000000000000
    One-Electron Energy =                 -32.4332180933737959
    Two-Electron Energy =                   7.9137266763053171
    Total Energy =                        -24.5194914170684797

  UHF NO Occupations:
  HONO-2 :    1 Ag 2.0000000
  HONO-1 :    2 Ag 1.9997810
  HONO-0 :    1B3u 1.0000000
  LUNO+0 :    3 Ag 0.0002190
  LUNO+1 :    2B2u 0.0000000
  LUNO+2 :    1B2u 0.0000000
  LUNO+3 :    2B1u 0.0000000


Computation Completed


Properties will be evaluated at   0.000000,   0.000000,   0.000000 [a0]

Properties computed using the SCF density matrix


 Multipole Moments:

 ------------------------------------------------------------------------------------
     Multipole            Electronic (a.u.)      Nuclear  (a.u.)        Total (a.u.)
 ------------------------------------------------------------------------------------

 L = 1.  Multiply by 2.5417464519 to convert [e a0] to [Debye]
 Dipole X            :          0.0000000            0.0000000            0.0000000
 Dipole Y            :          0.0000000            0.0000000            0.0000000
 Dipole Z            :          0.0000000            0.0000000            0.0000000
 Magnitude           :                                                    0.0000000

 ------------------------------------------------------------------------------------

*** tstop() called on CHEM4VYDH4JALT at Mon Aug  3 16:17:20 2026
Module time:
	user time   =       0.04 seconds =       0.00 minutes
	system time =       0.00 seconds =       0.00 minutes
	total time  =          0 seconds =       0.00 minutes
Total time:
	user time   =       0.46 seconds =       0.01 minutes
	system time =       0.07 seconds =       0.00 minutes
	total time  =          0 seconds =       0.00 minutes

Scratch directory: /tmp/
   => Libint2 <=

    Primary   basis highest AM E, G, H:  7, 6, 3
    Auxiliary basis highest AM E, G, H:  7, 7, 4
    Onebody   basis highest AM E, G, H:  -, -, -
    Solid Harmonics ordering:            Gaussian

*** tstart() called on CHEM4VYDH4JALT
*** at Mon Aug  3 16:17:20 2026

   => Loading Basis Set <=

    Name: 6-31+G
    Role: ORBITAL
    Keyword: BASIS
    atoms 1 entry B          line    82 file /Users/jfoley19/miniforge3/envs/p4dev/share/psi4/basis/6-31pg.gbs 


         ---------------------------------------------------------
                                   SCF
               by Justin Turney, Rob Parrish, Andy Simmonett
                          and Daniel G. A. Smith
                              UHF Reference
                        1 Threads,    476 MiB Core
         ---------------------------------------------------------

  ==> Geometry <==

    Molecular point group: d2h
    Geometry (in Angstrom), charge = 0, multiplicity = 2:

       Center              X                  Y                   Z               Mass       
    ------------   -----------------  -----------------  -----------------  -----------------
         B            0.000000000000     0.000000000000     0.000000000000    11.009305360000

  Running in d2h symmetry.

  Rotational constants: A = ************  B = ************  C = ************ [cm^-1]
  Rotational constants: A = ************  B = ************  C = ************ [MHz]
  Nuclear repulsion =    0.000000000000000

  Charge       = 0
  Multiplicity = 2
  Electrons    = 5
  Nalpha       = 3
  Nbeta        = 2

  ==> Algorithm <==

  SCF Algorithm Type is DF.
  DIIS enabled.
  MOM disabled.
  Fractional occupation disabled.
  Guess Type is CORE.
  Energy threshold   = 1.00e-06
  Density threshold  = 1.00e-06
  Integral threshold = 1.00e-12

  ==> Primary Basis <==

  Basis Set: 6-31+G
    Blend: 6-31+G
    Number of shells: 7
    Number of basis functions: 13
    Number of Cartesian functions: 13
    Spherical Harmonics?: false
    Max angular momentum: 1

   => Loading Basis Set <=

    Name: (6-31+G AUX)
    Role: JKFIT
    Keyword: DF_BASIS_SCF
    atoms 1 entry B          line   136 file /Users/jfoley19/miniforge3/envs/p4dev/share/psi4/basis/heavy-aug-cc-pvdz-jkfit.gbs 

  ==> Integral Setup <==

  DFHelper Memory: AOs need 0.000 GiB; user supplied 0.349 GiB. 
  SCF_SUBTYPE=INCORE selected. In-core MEM_DF algorithm will be used.
  Using in-core AOs.

  ==> MemDFJK: Density-Fitted J/K Matrices <==

    J tasked:                   Yes
    K tasked:                   Yes
    wK tasked:                   No
    OpenMP threads:               1
    Memory [MiB]:               357
    Algorithm:                 Core
    Schwarz Cutoff:           1E-12
    Mask sparsity (%):       0.0000
    Fitting Condition:        1E-10

   => Auxiliary Basis Set <=

  Basis Set: (6-31+G AUX)
    Blend: HEAVY-AUG-CC-PVDZ-JKFIT
    Number of shells: 28
    Number of basis functions: 101
    Number of Cartesian functions: 101
    Spherical Harmonics?: false
    Max angular momentum: 3

  Minimum eigenvalue in the overlap matrix is 7.6365984888E-02.
  Reciprocal condition number of the overlap matrix is 3.1841116424E-02.
    Using symmetric orthogonalization.

  ==> Pre-Iterations <==

  SCF Guess: Core (One-Electron) Hamiltonian.

   -------------------------------------------------------
    Irrep   Nso     Nmo     Nalpha   Nbeta   Ndocc  Nsocc
   -------------------------------------------------------
     Ag         4       4       2       2       2       0
     B1g        0       0       0       0       0       0
     B2g        0       0       0       0       0       0
     B3g        0       0       0       0       0       0
     Au         0       0       0       0       0       0
     B1u        3       3       0       0       0       0
     B2u        3       3       0       0       0       0
     B3u        3       3       1       0       0       1
   -------------------------------------------------------
    Total      13      13       3       2       2       1
   -------------------------------------------------------

  ==> Iterations <==

                           Total Energy        Delta E     RMS |[F,P]|

   @DF-UHF iter   1:   -23.93304337576712   -2.39330e+01   9.28254e-02 DIIS/ADIIS
   @DF-UHF iter   2:   -24.50866133301293   -5.75618e-01   1.70865e-02 DIIS/ADIIS
   @DF-UHF iter   3:   -24.52297439890758   -1.43131e-02   2.88117e-03 DIIS/ADIIS
   @DF-UHF iter   4:   -24.52357332091007   -5.98922e-04   1.16743e-03 DIIS/ADIIS
   @DF-UHF iter   5:   -24.52372204737645   -1.48726e-04   1.84386e-04 DIIS/ADIIS
   @DF-UHF iter   6:   -24.52372734711911   -5.29974e-06   2.06309e-05 DIIS
   @DF-UHF iter   7:   -24.52372741410138   -6.69823e-08   2.55198e-06 DIIS
   @DF-UHF iter   8:   -24.52372741487252   -7.71148e-10   2.44689e-07 DIIS
  Energy and wave function converged.


  ==> Post-Iterations <==

   @Spin Contamination Metric:   1.213607459E-03
   @S^2 Expected:                7.500000000E-01
   @S^2 Observed:                7.512136075E-01
   @S   Expected:                5.000000000E-01
   @S   Observed:                5.000000000E-01

    Orbital Energies [Eh]
    ---------------------

    Alpha Occupied:                                                       

       1Ag    -7.695938     2Ag    -0.542009     1B3u   -0.307820  

    Alpha Virtual:                                                        

       1B1u    0.027687     1B2u    0.027687     3Ag     0.083427  
       2B3u    0.100516     2B1u    0.142015     2B2u    0.142015  
       3B3u    0.659650     3B2u    0.707369     3B1u    0.707369  
       4Ag     0.758727  

    Beta Occupied:                                                        

       1Ag    -7.680762     2Ag    -0.444140  

    Beta Virtual:                                                         

       1B1u    0.037720     1B2u    0.037720     1B3u    0.056750  
       3Ag     0.090703     2B1u    0.155721     2B2u    0.155721  
       2B3u    0.188458     3B2u    0.720024     3B1u    0.720024  
       3B3u    0.757998     4Ag     0.785565  

    Final Occupation by Irrep:
             Ag   B1g   B2g   B3g    Au   B1u   B2u   B3u 
    DOCC [     2,    0,    0,    0,    0,    0,    0,    0 ]
    SOCC [     0,    0,    0,    0,    0,    0,    0,    1 ]
    NA   [     2,    0,    0,    0,    0,    0,    0,    1 ]
    NB   [     2,    0,    0,    0,    0,    0,    0,    0 ]

  @DF-UHF Final Energy:   -24.52372741487252

   => Energetics <=

    Nuclear Repulsion Energy =              0.0000000000000000
    One-Electron Energy =                 -32.3767892025008877
    Two-Electron Energy =                   7.8530617876283610
    Total Energy =                        -24.5237274148725248

  UHF NO Occupations:
  HONO-2 :    1 Ag 1.9999997
  HONO-1 :    2 Ag 1.9993933
  HONO-0 :    1B3u 1.0000000
  LUNO+0 :    3 Ag 0.0006067
  LUNO+1 :    4 Ag 0.0000003
  LUNO+2 :    2B3u 0.0000000
  LUNO+3 :    3B2u 0.0000000


Computation Completed


Properties will be evaluated at   0.000000,   0.000000,   0.000000 [a0]

Properties computed using the SCF density matrix


 Multipole Moments:

 ------------------------------------------------------------------------------------
     Multipole            Electronic (a.u.)      Nuclear  (a.u.)        Total (a.u.)
 ------------------------------------------------------------------------------------

 L = 1.  Multiply by 2.5417464519 to convert [e a0] to [Debye]
 Dipole X            :          0.0000000            0.0000000            0.0000000
 Dipole Y            :          0.0000000            0.0000000            0.0000000
 Dipole Z            :          0.0000000            0.0000000            0.0000000
 Magnitude           :                                                    0.0000000

 ------------------------------------------------------------------------------------

*** tstop() called on CHEM4VYDH4JALT at Mon Aug  3 16:17:20 2026
Module time:
	user time   =       0.03 seconds =       0.00 minutes
	system time =       0.01 seconds =       0.00 minutes
	total time  =          0 seconds =       0.00 minutes
Total time:
	user time   =       0.50 seconds =       0.01 minutes
	system time =       0.08 seconds =       0.00 minutes
	total time  =          0 seconds =       0.00 minutes

Scratch directory: /tmp/
   => Libint2 <=

    Primary   basis highest AM E, G, H:  7, 6, 3
    Auxiliary basis highest AM E, G, H:  7, 7, 4
    Onebody   basis highest AM E, G, H:  -, -, -
    Solid Harmonics ordering:            Gaussian

*** tstart() called on CHEM4VYDH4JALT
*** at Mon Aug  3 16:17:20 2026

   => Loading Basis Set <=

    Name: 6-31G*
    Role: ORBITAL
    Keyword: BASIS
    atoms 1 entry B          line    94 file /Users/jfoley19/miniforge3/envs/p4dev/share/psi4/basis/6-31gs.gbs 


         ---------------------------------------------------------
                                   SCF
               by Justin Turney, Rob Parrish, Andy Simmonett
                          and Daniel G. A. Smith
                              UHF Reference
                        1 Threads,    476 MiB Core
         ---------------------------------------------------------

  ==> Geometry <==

    Molecular point group: d2h
    Geometry (in Angstrom), charge = 0, multiplicity = 2:

       Center              X                  Y                   Z               Mass       
    ------------   -----------------  -----------------  -----------------  -----------------
         B            0.000000000000     0.000000000000     0.000000000000    11.009305360000

  Running in d2h symmetry.

  Rotational constants: A = ************  B = ************  C = ************ [cm^-1]
  Rotational constants: A = ************  B = ************  C = ************ [MHz]
  Nuclear repulsion =    0.000000000000000

  Charge       = 0
  Multiplicity = 2
  Electrons    = 5
  Nalpha       = 3
  Nbeta        = 2

  ==> Algorithm <==

  SCF Algorithm Type is DF.
  DIIS enabled.
  MOM disabled.
  Fractional occupation disabled.
  Guess Type is CORE.
  Energy threshold   = 1.00e-06
  Density threshold  = 1.00e-06
  Integral threshold = 1.00e-12

  ==> Primary Basis <==

  Basis Set: 6-31G*
    Blend: 6-31G*
    Number of shells: 6
    Number of basis functions: 15
    Number of Cartesian functions: 15
    Spherical Harmonics?: false
    Max angular momentum: 2

   => Loading Basis Set <=

    Name: (6-31G* AUX)
    Role: JKFIT
    Keyword: DF_BASIS_SCF
    atoms 1 entry B          line    71 file /Users/jfoley19/miniforge3/envs/p4dev/share/psi4/basis/cc-pvdz-jkfit.gbs 

  ==> Integral Setup <==

  DFHelper Memory: AOs need 0.000 GiB; user supplied 0.349 GiB. 
  SCF_SUBTYPE=INCORE selected. In-core MEM_DF algorithm will be used.
  Using in-core AOs.

  ==> MemDFJK: Density-Fitted J/K Matrices <==

    J tasked:                   Yes
    K tasked:                   Yes
    wK tasked:                   No
    OpenMP threads:               1
    Memory [MiB]:               357
    Algorithm:                 Core
    Schwarz Cutoff:           1E-12
    Mask sparsity (%):       0.0000
    Fitting Condition:        1E-10

   => Auxiliary Basis Set <=

  Basis Set: (6-31G* AUX)
    Blend: CC-PVDZ-JKFIT
    Number of shells: 24
    Number of basis functions: 81
    Number of Cartesian functions: 81
    Spherical Harmonics?: false
    Max angular momentum: 3

  Minimum eigenvalue in the overlap matrix is 3.0714844946E-02.
  Reciprocal condition number of the overlap matrix is 8.8723713524E-03.
    Using symmetric orthogonalization.

  ==> Pre-Iterations <==

  SCF Guess: Core (One-Electron) Hamiltonian.

   -------------------------------------------------------
    Irrep   Nso     Nmo     Nalpha   Nbeta   Ndocc  Nsocc
   -------------------------------------------------------
     Ag         6       6       2       2       2       0
     B1g        1       1       0       0       0       0
     B2g        1       1       0       0       0       0
     B3g        1       1       0       0       0       0
     Au         0       0       0       0       0       0
     B1u        2       2       0       0       0       0
     B2u        2       2       0       0       0       0
     B3u        2       2       1       0       0       1
   -------------------------------------------------------
    Total      15      15       3       2       2       1
   -------------------------------------------------------

  ==> Iterations <==

                           Total Energy        Delta E     RMS |[F,P]|

   @DF-UHF iter   1:   -23.41895116393120   -2.34190e+01   2.11739e-01 ADIIS
   @DF-UHF iter   2:   -24.51598500358649   -1.09703e+00   1.48077e-02 DIIS/ADIIS
   @DF-UHF iter   3:   -24.52171506919051   -5.73007e-03   2.06058e-03 DIIS/ADIIS
   @DF-UHF iter   4:   -24.52198037617770   -2.65307e-04   7.58475e-04 DIIS/ADIIS
   @DF-UHF iter   5:   -24.52203476587740   -5.43897e-05   7.54187e-05 DIIS
   @DF-UHF iter   6:   -24.52203523648295   -4.70606e-07   1.00108e-05 DIIS
   @DF-UHF iter   7:   -24.52203524256565   -6.08271e-09   1.34774e-06 DIIS
   @DF-UHF iter   8:   -24.52203524268080   -1.15143e-10   9.43141e-08 DIIS
  Energy and wave function converged.


  ==> Post-Iterations <==

   @Spin Contamination Metric:   3.787713621E-03
   @S^2 Expected:                7.500000000E-01
   @S^2 Observed:                7.537877136E-01
   @S   Expected:                5.000000000E-01
   @S   Observed:                5.000000000E-01

    Orbital Energies [Eh]
    ---------------------

    Alpha Occupied:                                                       

       1Ag    -7.676129     2Ag    -0.533083     1B3u   -0.305806  

    Alpha Virtual:                                                        

       1B2u    0.078630     1B1u    0.078630     2B3u    0.577869  
       3Ag     0.597691     2B1u    0.640902     2B2u    0.640902  
       4Ag     1.487213     1B2g    1.494328     1B1g    1.494328  
       5Ag     1.519949     1B3g    1.519949     6Ag     3.602204  

    Beta Occupied:                                                        

       1Ag    -7.662117     2Ag    -0.433594  

    Beta Virtual:                                                         

       1B2u    0.096242     1B1u    0.096242     1B3u    0.145899  
       3Ag     0.626603     2B1u    0.652709     2B2u    0.652709  
       2B3u    0.697041     4Ag     1.527171     1B3g    1.527171  
       1B2g    1.572649     1B1g    1.572649     5Ag     1.589247  
       6Ag     3.624718  

    Final Occupation by Irrep:
             Ag   B1g   B2g   B3g    Au   B1u   B2u   B3u 
    DOCC [     2,    0,    0,    0,    0,    0,    0,    0 ]
    SOCC [     0,    0,    0,    0,    0,    0,    0,    1 ]
    NA   [     2,    0,    0,    0,    0,    0,    0,    1 ]
    NB   [     2,    0,    0,    0,    0,    0,    0,    0 ]

  @DF-UHF Final Energy:   -24.52203524268080

   => Energetics <=

    Nuclear Repulsion Energy =              0.0000000000000000
    One-Electron Energy =                 -32.4333424868267883
    Two-Electron Energy =                   7.9113072441459913
    Total Energy =                        -24.5220352426807970

  UHF NO Occupations:
  HONO-2 :    1 Ag 1.9999995
  HONO-1 :    2 Ag 1.9981049
  HONO-0 :    1B3u 1.0000000
  LUNO+0 :    3 Ag 0.0018951
  LUNO+1 :    4 Ag 0.0000005
  LUNO+2 :    2B2u 0.0000000
  LUNO+3 :    1B2u 0.0000000


Computation Completed


Properties will be evaluated at   0.000000,   0.000000,   0.000000 [a0]

Properties computed using the SCF density matrix


 Multipole Moments:

 ------------------------------------------------------------------------------------
     Multipole            Electronic (a.u.)      Nuclear  (a.u.)        Total (a.u.)
 ------------------------------------------------------------------------------------

 L = 1.  Multiply by 2.5417464519 to convert [e a0] to [Debye]
 Dipole X            :          0.0000000            0.0000000            0.0000000
 Dipole Y            :          0.0000000            0.0000000            0.0000000
 Dipole Z            :          0.0000000            0.0000000            0.0000000
 Magnitude           :                                                    0.0000000

 ------------------------------------------------------------------------------------

*** tstop() called on CHEM4VYDH4JALT at Mon Aug  3 16:17:21 2026
Module time:
	user time   =       0.03 seconds =       0.00 minutes
	system time =       0.01 seconds =       0.00 minutes
	total time  =          1 seconds =       0.02 minutes
Total time:
	user time   =       0.55 seconds =       0.01 minutes
	system time =       0.09 seconds =       0.00 minutes
	total time  =          1 seconds =       0.02 minutes

Scratch directory: /tmp/
   => Libint2 <=

    Primary   basis highest AM E, G, H:  7, 6, 3
    Auxiliary basis highest AM E, G, H:  7, 7, 4
    Onebody   basis highest AM E, G, H:  -, -, -
    Solid Harmonics ordering:            Gaussian

*** tstart() called on CHEM4VYDH4JALT
*** at Mon Aug  3 16:17:21 2026

   => Loading Basis Set <=

    Name: 6-31+G*
    Role: ORBITAL
    Keyword: BASIS
    atoms 1 entry B          line   100 file /Users/jfoley19/miniforge3/envs/p4dev/share/psi4/basis/6-31pgs.gbs 


         ---------------------------------------------------------
                                   SCF
               by Justin Turney, Rob Parrish, Andy Simmonett
                          and Daniel G. A. Smith
                              UHF Reference
                        1 Threads,    476 MiB Core
         ---------------------------------------------------------

  ==> Geometry <==

    Molecular point group: d2h
    Geometry (in Angstrom), charge = 0, multiplicity = 2:

       Center              X                  Y                   Z               Mass       
    ------------   -----------------  -----------------  -----------------  -----------------
         B            0.000000000000     0.000000000000     0.000000000000    11.009305360000

  Running in d2h symmetry.

  Rotational constants: A = ************  B = ************  C = ************ [cm^-1]
  Rotational constants: A = ************  B = ************  C = ************ [MHz]
  Nuclear repulsion =    0.000000000000000

  Charge       = 0
  Multiplicity = 2
  Electrons    = 5
  Nalpha       = 3
  Nbeta        = 2

  ==> Algorithm <==

  SCF Algorithm Type is DF.
  DIIS enabled.
  MOM disabled.
  Fractional occupation disabled.
  Guess Type is CORE.
  Energy threshold   = 1.00e-06
  Density threshold  = 1.00e-06
  Integral threshold = 1.00e-12

  ==> Primary Basis <==

  Basis Set: 6-31+G*
    Blend: 6-31+G*
    Number of shells: 8
    Number of basis functions: 19
    Number of Cartesian functions: 19
    Spherical Harmonics?: false
    Max angular momentum: 2

   => Loading Basis Set <=

    Name: (6-31+G* AUX)
    Role: JKFIT
    Keyword: DF_BASIS_SCF
    atoms 1 entry B          line   136 file /Users/jfoley19/miniforge3/envs/p4dev/share/psi4/basis/heavy-aug-cc-pvdz-jkfit.gbs 

  ==> Integral Setup <==

  DFHelper Memory: AOs need 0.000 GiB; user supplied 0.349 GiB. 
  SCF_SUBTYPE=INCORE selected. In-core MEM_DF algorithm will be used.
  Using in-core AOs.

  ==> MemDFJK: Density-Fitted J/K Matrices <==

    J tasked:                   Yes
    K tasked:                   Yes
    wK tasked:                   No
    OpenMP threads:               1
    Memory [MiB]:               357
    Algorithm:                 Core
    Schwarz Cutoff:           1E-12
    Mask sparsity (%):       0.0000
    Fitting Condition:        1E-10

   => Auxiliary Basis Set <=

  Basis Set: (6-31+G* AUX)
    Blend: HEAVY-AUG-CC-PVDZ-JKFIT
    Number of shells: 28
    Number of basis functions: 101
    Number of Cartesian functions: 101
    Spherical Harmonics?: false
    Max angular momentum: 3

  Minimum eigenvalue in the overlap matrix is 3.0712356745E-02.
  Reciprocal condition number of the overlap matrix is 8.1006595155E-03.
    Using symmetric orthogonalization.

  ==> Pre-Iterations <==

  SCF Guess: Core (One-Electron) Hamiltonian.

   -------------------------------------------------------
    Irrep   Nso     Nmo     Nalpha   Nbeta   Ndocc  Nsocc
   -------------------------------------------------------
     Ag         7       7       2       2       2       0
     B1g        1       1       0       0       0       0
     B2g        1       1       0       0       0       0
     B3g        1       1       0       0       0       0
     Au         0       0       0       0       0       0
     B1u        3       3       0       0       0       0
     B2u        3       3       0       0       0       0
     B3u        3       3       1       0       0       1
   -------------------------------------------------------
    Total      19      19       3       2       2       1
   -------------------------------------------------------

  ==> Iterations <==

                           Total Energy        Delta E     RMS |[F,P]|

   @DF-UHF iter   1:   -23.39836329678234   -2.33984e+01   1.70980e-01 ADIIS
   @DF-UHF iter   2:   -24.51782572516449   -1.11946e+00   1.17111e-02 DIIS/ADIIS
   @DF-UHF iter   3:   -24.52539389815994   -7.56817e-03   2.20982e-03 DIIS/ADIIS
   @DF-UHF iter   4:   -24.52609278881849   -6.98891e-04   6.34486e-04 DIIS/ADIIS
   @DF-UHF iter   5:   -24.52615658550752   -6.37967e-05   9.90964e-05 DIIS
   @DF-UHF iter   6:   -24.52615832066331   -1.73516e-06   2.38171e-05 DIIS
   @DF-UHF iter   7:   -24.52615847105172   -1.50388e-07   6.62217e-06 DIIS
   @DF-UHF iter   8:   -24.52615848050115   -9.44943e-09   5.48044e-07 DIIS
  Energy and wave function converged.


  ==> Post-Iterations <==

   @Spin Contamination Metric:   4.353089762E-03
   @S^2 Expected:                7.500000000E-01
   @S^2 Observed:                7.543530898E-01
   @S   Expected:                5.000000000E-01
   @S   Observed:                5.000000000E-01

    Orbital Energies [Eh]
    ---------------------

    Alpha Occupied:                                                       

       1Ag    -7.695096     2Ag    -0.542464     1B3u   -0.312636  

    Alpha Virtual:                                                        

       1B1u    0.029162     1B2u    0.029162     3Ag     0.083532  
       2B3u    0.100103     2B1u    0.143804     2B2u    0.143804  
       3B3u    0.658660     3B2u    0.709100     3B1u    0.709100  
       4Ag     0.753551     5Ag     1.475004     1B1g    1.481889  
       1B2g    1.481889     1B3g    1.506548     6Ag     1.506548  
       7Ag     3.634810  

    Beta Occupied:                                                        

       1Ag    -7.680686     2Ag    -0.443883  

    Beta Virtual:                                                         

       1B1u    0.037359     1B2u    0.037359     1B3u    0.057932  
       3Ag     0.090626     2B1u    0.155007     2B2u    0.155007  
       2B3u    0.192691     3B2u    0.720066     3B1u    0.720066  
       3B3u    0.761252     4Ag     0.779200     1B3g    1.514056  
       5Ag     1.514056     1B1g    1.558215     1B2g    1.558215  
       6Ag     1.574311     7Ag     3.656599  

    Final Occupation by Irrep:
             Ag   B1g   B2g   B3g    Au   B1u   B2u   B3u 
    DOCC [     2,    0,    0,    0,    0,    0,    0,    0 ]
    SOCC [     0,    0,    0,    0,    0,    0,    0,    1 ]
    NA   [     2,    0,    0,    0,    0,    0,    0,    1 ]
    NB   [     2,    0,    0,    0,    0,    0,    0,    0 ]

  @DF-UHF Final Energy:   -24.52615848050115

   => Energetics <=

    Nuclear Repulsion Energy =              0.0000000000000000
    One-Electron Energy =                 -32.3775478758475899
    Two-Electron Energy =                   7.8513893953464446
    Total Energy =                        -24.5261584805011452

  UHF NO Occupations:
  HONO-2 :    1 Ag 1.9999993
  HONO-1 :    2 Ag 1.9978217
  HONO-0 :    1B3u 1.0000000
  LUNO+0 :    3 Ag 0.0021783
  LUNO+1 :    4 Ag 0.0000007
  LUNO+2 :    5 Ag 0.0000000
  LUNO+3 :    2B3u 0.0000000


Computation Completed


Properties will be evaluated at   0.000000,   0.000000,   0.000000 [a0]

Properties computed using the SCF density matrix


 Multipole Moments:

 ------------------------------------------------------------------------------------
     Multipole            Electronic (a.u.)      Nuclear  (a.u.)        Total (a.u.)
 ------------------------------------------------------------------------------------

 L = 1.  Multiply by 2.5417464519 to convert [e a0] to [Debye]
 Dipole X            :          0.0000000            0.0000000            0.0000000
 Dipole Y            :          0.0000000            0.0000000            0.0000000
 Dipole Z            :          0.0000000            0.0000000            0.0000000
 Magnitude           :                                                    0.0000000

 ------------------------------------------------------------------------------------

*** tstop() called on CHEM4VYDH4JALT at Mon Aug  3 16:17:21 2026
Module time:
	user time   =       0.03 seconds =       0.00 minutes
	system time =       0.01 seconds =       0.00 minutes
	total time  =          0 seconds =       0.00 minutes
Total time:
	user time   =       0.60 seconds =       0.01 minutes
	system time =       0.10 seconds =       0.00 minutes
	total time  =          1 seconds =       0.02 minutes

Scratch directory: /tmp/
   => Libint2 <=

    Primary   basis highest AM E, G, H:  7, 6, 3
    Auxiliary basis highest AM E, G, H:  7, 7, 4
    Onebody   basis highest AM E, G, H:  -, -, -
    Solid Harmonics ordering:            Gaussian

*** tstart() called on CHEM4VYDH4JALT
*** at Mon Aug  3 16:17:21 2026

   => Loading Basis Set <=

    Name: 6-311G*
    Role: ORBITAL
    Keyword: BASIS
    atoms 1 entry B          line    95 file /Users/jfoley19/miniforge3/envs/p4dev/share/psi4/basis/6-311gs.gbs 


         ---------------------------------------------------------
                                   SCF
               by Justin Turney, Rob Parrish, Andy Simmonett
                          and Daniel G. A. Smith
                              UHF Reference
                        1 Threads,    476 MiB Core
         ---------------------------------------------------------

  ==> Geometry <==

    Molecular point group: d2h
    Geometry (in Angstrom), charge = 0, multiplicity = 2:

       Center              X                  Y                   Z               Mass       
    ------------   -----------------  -----------------  -----------------  -----------------
         B            0.000000000000     0.000000000000     0.000000000000    11.009305360000

  Running in d2h symmetry.

  Rotational constants: A = ************  B = ************  C = ************ [cm^-1]
  Rotational constants: A = ************  B = ************  C = ************ [MHz]
  Nuclear repulsion =    0.000000000000000

  Charge       = 0
  Multiplicity = 2
  Electrons    = 5
  Nalpha       = 3
  Nbeta        = 2

  ==> Algorithm <==

  SCF Algorithm Type is DF.
  DIIS enabled.
  MOM disabled.
  Fractional occupation disabled.
  Guess Type is CORE.
  Energy threshold   = 1.00e-06
  Density threshold  = 1.00e-06
  Integral threshold = 1.00e-12

  ==> Primary Basis <==

  Basis Set: 6-311G*
    Blend: 6-311G*
    Number of shells: 8
    Number of basis functions: 18
    Number of Cartesian functions: 19
    Spherical Harmonics?: true
    Max angular momentum: 2

   => Loading Basis Set <=

    Name: (6-311G* AUX)
    Role: JKFIT
    Keyword: DF_BASIS_SCF
    atoms 1 entry B          line    73 file /Users/jfoley19/miniforge3/envs/p4dev/share/psi4/basis/cc-pvtz-jkfit.gbs 

  ==> Integral Setup <==

  DFHelper Memory: AOs need 0.000 GiB; user supplied 0.349 GiB. 
  SCF_SUBTYPE=INCORE selected. In-core MEM_DF algorithm will be used.
  Using in-core AOs.

  ==> MemDFJK: Density-Fitted J/K Matrices <==

    J tasked:                   Yes
    K tasked:                   Yes
    wK tasked:                   No
    OpenMP threads:               1
    Memory [MiB]:               357
    Algorithm:                 Core
    Schwarz Cutoff:           1E-12
    Mask sparsity (%):       0.0000
    Fitting Condition:        1E-10

   => Auxiliary Basis Set <=

  Basis Set: (6-311G* AUX)
    Blend: CC-PVTZ-JKFIT
    Number of shells: 25
    Number of basis functions: 79
    Number of Cartesian functions: 96
    Spherical Harmonics?: true
    Max angular momentum: 4

  Minimum eigenvalue in the overlap matrix is 1.1544236127E-01.
  Reciprocal condition number of the overlap matrix is 4.8580965684E-02.
    Using symmetric orthogonalization.

  ==> Pre-Iterations <==

  SCF Guess: Core (One-Electron) Hamiltonian.

   -------------------------------------------------------
    Irrep   Nso     Nmo     Nalpha   Nbeta   Ndocc  Nsocc
   -------------------------------------------------------
     Ag         6       6       1       1       1       0
     B1g        1       1       0       0       0       0
     B2g        1       1       0       0       0       0
     B3g        1       1       0       0       0       0
     Au         0       0       0       0       0       0
     B1u        3       3       1       0       0       1
     B2u        3       3       1       1       1       0
     B3u        3       3       0       0       0       0
   -------------------------------------------------------
    Total      18      18       3       2       2       1
   -------------------------------------------------------

  ==> Iterations <==

                           Total Energy        Delta E     RMS |[F,P]|

    Occupation by irrep:
             Ag   B1g   B2g   B3g    Au   B1u   B2u   B3u 
    DOCC [     2,    0,    0,    0,    0,    0,    0,    0 ]
    SOCC [     0,    0,    0,    0,    0,    1,    0,    0 ]
    NA   [     2,    0,    0,    0,    0,    1,    0,    0 ]
    NB   [     2,    0,    0,    0,    0,    0,    0,    0 ]

   @DF-UHF iter   1:   -21.91290190707522   -2.19129e+01   2.75981e-01 ADIIS
   @DF-UHF iter   2:   -24.16587427504800   -2.25297e+00   7.01401e-02 DIIS/ADIIS
   @DF-UHF iter   3:   -24.52257142186968   -3.56697e-01   1.01542e-02 DIIS/ADIIS
   @DF-UHF iter   4:   -24.52974719841237   -7.17578e-03   2.10678e-03 DIIS/ADIIS
   @DF-UHF iter   5:   -24.53007054961487   -3.23351e-04   4.45274e-04 DIIS/ADIIS
   @DF-UHF iter   6:   -24.53009578055654   -2.52309e-05   1.30277e-04 DIIS/ADIIS
   @DF-UHF iter   7:   -24.53009850412039   -2.72356e-06   3.69741e-05 DIIS
   @DF-UHF iter   8:   -24.53009869943123   -1.95311e-07   5.11485e-06 DIIS
   @DF-UHF iter   9:   -24.53009870203340   -2.60217e-09   8.05883e-07 DIIS
  Energy and wave function converged.


  ==> Post-Iterations <==

   @Spin Contamination Metric:   6.703206586E-03
   @S^2 Expected:                7.500000000E-01
   @S^2 Observed:                7.567032066E-01
   @S   Expected:                5.000000000E-01
   @S   Observed:                5.000000000E-01

    Orbital Energies [Eh]
    ---------------------

    Alpha Occupied:                                                       

       1Ag    -7.697420     2Ag    -0.543006     1B1u   -0.316633  

    Alpha Virtual:                                                        

       1B2u    0.054373     1B3u    0.054373     2B1u    0.397144  
       3Ag     0.427237     2B2u    0.455882     2B3u    0.455882  
       4Ag     1.005704     1B2g    1.012039     1B3g    1.012039  
       5Ag     1.037036     1B1g    1.037036     3B1u    1.986993  
       3B2u    2.007539     3B3u    2.007539     6Ag    14.593639  

    Beta Occupied:                                                        

       1Ag    -7.681748     2Ag    -0.444408  

    Beta Virtual:                                                         

       1B2u    0.068202     1B3u    0.068202     1B1u    0.112899  
       3Ag     0.456798     2B2u    0.467794     2B3u    0.467794  
       2B1u    0.510983     4Ag     1.042641     1B1g    1.042641  
       1B2g    1.083916     1B3g    1.083916     5Ag     1.099258  
       3B2u    2.016810     3B3u    2.016810     3B1u    2.060930  
       6Ag    14.606464  

    Final Occupation by Irrep:
             Ag   B1g   B2g   B3g    Au   B1u   B2u   B3u 
    DOCC [     2,    0,    0,    0,    0,    0,    0,    0 ]
    SOCC [     0,    0,    0,    0,    0,    1,    0,    0 ]
    NA   [     2,    0,    0,    0,    0,    1,    0,    0 ]
    NB   [     2,    0,    0,    0,    0,    0,    0,    0 ]

  @DF-UHF Final Energy:   -24.53009870203340

   => Energetics <=

    Nuclear Repulsion Energy =              0.0000000000000000
    One-Electron Energy =                 -32.3769798441618946
    Two-Electron Energy =                   7.8468811421284901
    Total Energy =                        -24.5300987020334063

  UHF NO Occupations:
  HONO-2 :    1 Ag 1.9999998
  HONO-1 :    2 Ag 1.9966430
  HONO-0 :    1B1u 1.0000000
  LUNO+0 :    3 Ag 0.0033570
  LUNO+1 :    4 Ag 0.0000002
  LUNO+2 :    5 Ag 0.0000000
  LUNO+3 :    2B1u 0.0000000


Computation Completed


Properties will be evaluated at   0.000000,   0.000000,   0.000000 [a0]

Properties computed using the SCF density matrix


 Multipole Moments:

 ------------------------------------------------------------------------------------
     Multipole            Electronic (a.u.)      Nuclear  (a.u.)        Total (a.u.)
 ------------------------------------------------------------------------------------

 L = 1.  Multiply by 2.5417464519 to convert [e a0] to [Debye]
 Dipole X            :          0.0000000            0.0000000            0.0000000
 Dipole Y            :          0.0000000            0.0000000            0.0000000
 Dipole Z            :          0.0000000            0.0000000            0.0000000
 Magnitude           :                                                    0.0000000

 ------------------------------------------------------------------------------------

*** tstop() called on CHEM4VYDH4JALT at Mon Aug  3 16:17:21 2026
Module time:
	user time   =       0.04 seconds =       0.00 minutes
	system time =       0.01 seconds =       0.00 minutes
	total time  =          0 seconds =       0.00 minutes
Total time:
	user time   =       0.66 seconds =       0.01 minutes
	system time =       0.11 seconds =       0.00 minutes
	total time  =          1 seconds =       0.02 minutes

Scratch directory: /tmp/
   => Libint2 <=

    Primary   basis highest AM E, G, H:  7, 6, 3
    Auxiliary basis highest AM E, G, H:  7, 7, 4
    Onebody   basis highest AM E, G, H:  -, -, -
    Solid Harmonics ordering:            Gaussian

*** tstart() called on CHEM4VYDH4JALT
*** at Mon Aug  3 16:17:21 2026

   => Loading Basis Set <=

    Name: 6-311+G**
    Role: ORBITAL
    Keyword: BASIS
    atoms 1 entry B          line   108 file /Users/jfoley19/miniforge3/envs/p4dev/share/psi4/basis/6-311pgss.gbs 


         ---------------------------------------------------------
                                   SCF
               by Justin Turney, Rob Parrish, Andy Simmonett
                          and Daniel G. A. Smith
                              UHF Reference
                        1 Threads,    476 MiB Core
         ---------------------------------------------------------

  ==> Geometry <==

    Molecular point group: d2h
    Geometry (in Angstrom), charge = 0, multiplicity = 2:

       Center              X                  Y                   Z               Mass       
    ------------   -----------------  -----------------  -----------------  -----------------
         B            0.000000000000     0.000000000000     0.000000000000    11.009305360000

  Running in d2h symmetry.

  Rotational constants: A = ************  B = ************  C = ************ [cm^-1]
  Rotational constants: A = ************  B = ************  C = ************ [MHz]
  Nuclear repulsion =    0.000000000000000

  Charge       = 0
  Multiplicity = 2
  Electrons    = 5
  Nalpha       = 3
  Nbeta        = 2

  ==> Algorithm <==

  SCF Algorithm Type is DF.
  DIIS enabled.
  MOM disabled.
  Fractional occupation disabled.
  Guess Type is CORE.
  Energy threshold   = 1.00e-06
  Density threshold  = 1.00e-06
  Integral threshold = 1.00e-12

  ==> Primary Basis <==

  Basis Set: 6-311+G**
    Blend: 6-311+G**
    Number of shells: 10
    Number of basis functions: 22
    Number of Cartesian functions: 23
    Spherical Harmonics?: true
    Max angular momentum: 2

   => Loading Basis Set <=

    Name: (6-311+G** AUX)
    Role: JKFIT
    Keyword: DF_BASIS_SCF
    atoms 1 entry B          line   138 file /Users/jfoley19/miniforge3/envs/p4dev/share/psi4/basis/heavy-aug-cc-pvtz-jkfit.gbs 

  ==> Integral Setup <==

  DFHelper Memory: AOs need 0.001 GiB; user supplied 0.349 GiB. 
  SCF_SUBTYPE=INCORE selected. In-core MEM_DF algorithm will be used.
  Using in-core AOs.

  ==> MemDFJK: Density-Fitted J/K Matrices <==

    J tasked:                   Yes
    K tasked:                   Yes
    wK tasked:                   No
    OpenMP threads:               1
    Memory [MiB]:               357
    Algorithm:                 Core
    Schwarz Cutoff:           1E-12
    Mask sparsity (%):       0.0000
    Fitting Condition:        1E-10

   => Auxiliary Basis Set <=

  Basis Set: (6-311+G** AUX)
    Blend: HEAVY-AUG-CC-PVTZ-JKFIT
    Number of shells: 30
    Number of basis functions: 104
    Number of Cartesian functions: 131
    Spherical Harmonics?: true
    Max angular momentum: 4

  Minimum eigenvalue in the overlap matrix is 6.7945151576E-02.
  Reciprocal condition number of the overlap matrix is 2.5371712151E-02.
    Using symmetric orthogonalization.

  ==> Pre-Iterations <==

  SCF Guess: Core (One-Electron) Hamiltonian.

   -------------------------------------------------------
    Irrep   Nso     Nmo     Nalpha   Nbeta   Ndocc  Nsocc
   -------------------------------------------------------
     Ag         7       7       1       1       1       0
     B1g        1       1       0       0       0       0
     B2g        1       1       0       0       0       0
     B3g        1       1       0       0       0       0
     Au         0       0       0       0       0       0
     B1u        4       4       1       0       0       1
     B2u        4       4       1       1       1       0
     B3u        4       4       0       0       0       0
   -------------------------------------------------------
    Total      22      22       3       2       2       1
   -------------------------------------------------------

  ==> Iterations <==

                           Total Energy        Delta E     RMS |[F,P]|

    Occupation by irrep:
             Ag   B1g   B2g   B3g    Au   B1u   B2u   B3u 
    DOCC [     2,    0,    0,    0,    0,    0,    0,    0 ]
    SOCC [     0,    0,    0,    0,    0,    1,    0,    0 ]
    NA   [     2,    0,    0,    0,    0,    1,    0,    0 ]
    NB   [     2,    0,    0,    0,    0,    0,    0,    0 ]

   @DF-UHF iter   1:   -21.90768345320168   -2.19077e+01   2.25456e-01 ADIIS
   @DF-UHF iter   2:   -23.41357942588788   -1.50590e+00   5.99293e-02 DIIS/ADIIS
   @DF-UHF iter   3:   -24.48999660241715   -1.07642e+00   2.09428e-02 DIIS/ADIIS
   @DF-UHF iter   4:   -24.52755780427951   -3.75612e-02   4.94264e-03 DIIS/ADIIS
   @DF-UHF iter   5:   -24.53027653381346   -2.71873e-03   6.96897e-04 DIIS/ADIIS
   @DF-UHF iter   6:   -24.53033942987111   -6.28961e-05   1.65014e-04 DIIS/ADIIS
   @DF-UHF iter   7:   -24.53034455110499   -5.12123e-06   4.52397e-05 DIIS
   @DF-UHF iter   8:   -24.53034515231160   -6.01207e-07   8.61797e-06 DIIS
   @DF-UHF iter   9:   -24.53034517242199   -2.01104e-08   1.24649e-06 DIIS
   @DF-UHF iter  10:   -24.53034517277246   -3.50465e-10   2.06738e-07 DIIS
  Energy and wave function converged.


  ==> Post-Iterations <==

   @Spin Contamination Metric:   7.015583484E-03
   @S^2 Expected:                7.500000000E-01
   @S^2 Observed:                7.570155835E-01
   @S   Expected:                5.000000000E-01
   @S   Observed:                5.000000000E-01

    Orbital Energies [Eh]
    ---------------------

    Alpha Occupied:                                                       

       1Ag    -7.700131     2Ag    -0.544715     1B1u   -0.317050  

    Alpha Virtual:                                                        

       1B2u    0.029118     1B3u    0.029118     3Ag     0.074655  
       2B1u    0.091804     2B2u    0.125954     2B3u    0.125954  
       3B1u    0.492685     3B2u    0.537789     3B3u    0.537789  
       4Ag     0.573244     5Ag     1.004092     1B2g    1.010364  
       1B3g    1.010364     6Ag     1.035180     1B1g    1.035180  
       4B1u    2.058436     4B2u    2.076197     4B3u    2.076197  
       7Ag    14.678594  

    Beta Occupied:                                                        

       1Ag    -7.684612     2Ag    -0.445949  

    Beta Virtual:                                                         

       1B2u    0.036653     1B3u    0.036653     1B1u    0.057842  
       3Ag     0.080487     2B2u    0.134476     2B3u    0.134476  
       2B1u    0.168376     3B2u    0.548265     3B3u    0.548265  
       3B1u    0.587809     4Ag     0.599889     5Ag     1.040929  
       1B1g    1.040929     1B2g    1.081945     1B3g    1.081945  
       6Ag     1.097184     4B2u    2.085148     4B3u    2.085149  
       4B1u    2.128504     7Ag    14.691069  

    Final Occupation by Irrep:
             Ag   B1g   B2g   B3g    Au   B1u   B2u   B3u 
    DOCC [     2,    0,    0,    0,    0,    0,    0,    0 ]
    SOCC [     0,    0,    0,    0,    0,    1,    0,    0 ]
    NA   [     2,    0,    0,    0,    0,    1,    0,    0 ]
    NB   [     2,    0,    0,    0,    0,    0,    0,    0 ]

  @DF-UHF Final Energy:   -24.53034517277246

   => Energetics <=

    Nuclear Repulsion Energy =              0.0000000000000000
    One-Electron Energy =                 -32.3682323022668186
    Two-Electron Energy =                   7.8378871294943639
    Total Energy =                        -24.5303451727724564

  UHF NO Occupations:
  HONO-2 :    1 Ag 1.9999997
  HONO-1 :    2 Ag 1.9964863
  HONO-0 :    1B1u 1.0000000
  LUNO+0 :    3 Ag 0.0035137
  LUNO+1 :    4 Ag 0.0000003
  LUNO+2 :    5 Ag 0.0000000
  LUNO+3 :    2B1u 0.0000000


Computation Completed


Properties will be evaluated at   0.000000,   0.000000,   0.000000 [a0]

Properties computed using the SCF density matrix


 Multipole Moments:

 ------------------------------------------------------------------------------------
     Multipole            Electronic (a.u.)      Nuclear  (a.u.)        Total (a.u.)
 ------------------------------------------------------------------------------------

 L = 1.  Multiply by 2.5417464519 to convert [e a0] to [Debye]
 Dipole X            :          0.0000000            0.0000000            0.0000000
 Dipole Y            :          0.0000000            0.0000000            0.0000000
 Dipole Z            :          0.0000000            0.0000000            0.0000000
 Magnitude           :                                                    0.0000000

 ------------------------------------------------------------------------------------

*** tstop() called on CHEM4VYDH4JALT at Mon Aug  3 16:17:21 2026
Module time:
	user time   =       0.04 seconds =       0.00 minutes
	system time =       0.01 seconds =       0.00 minutes
	total time  =          0 seconds =       0.00 minutes
Total time:
	user time   =       0.71 seconds =       0.01 minutes
	system time =       0.12 seconds =       0.00 minutes
	total time  =          1 seconds =       0.02 minutes

Scratch directory: /tmp/
   => Libint2 <=

    Primary   basis highest AM E, G, H:  7, 6, 3
    Auxiliary basis highest AM E, G, H:  7, 7, 4
    Onebody   basis highest AM E, G, H:  -, -, -
    Solid Harmonics ordering:            Gaussian

*** tstart() called on CHEM4VYDH4JALT
*** at Mon Aug  3 16:17:21 2026

   => Loading Basis Set <=

    Name: CC-PVDZ
    Role: ORBITAL
    Keyword: BASIS
    atoms 1 entry B          line   108 file /Users/jfoley19/miniforge3/envs/p4dev/share/psi4/basis/cc-pvdz.gbs 


         ---------------------------------------------------------
                                   SCF
               by Justin Turney, Rob Parrish, Andy Simmonett
                          and Daniel G. A. Smith
                              UHF Reference
                        1 Threads,    476 MiB Core
         ---------------------------------------------------------

  ==> Geometry <==

    Molecular point group: d2h
    Geometry (in Angstrom), charge = 0, multiplicity = 2:

       Center              X                  Y                   Z               Mass       
    ------------   -----------------  -----------------  -----------------  -----------------
         B            0.000000000000     0.000000000000     0.000000000000    11.009305360000

  Running in d2h symmetry.

  Rotational constants: A = ************  B = ************  C = ************ [cm^-1]
  Rotational constants: A = ************  B = ************  C = ************ [MHz]
  Nuclear repulsion =    0.000000000000000

  Charge       = 0
  Multiplicity = 2
  Electrons    = 5
  Nalpha       = 3
  Nbeta        = 2

  ==> Algorithm <==

  SCF Algorithm Type is DF.
  DIIS enabled.
  MOM disabled.
  Fractional occupation disabled.
  Guess Type is CORE.
  Energy threshold   = 1.00e-06
  Density threshold  = 1.00e-06
  Integral threshold = 1.00e-12

  ==> Primary Basis <==

  Basis Set: CC-PVDZ
    Blend: CC-PVDZ
    Number of shells: 6
    Number of basis functions: 14
    Number of Cartesian functions: 15
    Spherical Harmonics?: true
    Max angular momentum: 2

   => Loading Basis Set <=

    Name: (CC-PVDZ AUX)
    Role: JKFIT
    Keyword: DF_BASIS_SCF
    atoms 1 entry B          line    71 file /Users/jfoley19/miniforge3/envs/p4dev/share/psi4/basis/cc-pvdz-jkfit.gbs 

  ==> Integral Setup <==

  DFHelper Memory: AOs need 0.000 GiB; user supplied 0.349 GiB. 
  SCF_SUBTYPE=INCORE selected. In-core MEM_DF algorithm will be used.
  Using in-core AOs.

  ==> MemDFJK: Density-Fitted J/K Matrices <==

    J tasked:                   Yes
    K tasked:                   Yes
    wK tasked:                   No
    OpenMP threads:               1
    Memory [MiB]:               357
    Algorithm:                 Core
    Schwarz Cutoff:           1E-12
    Mask sparsity (%):       0.0000
    Fitting Condition:        1E-10

   => Auxiliary Basis Set <=

  Basis Set: (CC-PVDZ AUX)
    Blend: CC-PVDZ-JKFIT
    Number of shells: 24
    Number of basis functions: 70
    Number of Cartesian functions: 81
    Spherical Harmonics?: true
    Max angular momentum: 3

  Minimum eigenvalue in the overlap matrix is 1.7532031485E-01.
  Reciprocal condition number of the overlap matrix is 1.0136533595E-01.
    Using symmetric orthogonalization.

  ==> Pre-Iterations <==

  SCF Guess: Core (One-Electron) Hamiltonian.

   -------------------------------------------------------
    Irrep   Nso     Nmo     Nalpha   Nbeta   Ndocc  Nsocc
   -------------------------------------------------------
     Ag         5       5       2       2       2       0
     B1g        1       1       0       0       0       0
     B2g        1       1       0       0       0       0
     B3g        1       1       0       0       0       0
     Au         0       0       0       0       0       0
     B1u        2       2       0       0       0       0
     B2u        2       2       0       0       0       0
     B3u        2       2       1       0       0       1
   -------------------------------------------------------
    Total      14      14       3       2       2       1
   -------------------------------------------------------

  ==> Iterations <==

                           Total Energy        Delta E     RMS |[F,P]|

   @DF-UHF iter   1:   -24.07676689847343   -2.40768e+01   7.50446e-02 DIIS/ADIIS
   @DF-UHF iter   2:   -24.51354528190088   -4.36778e-01   1.70608e-02 DIIS/ADIIS
   @DF-UHF iter   3:   -24.52939768785603   -1.58524e-02   2.44811e-03 DIIS/ADIIS
   @DF-UHF iter   4:   -24.52984358777658   -4.45900e-04   1.06403e-03 DIIS/ADIIS
   @DF-UHF iter   5:   -24.52995752415739   -1.13936e-04   1.24963e-04 DIIS/ADIIS
   @DF-UHF iter   6:   -24.52995824490063   -7.20743e-07   2.71148e-05 DIIS
   @DF-UHF iter   7:   -24.52995828509404   -4.01934e-08   8.21355e-07 DIIS
  Energy and wave function converged.


  ==> Post-Iterations <==

   @Spin Contamination Metric:   7.448850498E-03
   @S^2 Expected:                7.500000000E-01
   @S^2 Observed:                7.574488505E-01
   @S   Expected:                5.000000000E-01
   @S   Observed:                5.000000000E-01

    Orbital Energies [Eh]
    ---------------------

    Alpha Occupied:                                                       

       1Ag    -7.700577     2Ag    -0.543403     1B3u   -0.315379  

    Alpha Virtual:                                                        

       1B2u    0.053885     1B1u    0.053885     2B3u    0.422143  
       2B1u    0.490365     2B2u    0.490365     3Ag     0.490522  
       4Ag     0.870728     1B1g    0.876572     1B2g    0.876572  
       5Ag     0.900346     1B3g    0.900346  

    Beta Occupied:                                                        

       1Ag    -7.685025     2Ag    -0.445998  

    Beta Virtual:                                                         

       1B2u    0.067422     1B1u    0.067422     1B3u    0.113522  
       2B1u    0.503004     2B2u    0.503004     3Ag     0.519814  
       2B3u    0.546018     4Ag     0.904992     1B3g    0.904992  
       1B1g    0.944220     1B2g    0.944220     5Ag     0.958780  

    Final Occupation by Irrep:
             Ag   B1g   B2g   B3g    Au   B1u   B2u   B3u 
    DOCC [     2,    0,    0,    0,    0,    0,    0,    0 ]
    SOCC [     0,    0,    0,    0,    0,    0,    0,    1 ]
    NA   [     2,    0,    0,    0,    0,    0,    0,    1 ]
    NB   [     2,    0,    0,    0,    0,    0,    0,    0 ]

  @DF-UHF Final Energy:   -24.52995828509404

   => Energetics <=

    Nuclear Repulsion Energy =              0.0000000000000000
    One-Electron Energy =                 -32.3695251937843267
    Two-Electron Energy =                   7.8395669086902844
    Total Energy =                        -24.5299582850940432

  UHF NO Occupations:
  HONO-2 :    1 Ag 1.9999998
  HONO-1 :    2 Ag 1.9962688
  HONO-0 :    1B3u 1.0000000
  LUNO+0 :    3 Ag 0.0037312
  LUNO+1 :    4 Ag 0.0000002
  LUNO+2 :    2B2u 0.0000000
  LUNO+3 :    1B2u 0.0000000


Computation Completed


Properties will be evaluated at   0.000000,   0.000000,   0.000000 [a0]

Properties computed using the SCF density matrix


 Multipole Moments:

 ------------------------------------------------------------------------------------
     Multipole            Electronic (a.u.)      Nuclear  (a.u.)        Total (a.u.)
 ------------------------------------------------------------------------------------

 L = 1.  Multiply by 2.5417464519 to convert [e a0] to [Debye]
 Dipole X            :          0.0000000            0.0000000            0.0000000
 Dipole Y            :          0.0000000            0.0000000            0.0000000
 Dipole Z            :          0.0000000            0.0000000            0.0000000
 Magnitude           :                                                    0.0000000

 ------------------------------------------------------------------------------------

*** tstop() called on CHEM4VYDH4JALT at Mon Aug  3 16:17:21 2026
Module time:
	user time   =       0.03 seconds =       0.00 minutes
	system time =       0.00 seconds =       0.00 minutes
	total time  =          0 seconds =       0.00 minutes
Total time:
	user time   =       0.76 seconds =       0.01 minutes
	system time =       0.12 seconds =       0.00 minutes
	total time  =          1 seconds =       0.02 minutes

Scratch directory: /tmp/
   => Libint2 <=

    Primary   basis highest AM E, G, H:  7, 6, 3
    Auxiliary basis highest AM E, G, H:  7, 7, 4
    Onebody   basis highest AM E, G, H:  -, -, -
    Solid Harmonics ordering:            Gaussian

*** tstart() called on CHEM4VYDH4JALT
*** at Mon Aug  3 16:17:21 2026

   => Loading Basis Set <=

    Name: CC-PVTZ
    Role: ORBITAL
    Keyword: BASIS
    atoms 1 entry B          line   148 file /Users/jfoley19/miniforge3/envs/p4dev/share/psi4/basis/cc-pvtz.gbs 


         ---------------------------------------------------------
                                   SCF
               by Justin Turney, Rob Parrish, Andy Simmonett
                          and Daniel G. A. Smith
                              UHF Reference
                        1 Threads,    476 MiB Core
         ---------------------------------------------------------

  ==> Geometry <==

    Molecular point group: d2h
    Geometry (in Angstrom), charge = 0, multiplicity = 2:

       Center              X                  Y                   Z               Mass       
    ------------   -----------------  -----------------  -----------------  -----------------
         B            0.000000000000     0.000000000000     0.000000000000    11.009305360000

  Running in d2h symmetry.

  Rotational constants: A = ************  B = ************  C = ************ [cm^-1]
  Rotational constants: A = ************  B = ************  C = ************ [MHz]
  Nuclear repulsion =    0.000000000000000

  Charge       = 0
  Multiplicity = 2
  Electrons    = 5
  Nalpha       = 3
  Nbeta        = 2

  ==> Algorithm <==

  SCF Algorithm Type is DF.
  DIIS enabled.
  MOM disabled.
  Fractional occupation disabled.
  Guess Type is CORE.
  Energy threshold   = 1.00e-06
  Density threshold  = 1.00e-06
  Integral threshold = 1.00e-12

  ==> Primary Basis <==

  Basis Set: CC-PVTZ
    Blend: CC-PVTZ
    Number of shells: 10
    Number of basis functions: 30
    Number of Cartesian functions: 35
    Spherical Harmonics?: true
    Max angular momentum: 3

   => Loading Basis Set <=

    Name: (CC-PVTZ AUX)
    Role: JKFIT
    Keyword: DF_BASIS_SCF
    atoms 1 entry B          line    73 file /Users/jfoley19/miniforge3/envs/p4dev/share/psi4/basis/cc-pvtz-jkfit.gbs 

  ==> Integral Setup <==

  DFHelper Memory: AOs need 0.001 GiB; user supplied 0.349 GiB. 
  SCF_SUBTYPE=INCORE selected. In-core MEM_DF algorithm will be used.
  Using in-core AOs.

  ==> MemDFJK: Density-Fitted J/K Matrices <==

    J tasked:                   Yes
    K tasked:                   Yes
    wK tasked:                   No
    OpenMP threads:               1
    Memory [MiB]:               357
    Algorithm:                 Core
    Schwarz Cutoff:           1E-12
    Mask sparsity (%):       0.0000
    Fitting Condition:        1E-10

   => Auxiliary Basis Set <=

  Basis Set: (CC-PVTZ AUX)
    Blend: CC-PVTZ-JKFIT
    Number of shells: 25
    Number of basis functions: 79
    Number of Cartesian functions: 96
    Spherical Harmonics?: true
    Max angular momentum: 4

  Minimum eigenvalue in the overlap matrix is 4.1004137749E-02.
  Reciprocal condition number of the overlap matrix is 1.7838900666E-02.
    Using symmetric orthogonalization.

  ==> Pre-Iterations <==

  SCF Guess: Core (One-Electron) Hamiltonian.

   -------------------------------------------------------
    Irrep   Nso     Nmo     Nalpha   Nbeta   Ndocc  Nsocc
   -------------------------------------------------------
     Ag         8       8       2       2       2       0
     B1g        2       2       0       0       0       0
     B2g        2       2       0       0       0       0
     B3g        2       2       0       0       0       0
     Au         1       1       0       0       0       0
     B1u        5       5       1       0       0       1
     B2u        5       5       0       0       0       0
     B3u        5       5       0       0       0       0
   -------------------------------------------------------
    Total      30      30       3       2       2       1
   -------------------------------------------------------

  ==> Iterations <==

                           Total Energy        Delta E     RMS |[F,P]|

   @DF-UHF iter   1:   -23.02603389773919   -2.30260e+01   1.35600e-01 ADIIS
   @DF-UHF iter   2:   -24.51728411257641   -1.49125e+00   1.38043e-02 DIIS/ADIIS
   @DF-UHF iter   3:   -24.53095717512783   -1.36731e-02   2.60857e-03 DIIS/ADIIS
   @DF-UHF iter   4:   -24.53200127213736   -1.04410e-03   5.59276e-04 DIIS/ADIIS
   @DF-UHF iter   5:   -24.53206407419988   -6.28021e-05   8.21564e-05 DIIS
   @DF-UHF iter   6:   -24.53206540368629   -1.32949e-06   6.00046e-06 DIIS
   @DF-UHF iter   7:   -24.53206541166767   -7.98139e-09   1.73126e-06 DIIS
   @DF-UHF iter   8:   -24.53206541257038   -9.02702e-10   4.49038e-07 DIIS
  Energy and wave function converged.


  ==> Post-Iterations <==

   @Spin Contamination Metric:   1.038156678E-02
   @S^2 Expected:                7.500000000E-01
   @S^2 Observed:                7.603815668E-01
   @S   Expected:                5.000000000E-01
   @S   Observed:                5.000000000E-01

    Orbital Energies [Eh]
    ---------------------

    Alpha Occupied:                                                       

       1Ag    -7.700593     2Ag    -0.544725     1B1u   -0.318030  

    Alpha Virtual:                                                        

       1B3u    0.046535     1B2u    0.046535     2B1u    0.283826  
       2B3u    0.338888     2B2u    0.338888     3Ag     0.352930  
       4Ag     0.536022     1B3g    0.539025     1B2g    0.539025  
       1B1g    0.553458     5Ag     0.553458     3B1u    1.478064  
       3B3u    1.508096     3B2u    1.508096     4B3u    1.916408  
       4B2u    1.916408     1Au     1.924350     4B1u    1.924350  
       5B3u    1.928952     5B2u    1.928952     5B1u    1.930454  
       6Ag     2.033104     2B2g    2.034739     2B3g    2.034739  
       7Ag     2.040283     2B1g    2.040283     8Ag     2.832311  

    Beta Occupied:                                                        

       1Ag    -7.685675     2Ag    -0.446185  

    Beta Virtual:                                                         

       1B2u    0.057195     1B3u    0.057195     1B1u    0.098966  
       2B2u    0.349458     2B3u    0.349458     3Ag     0.377844  
       2B1u    0.390429     1B1g    0.555469     4Ag     0.555469  
       1B3g    0.584731     1B2g    0.584731     5Ag     0.595898  
       3B2u    1.517836     3B3u    1.517836     3B1u    1.562249  
       4B3u    1.917297     4B2u    1.917297     1Au     1.948225  
       4B1u    1.948225     5B3u    1.967500     5B2u    1.967500  
       5B1u    1.974091     6Ag     2.045379     2B1g    2.045379  
       2B3g    2.087059     2B2g    2.087059     7Ag     2.101947  
       8Ag     2.855682  

    Final Occupation by Irrep:
             Ag   B1g   B2g   B3g    Au   B1u   B2u   B3u 
    DOCC [     2,    0,    0,    0,    0,    0,    0,    0 ]
    SOCC [     0,    0,    0,    0,    0,    1,    0,    0 ]
    NA   [     2,    0,    0,    0,    0,    1,    0,    0 ]
    NB   [     2,    0,    0,    0,    0,    0,    0,    0 ]

  @DF-UHF Final Energy:   -24.53206541257038

   => Energetics <=

    Nuclear Repulsion Energy =              0.0000000000000000
    One-Electron Energy =                 -32.3689272273466244
    Two-Electron Energy =                   7.8368618147762490
    Total Energy =                        -24.5320654125703754

  UHF NO Occupations:
  HONO-2 :    1 Ag 1.9999984
  HONO-1 :    2 Ag 1.9947973
  HONO-0 :    1B1u 1.0000000
  LUNO+0 :    3 Ag 0.0052027
  LUNO+1 :    4 Ag 0.0000016
  LUNO+2 :    5 Ag 0.0000000
  LUNO+3 :    6 Ag 0.0000000


Computation Completed


Properties will be evaluated at   0.000000,   0.000000,   0.000000 [a0]

Properties computed using the SCF density matrix


 Multipole Moments:

 ------------------------------------------------------------------------------------
     Multipole            Electronic (a.u.)      Nuclear  (a.u.)        Total (a.u.)
 ------------------------------------------------------------------------------------

 L = 1.  Multiply by 2.5417464519 to convert [e a0] to [Debye]
 Dipole X            :          0.0000000            0.0000000            0.0000000
 Dipole Y            :          0.0000000            0.0000000            0.0000000
 Dipole Z            :          0.0000000            0.0000000            0.0000000
 Magnitude           :                                                    0.0000000

 ------------------------------------------------------------------------------------

*** tstop() called on CHEM4VYDH4JALT at Mon Aug  3 16:17:21 2026
Module time:
	user time   =       0.04 seconds =       0.00 minutes
	system time =       0.01 seconds =       0.00 minutes
	total time  =          0 seconds =       0.00 minutes
Total time:
	user time   =       0.82 seconds =       0.01 minutes
	system time =       0.14 seconds =       0.00 minutes
	total time  =          1 seconds =       0.02 minutes

Scratch directory: /tmp/
   => Libint2 <=

    Primary   basis highest AM E, G, H:  7, 6, 3
    Auxiliary basis highest AM E, G, H:  7, 7, 4
    Onebody   basis highest AM E, G, H:  -, -, -
    Solid Harmonics ordering:            Gaussian

*** tstart() called on CHEM4VYDH4JALT
*** at Mon Aug  3 16:17:21 2026

   => Loading Basis Set <=

    Name: 6-311+G**
    Role: ORBITAL
    Keyword: BASIS
    atoms 1 entry B          line   108 file /Users/jfoley19/miniforge3/envs/p4dev/share/psi4/basis/6-311pgss.gbs 


         ---------------------------------------------------------
                                   SCF
               by Justin Turney, Rob Parrish, Andy Simmonett
                          and Daniel G. A. Smith
                             ROHF Reference
                        1 Threads,    476 MiB Core
         ---------------------------------------------------------

  ==> Geometry <==

    Molecular point group: d2h
    Geometry (in Angstrom), charge = 0, multiplicity = 2:

       Center              X                  Y                   Z               Mass       
    ------------   -----------------  -----------------  -----------------  -----------------
         B            0.000000000000     0.000000000000     0.000000000000    11.009305360000

  Running in d2h symmetry.

  Rotational constants: A = ************  B = ************  C = ************ [cm^-1]
  Rotational constants: A = ************  B = ************  C = ************ [MHz]
  Nuclear repulsion =    0.000000000000000

  Charge       = 0
  Multiplicity = 2
  Electrons    = 5
  Nalpha       = 3
  Nbeta        = 2

  ==> Algorithm <==

  SCF Algorithm Type is DF.
  DIIS enabled.
  MOM disabled.
  Fractional occupation disabled.
  Guess Type is CORE.
  Energy threshold   = 1.00e-06
  Density threshold  = 1.00e-06
  Integral threshold = 1.00e-12

  ==> Primary Basis <==

  Basis Set: 6-311+G**
    Blend: 6-311+G**
    Number of shells: 10
    Number of basis functions: 22
    Number of Cartesian functions: 23
    Spherical Harmonics?: true
    Max angular momentum: 2

   => Loading Basis Set <=

    Name: (6-311+G** AUX)
    Role: JKFIT
    Keyword: DF_BASIS_SCF
    atoms 1 entry B          line   138 file /Users/jfoley19/miniforge3/envs/p4dev/share/psi4/basis/heavy-aug-cc-pvtz-jkfit.gbs 

  ==> Integral Setup <==

  DFHelper Memory: AOs need 0.001 GiB; user supplied 0.349 GiB. 
  SCF_SUBTYPE=INCORE selected. In-core MEM_DF algorithm will be used.
  Using in-core AOs.

  ==> MemDFJK: Density-Fitted J/K Matrices <==

    J tasked:                   Yes
    K tasked:                   Yes
    wK tasked:                   No
    OpenMP threads:               1
    Memory [MiB]:               357
    Algorithm:                 Core
    Schwarz Cutoff:           1E-12
    Mask sparsity (%):       0.0000
    Fitting Condition:        1E-10

   => Auxiliary Basis Set <=

  Basis Set: (6-311+G** AUX)
    Blend: HEAVY-AUG-CC-PVTZ-JKFIT
    Number of shells: 30
    Number of basis functions: 104
    Number of Cartesian functions: 131
    Spherical Harmonics?: true
    Max angular momentum: 4

  Minimum eigenvalue in the overlap matrix is 6.7945151576E-02.
  Reciprocal condition number of the overlap matrix is 2.5371712151E-02.
    Using symmetric orthogonalization.

  ==> Pre-Iterations <==

  SCF Guess: Core (One-Electron) Hamiltonian.

   -------------------------------------------------------
    Irrep   Nso     Nmo     Nalpha   Nbeta   Ndocc  Nsocc
   -------------------------------------------------------
     Ag         7       7       1       1       1       0
     B1g        1       1       0       0       0       0
     B2g        1       1       0       0       0       0
     B3g        1       1       0       0       0       0
     Au         0       0       0       0       0       0
     B1u        4       4       1       0       0       1
     B2u        4       4       1       1       1       0
     B3u        4       4       0       0       0       0
   -------------------------------------------------------
    Total      22      22       3       2       2       1
   -------------------------------------------------------

  ==> Iterations <==

                           Total Energy        Delta E     RMS |[F,P]|

    Occupation by irrep:
             Ag   B1g   B2g   B3g    Au   B1u   B2u   B3u 
    DOCC [     2,    0,    0,    0,    0,    0,    0,    0 ]
    SOCC [     0,    0,    0,    0,    0,    0,    1,    0 ]
    NA   [     2,    0,    0,    0,    0,    0,    1,    0 ]
    NB   [     2,    0,    0,    0,    0,    0,    0,    0 ]

   @DF-ROHF iter   1:   -21.90768345320168   -2.19077e+01   1.71308e-01 DIIS
   @DF-ROHF iter   2:   -23.34561620646939   -1.43793e+00   4.38761e-02 DIIS
   @DF-ROHF iter   3:   -24.49291743152547   -1.14730e+00   1.61985e-02 DIIS
   @DF-ROHF iter   4:   -24.52576805551095   -3.28506e-02   3.15344e-03 DIIS
   @DF-ROHF iter   5:   -24.52702951681190   -1.26146e-03   3.52387e-04 DIIS
   @DF-ROHF iter   6:   -24.52707794644461   -4.84296e-05   1.39567e-04 DIIS
   @DF-ROHF iter   7:   -24.52708347853000   -5.53209e-06   3.54128e-05 DIIS
   @DF-ROHF iter   8:   -24.52708387038486   -3.91855e-07   4.31620e-06 DIIS
   @DF-ROHF iter   9:   -24.52708387379787   -3.41302e-09   5.62203e-07 DIIS
  Energy and wave function converged.


  ==> Post-Iterations <==

    Orbital Energies [Eh]
    ---------------------

    Doubly Occupied:                                                      

       1Ag    -7.694989     2Ag    -0.495104  

    Singly Occupied:                                                      

       1B2u   -0.086309  

    Virtual:                                                              

       1B1u    0.032527     1B3u    0.032527     3Ag     0.077353  
       2B2u    0.099137     2B1u    0.129441     2B3u    0.129441  
       3B2u    0.527456     3B1u    0.541942     3B3u    0.541942  
       4Ag     0.585394     5Ag     1.036850     1B2g    1.036850  
       1B3g    1.044849     1B1g    1.044849     6Ag     1.047531  
       4B1u    2.078926     4B3u    2.078926     4B2u    2.091213  
       7Ag    14.682246  

    Final Occupation by Irrep:
             Ag   B1g   B2g   B3g    Au   B1u   B2u   B3u 
    DOCC [     2,    0,    0,    0,    0,    0,    0,    0 ]
    SOCC [     0,    0,    0,    0,    0,    0,    1,    0 ]
    NA   [     2,    0,    0,    0,    0,    0,    1,    0 ]
    NB   [     2,    0,    0,    0,    0,    0,    0,    0 ]

  @DF-ROHF Final Energy:   -24.52708387379787

   => Energetics <=

    Nuclear Repulsion Energy =              0.0000000000000000
    One-Electron Energy =                 -32.3640676843216895
    Two-Electron Energy =                   7.8369838105238152
    Total Energy =                        -24.5270838737978742

Computation Completed


Properties will be evaluated at   0.000000,   0.000000,   0.000000 [a0]

Properties computed using the SCF density matrix


 Multipole Moments:

 ------------------------------------------------------------------------------------
     Multipole            Electronic (a.u.)      Nuclear  (a.u.)        Total (a.u.)
 ------------------------------------------------------------------------------------

 L = 1.  Multiply by 2.5417464519 to convert [e a0] to [Debye]
 Dipole X            :          0.0000000            0.0000000            0.0000000
 Dipole Y            :          0.0000000            0.0000000            0.0000000
 Dipole Z            :          0.0000000            0.0000000            0.0000000
 Magnitude           :                                                    0.0000000

 ------------------------------------------------------------------------------------

*** tstop() called on CHEM4VYDH4JALT at Mon Aug  3 16:17:21 2026
Module time:
	user time   =       0.03 seconds =       0.00 minutes
	system time =       0.00 seconds =       0.00 minutes
	total time  =          0 seconds =       0.00 minutes
Total time:
	user time   =       0.87 seconds =       0.01 minutes
	system time =       0.14 seconds =       0.00 minutes
	total time  =          1 seconds =       0.02 minutes

Scratch directory: /tmp/
    SCF Algorithm Type (re)set to DF.
   => Libint2 <=

    Primary   basis highest AM E, G, H:  7, 6, 3
    Auxiliary basis highest AM E, G, H:  7, 7, 4
    Onebody   basis highest AM E, G, H:  -, -, -
    Solid Harmonics ordering:            Gaussian

*** tstart() called on CHEM4VYDH4JALT
*** at Mon Aug  3 16:17:21 2026

   => Loading Basis Set <=

    Name: 6-311+G**
    Role: ORBITAL
    Keyword: BASIS
    atoms 1 entry B          line   108 file /Users/jfoley19/miniforge3/envs/p4dev/share/psi4/basis/6-311pgss.gbs 


         ---------------------------------------------------------
                                   SCF
               by Justin Turney, Rob Parrish, Andy Simmonett
                          and Daniel G. A. Smith
                             ROHF Reference
                        1 Threads,    476 MiB Core
         ---------------------------------------------------------

  ==> Geometry <==

    Molecular point group: d2h
    Geometry (in Angstrom), charge = 0, multiplicity = 2:

       Center              X                  Y                   Z               Mass       
    ------------   -----------------  -----------------  -----------------  -----------------
         B            0.000000000000     0.000000000000     0.000000000000    11.009305360000

  Running in d2h symmetry.

  Rotational constants: A = ************  B = ************  C = ************ [cm^-1]
  Rotational constants: A = ************  B = ************  C = ************ [MHz]
  Nuclear repulsion =    0.000000000000000

  Charge       = 0
  Multiplicity = 2
  Electrons    = 5
  Nalpha       = 3
  Nbeta        = 2

  ==> Algorithm <==

  SCF Algorithm Type is DF.
  DIIS enabled.
  MOM disabled.
  Fractional occupation disabled.
  Guess Type is CORE.
  Energy threshold   = 1.00e-08
  Density threshold  = 1.00e-08
  Integral threshold = 1.00e-12

  ==> Primary Basis <==

  Basis Set: 6-311+G**
    Blend: 6-311+G**
    Number of shells: 10
    Number of basis functions: 22
    Number of Cartesian functions: 23
    Spherical Harmonics?: true
    Max angular momentum: 2

   => Loading Basis Set <=

    Name: (6-311+G** AUX)
    Role: JKFIT
    Keyword: DF_BASIS_SCF
    atoms 1 entry B          line   138 file /Users/jfoley19/miniforge3/envs/p4dev/share/psi4/basis/heavy-aug-cc-pvtz-jkfit.gbs 

  ==> Integral Setup <==

  DFHelper Memory: AOs need 0.001 GiB; user supplied 0.349 GiB. 
  SCF_SUBTYPE=INCORE selected. In-core MEM_DF algorithm will be used.
  Using in-core AOs.

  ==> MemDFJK: Density-Fitted J/K Matrices <==

    J tasked:                   Yes
    K tasked:                   Yes
    wK tasked:                   No
    OpenMP threads:               1
    Memory [MiB]:               357
    Algorithm:                 Core
    Schwarz Cutoff:           1E-12
    Mask sparsity (%):       0.0000
    Fitting Condition:        1E-10

   => Auxiliary Basis Set <=

  Basis Set: (6-311+G** AUX)
    Blend: HEAVY-AUG-CC-PVTZ-JKFIT
    Number of shells: 30
    Number of basis functions: 104
    Number of Cartesian functions: 131
    Spherical Harmonics?: true
    Max angular momentum: 4

  Minimum eigenvalue in the overlap matrix is 6.7945151576E-02.
  Reciprocal condition number of the overlap matrix is 2.5371712151E-02.
    Using symmetric orthogonalization.

  ==> Pre-Iterations <==

  SCF Guess: Core (One-Electron) Hamiltonian.

   -------------------------------------------------------
    Irrep   Nso     Nmo     Nalpha   Nbeta   Ndocc  Nsocc
   -------------------------------------------------------
     Ag         7       7       1       1       1       0
     B1g        1       1       0       0       0       0
     B2g        1       1       0       0       0       0
     B3g        1       1       0       0       0       0
     Au         0       0       0       0       0       0
     B1u        4       4       1       0       0       1
     B2u        4       4       1       1       1       0
     B3u        4       4       0       0       0       0
   -------------------------------------------------------
    Total      22      22       3       2       2       1
   -------------------------------------------------------

  ==> Iterations <==

                           Total Energy        Delta E     RMS |[F,P]|

    Occupation by irrep:
             Ag   B1g   B2g   B3g    Au   B1u   B2u   B3u 
    DOCC [     2,    0,    0,    0,    0,    0,    0,    0 ]
    SOCC [     0,    0,    0,    0,    0,    0,    1,    0 ]
    NA   [     2,    0,    0,    0,    0,    0,    1,    0 ]
    NB   [     2,    0,    0,    0,    0,    0,    0,    0 ]

   @DF-ROHF iter   1:   -21.90768345320168   -2.19077e+01   1.71308e-01 DIIS
   @DF-ROHF iter   2:   -23.34561620646939   -1.43793e+00   4.38761e-02 DIIS
   @DF-ROHF iter   3:   -24.49291743152547   -1.14730e+00   1.61985e-02 DIIS
   @DF-ROHF iter   4:   -24.52576805551095   -3.28506e-02   3.15344e-03 DIIS
   @DF-ROHF iter   5:   -24.52702951681190   -1.26146e-03   3.52387e-04 DIIS
   @DF-ROHF iter   6:   -24.52707794644461   -4.84296e-05   1.39567e-04 DIIS
   @DF-ROHF iter   7:   -24.52708347853000   -5.53209e-06   3.54128e-05 DIIS
   @DF-ROHF iter   8:   -24.52708387038486   -3.91855e-07   4.31620e-06 DIIS
   @DF-ROHF iter   9:   -24.52708387379787   -3.41302e-09   5.62203e-07 DIIS
   @DF-ROHF iter  10:   -24.52708387387282   -7.49409e-11   5.36516e-08 DIIS
   @DF-ROHF iter  11:   -24.52708387387334   -5.29354e-13   2.39505e-09 DIIS
  Energy and wave function converged.


  ==> Post-Iterations <==

    Orbital Energies [Eh]
    ---------------------

    Doubly Occupied:                                                      

       1Ag    -7.694991     2Ag    -0.495105  

    Singly Occupied:                                                      

       1B2u   -0.086310  

    Virtual:                                                              

       1B1u    0.032526     1B3u    0.032526     3Ag     0.077353  
       2B2u    0.099137     2B3u    0.129441     2B1u    0.129441  
       3B2u    0.527456     3B1u    0.541941     3B3u    0.541941  
       4Ag     0.585393     5Ag     1.036849     1B2g    1.036849  
       1B3g    1.044848     1B1g    1.044848     6Ag     1.047530  
       4B1u    2.078924     4B3u    2.078924     4B2u    2.091211  
       7Ag    14.682244  

    Final Occupation by Irrep:
             Ag   B1g   B2g   B3g    Au   B1u   B2u   B3u 
    DOCC [     2,    0,    0,    0,    0,    0,    0,    0 ]
    SOCC [     0,    0,    0,    0,    0,    0,    1,    0 ]
    NA   [     2,    0,    0,    0,    0,    0,    1,    0 ]
    NB   [     2,    0,    0,    0,    0,    0,    0,    0 ]

  @DF-ROHF Final Energy:   -24.52708387387334

   => Energetics <=

    Nuclear Repulsion Energy =              0.0000000000000000
    One-Electron Energy =                 -32.3640571314820846
    Two-Electron Energy =                   7.8369732576087419
    Total Energy =                        -24.5270838738733445

Computation Completed


Properties will be evaluated at   0.000000,   0.000000,   0.000000 [a0]

Properties computed using the SCF density matrix


 Multipole Moments:

 ------------------------------------------------------------------------------------
     Multipole            Electronic (a.u.)      Nuclear  (a.u.)        Total (a.u.)
 ------------------------------------------------------------------------------------

 L = 1.  Multiply by 2.5417464519 to convert [e a0] to [Debye]
 Dipole X            :          0.0000000            0.0000000            0.0000000
 Dipole Y            :          0.0000000            0.0000000            0.0000000
 Dipole Z            :          0.0000000            0.0000000            0.0000000
 Magnitude           :                                                    0.0000000

 ------------------------------------------------------------------------------------

*** tstop() called on CHEM4VYDH4JALT at Mon Aug  3 16:17:21 2026
Module time:
	user time   =       0.04 seconds =       0.00 minutes
	system time =       0.01 seconds =       0.00 minutes
	total time  =          0 seconds =       0.00 minutes
Total time:
	user time   =       0.93 seconds =       0.02 minutes
	system time =       0.15 seconds =       0.00 minutes
	total time  =          1 seconds =       0.02 minutes

*** tstart() called on CHEM4VYDH4JALT
*** at Mon Aug  3 16:17:21 2026


  //>>>>>>>>>>>>>>>>>>>>>>>>>>>>>>>>>>>//
  //               DFMP2               //
  //<<<<<<<<<<<<<<<<<<<<<<<<<<<<<<<<<<<//

   => Loading Basis Set <=

    Name: (6-311+G** AUX)
    Role: RIFIT
    Keyword: DF_BASIS_MP2
    atoms 1 entry B          line    90 file /Users/jfoley19/miniforge3/envs/p4dev/share/psi4/basis/heavy-aug-cc-pvtz-ri.gbs 

	 --------------------------------------------------------
	                          DF-MP2                         
	      2nd-Order Density-Fitted Moller-Plesset Theory     
	          ROHF-MBPT(2) Wavefunction,   1 Threads         
	                                                         
	        Rob Parrish, Justin Turney, Andy Simmonett,      
	           Ed Hohenstein, and C. David Sherrill          
	 --------------------------------------------------------

	 --------------------------------------------------------
	                 NBF =    22, NAUX =   106
	 --------------------------------------------------------
	   CLASS    FOCC     OCC    AOCC    AVIR     VIR    FVIR
	   ALPHA       0       3       3      19      19       0
	    BETA       0       2       2      20      20       0
	 --------------------------------------------------------

	-----------------------------------------------------------
	 ==================> DF-MP2 Energies <==================== 
	-----------------------------------------------------------
	 Reference Energy          =     -24.5270838738733445 [Eh]
	 Singles Energy            =      -0.0021647433873699 [Eh]
	 Same-Spin Energy          =      -0.0037485823947590 [Eh]
	 Opposite-Spin Energy      =      -0.0532348513518948 [Eh]
	 Correlation Energy        =      -0.0591481771340237 [Eh]
	 Total Energy              =     -24.5862320510073680 [Eh]
	-----------------------------------------------------------
	 ================> DF-SCS-MP2 Energies <================== 
	-----------------------------------------------------------
	 SCS Same-Spin Scale       =       0.3333333333333333 [-]
	 SCS Opposite-Spin Scale   =       1.2000000000000000 [-]
	 SCS Same-Spin Energy      =      -0.0012495274649197 [Eh]
	 SCS Opposite-Spin Energy  =      -0.0638818216222738 [Eh]
	 SCS Correlation Energy    =      -0.0672960924745633 [Eh]
	 SCS Total Energy          =     -24.5943799663479084 [Eh]
	-----------------------------------------------------------


*** tstop() called on CHEM4VYDH4JALT at Mon Aug  3 16:17:21 2026
Module time:
	user time   =       0.00 seconds =       0.00 minutes
	system time =       0.00 seconds =       0.00 minutes
	total time  =          0 seconds =       0.00 minutes
Total time:
	user time   =       0.93 seconds =       0.02 minutes
	system time =       0.15 seconds =       0.00 minutes
	total time  =          1 seconds =       0.02 minutes

Scratch directory: /tmp/
   => Libint2 <=

    Primary   basis highest AM E, G, H:  7, 6, 3
    Auxiliary basis highest AM E, G, H:  7, 7, 4
    Onebody   basis highest AM E, G, H:  -, -, -
    Solid Harmonics ordering:            Gaussian

*** tstart() called on CHEM4VYDH4JALT
*** at Mon Aug  3 16:17:21 2026

   => Loading Basis Set <=

    Name: 6-311+G**
    Role: ORBITAL
    Keyword: BASIS
    atoms 1 entry B          line   108 file /Users/jfoley19/miniforge3/envs/p4dev/share/psi4/basis/6-311pgss.gbs 


         ---------------------------------------------------------
                                   SCF
               by Justin Turney, Rob Parrish, Andy Simmonett
                          and Daniel G. A. Smith
                              UHF Reference
                        1 Threads,    476 MiB Core
         ---------------------------------------------------------

  ==> Geometry <==

    Molecular point group: d2h
    Geometry (in Angstrom), charge = 0, multiplicity = 2:

       Center              X                  Y                   Z               Mass       
    ------------   -----------------  -----------------  -----------------  -----------------
         B            0.000000000000     0.000000000000     0.000000000000    11.009305360000

  Running in d2h symmetry.

  Rotational constants: A = ************  B = ************  C = ************ [cm^-1]
  Rotational constants: A = ************  B = ************  C = ************ [MHz]
  Nuclear repulsion =    0.000000000000000

  Charge       = 0
  Multiplicity = 2
  Electrons    = 5
  Nalpha       = 3
  Nbeta        = 2

  ==> Algorithm <==

  SCF Algorithm Type is PK.
  DIIS enabled.
  MOM disabled.
  Fractional occupation disabled.
  Guess Type is CORE.
  Energy threshold   = 1.00e-08
  Density threshold  = 1.00e-08
  Integral threshold = 1.00e-12

  ==> Primary Basis <==

  Basis Set: 6-311+G**
    Blend: 6-311+G**
    Number of shells: 10
    Number of basis functions: 22
    Number of Cartesian functions: 23
    Spherical Harmonics?: true
    Max angular momentum: 2

  ==> Integral Setup <==

  Using in-core PK algorithm.
   Calculation information:
      Number of atoms:                   1
      Number of AO shells:              10
      Number of primitives:             19
      Number of atomic orbitals:        23
      Number of basis functions:        22

      Integral cutoff                 1.00e-12
      Number of threads:                 1

  Performing in-core PK
  Using 64262 doubles for integral storage.
  We computed 1540 shell quartets total.
  Whereas there are 1540 unique shell quartets.

  ==> DiskJK: Disk-Based J/K Matrices <==

    J tasked:                  Yes
    K tasked:                  Yes
    wK tasked:                  No
    Memory [MiB]:              357
    Schwarz Cutoff:          1E-12

    OpenMP threads:              1

  Minimum eigenvalue in the overlap matrix is 6.7945151576E-02.
  Reciprocal condition number of the overlap matrix is 2.5371712151E-02.
    Using symmetric orthogonalization.

  ==> Pre-Iterations <==

  SCF Guess: Core (One-Electron) Hamiltonian.

   -------------------------------------------------------
    Irrep   Nso     Nmo     Nalpha   Nbeta   Ndocc  Nsocc
   -------------------------------------------------------
     Ag         7       7       1       1       1       0
     B1g        1       1       0       0       0       0
     B2g        1       1       0       0       0       0
     B3g        1       1       0       0       0       0
     Au         0       0       0       0       0       0
     B1u        4       4       1       0       0       1
     B2u        4       4       1       1       1       0
     B3u        4       4       0       0       0       0
   -------------------------------------------------------
    Total      22      22       3       2       2       1
   -------------------------------------------------------

  ==> Iterations <==

                        Total Energy        Delta E     RMS |[F,P]|

    Occupation by irrep:
             Ag   B1g   B2g   B3g    Au   B1u   B2u   B3u 
    DOCC [     2,    0,    0,    0,    0,    0,    0,    0 ]
    SOCC [     0,    0,    0,    0,    0,    1,    0,    0 ]
    NA   [     2,    0,    0,    0,    0,    1,    0,    0 ]
    NB   [     2,    0,    0,    0,    0,    0,    0,    0 ]

   @UHF iter   1:   -21.90771212465794   -2.19077e+01   2.25455e-01 ADIIS
   @UHF iter   2:   -23.41365394431186   -1.50594e+00   5.99213e-02 DIIS/ADIIS
   @UHF iter   3:   -24.49000388216323   -1.07635e+00   2.09474e-02 DIIS/ADIIS
   @UHF iter   4:   -24.52756181678393   -3.75579e-02   4.94336e-03 DIIS/ADIIS
   @UHF iter   5:   -24.53028027124554   -2.71845e-03   6.96392e-04 DIIS/ADIIS
   @UHF iter   6:   -24.53034306478646   -6.27935e-05   1.64743e-04 DIIS/ADIIS
   @UHF iter   7:   -24.53034816353384   -5.09875e-06   4.51400e-05 DIIS
   @UHF iter   8:   -24.53034876185456   -5.98321e-07   8.63540e-06 DIIS
   @UHF iter   9:   -24.53034878207520   -2.02206e-08   1.24391e-06 DIIS
   @UHF iter  10:   -24.53034878242400   -3.48795e-10   2.06462e-07 DIIS
   @UHF iter  11:   -24.53034878243423   -1.02389e-11   3.22708e-08 DIIS
   @UHF iter  12:   -24.53034878243439   -1.59872e-13   3.40453e-09 DIIS
  Energy and wave function converged.


  ==> Post-Iterations <==

   @Spin Contamination Metric:   7.022012344E-03
   @S^2 Expected:                7.500000000E-01
   @S^2 Observed:                7.570220123E-01
   @S   Expected:                5.000000000E-01
   @S   Observed:                5.000000000E-01

    Orbital Energies [Eh]
    ---------------------

    Alpha Occupied:                                                       

       1Ag    -7.700118     2Ag    -0.544716     1B1u   -0.317054  

    Alpha Virtual:                                                        

       1B3u    0.029121     1B2u    0.029121     3Ag     0.074645  
       2B1u    0.091779     2B3u    0.125932     2B2u    0.125932  
       3B1u    0.492247     3B2u    0.537433     3B3u    0.537433  
       4Ag     0.572979     5Ag     1.003839     1B3g    1.010116  
       1B2g    1.010116     1B1g    1.034980     6Ag     1.034980  
       4B1u    2.057771     4B2u    2.075611     4B3u    2.075611  
       7Ag    14.678581  

    Beta Occupied:                                                        

       1Ag    -7.684596     2Ag    -0.445942  

    Beta Virtual:                                                         

       1B2u    0.036654     1B3u    0.036654     1B1u    0.057837  
       3Ag     0.080488     2B2u    0.134462     2B3u    0.134462  
       2B1u    0.168350     3B2u    0.548047     3B3u    0.548047  
       3B1u    0.587641     4Ag     0.599887     5Ag     1.040744  
       1B1g    1.040744     1B3g    1.081806     1B2g    1.081806  
       6Ag     1.097072     4B2u    2.084771     4B3u    2.084771  
       4B1u    2.128211     7Ag    14.691066  

    Final Occupation by Irrep:
             Ag   B1g   B2g   B3g    Au   B1u   B2u   B3u 
    DOCC [     2,    0,    0,    0,    0,    0,    0,    0 ]
    SOCC [     0,    0,    0,    0,    0,    1,    0,    0 ]
    NA   [     2,    0,    0,    0,    0,    1,    0,    0 ]
    NB   [     2,    0,    0,    0,    0,    0,    0,    0 ]

  @UHF Final Energy:   -24.53034878243439

   => Energetics <=

    Nuclear Repulsion Energy =              0.0000000000000000
    One-Electron Energy =                 -32.3682713224272192
    Two-Electron Energy =                   7.8379225399928263
    Total Energy =                        -24.5303487824343946

  UHF NO Occupations:
  HONO-2 :    1 Ag 1.9999997
  HONO-1 :    2 Ag 1.9964831
  HONO-0 :    1B1u 1.0000000
  LUNO+0 :    3 Ag 0.0035169
  LUNO+1 :    4 Ag 0.0000003
  LUNO+2 :    5 Ag 0.0000000
  LUNO+3 :    2B1u 0.0000000


Computation Completed


Properties will be evaluated at   0.000000,   0.000000,   0.000000 [a0]

Properties computed using the SCF density matrix


 Multipole Moments:

 ------------------------------------------------------------------------------------
     Multipole            Electronic (a.u.)      Nuclear  (a.u.)        Total (a.u.)
 ------------------------------------------------------------------------------------

 L = 1.  Multiply by 2.5417464519 to convert [e a0] to [Debye]
 Dipole X            :          0.0000000            0.0000000            0.0000000
 Dipole Y            :          0.0000000            0.0000000            0.0000000
 Dipole Z            :          0.0000000            0.0000000            0.0000000
 Magnitude           :                                                    0.0000000

 ------------------------------------------------------------------------------------

*** tstop() called on CHEM4VYDH4JALT at Mon Aug  3 16:17:21 2026
Module time:
	user time   =       0.04 seconds =       0.00 minutes
	system time =       0.01 seconds =       0.00 minutes
	total time  =          0 seconds =       0.00 minutes
Total time:
	user time   =       0.99 seconds =       0.02 minutes
	system time =       0.16 seconds =       0.00 minutes
	total time  =          1 seconds =       0.02 minutes
 MINTS: Wrapper to libmints.
   by Justin Turney

   Calculation information:
      Number of threads:                 1
      Number of atoms:                   1
      Number of AO shells:              10
      Number of SO shells:              10
      Number of primitives:             19
      Number of atomic orbitals:        23
      Number of basis functions:        22

      Number of irreps:                  8
      Integral cutoff                 1.00e-12
      Number of functions per irrep: [   7    1    1    1    0    4    4    4 ]

 OEINTS: Overlap, kinetic, potential, dipole, and quadrupole integrals
         stored in file 35.

      Computing two-electron integrals...done
      Computed 4475 non-zero two-electron integrals.
        Stored in file 33.


*** tstart() called on CHEM4VYDH4JALT
*** at Mon Aug  3 16:17:21 2026


	Wfn Parameters:
	--------------------
	Wavefunction         = CCSD_T
	Number of irreps     = 8
	Number of MOs        = 22
	Number of active MOs = 22
	AO-Basis             = NONE
	Semicanonical        = false
	Reference            = UHF
	Print Level          = 1

	IRREP	# MOs	# FZDC	# DOCC	# SOCC	# VIRT	# FZVR
	-----	-----	------	------	------	------	------
	 Ag	   7	    0	    2	    0	    5	    0
	 B1g	   1	    0	    0	    0	    1	    0
	 B2g	   1	    0	    0	    0	    1	    0
	 B3g	   1	    0	    0	    0	    1	    0
	 Au	   0	    0	    0	    0	    0	    0
	 B1u	   4	    0	    0	    1	    3	    0
	 B2u	   4	    0	    0	    0	    4	    0
	 B3u	   4	    0	    0	    0	    4	    0
	Transforming integrals...
	IWL integrals will be deleted.
	(OO|OO)...
	Presorting SO-basis two-electron integrals.
	Sorting File: SO Ints (nn|nn) nbuckets = 1
	Constructing frozen core operators
	Starting AA/AB first half-transformation.
	Sorting AA/AB half-transformed integrals.
	Starting BB first half-transformation.
	Sorting BB half-transformed integrals.
	First half integral transformation complete.
	Starting AA second half-transformation.
	Starting AB second half-transformation.
	Starting BB second half-transformation.
	Two-electron integral transformation complete.
	(OO|OV)...
	Starting AA second half-transformation.
	Starting AB second half-transformation.
	Starting BB second half-transformation.
	Two-electron integral transformation complete.
	(OO|VV)...
	Starting AA second half-transformation.
	Starting AB second half-transformation.
	Starting BB second half-transformation.
	Two-electron integral transformation complete.
	(OV|OO)...
	Starting AA/AB first half-transformation.
	Sorting AA/AB half-transformed integrals.
	Starting BB first half-transformation.
	Sorting BB half-transformed integrals.
	First half integral transformation complete.
	Starting AA second half-transformation.
	Starting AB second half-transformation.
	Starting BB second half-transformation.
	Two-electron integral transformation complete.
	(OV|OV)...
	Starting AA second half-transformation.
	Starting AB second half-transformation.
	Starting BB second half-transformation.
	Two-electron integral transformation complete.
	(OV|VV)...
	Starting AA second half-transformation.
	Starting AB second half-transformation.
	Starting BB second half-transformation.
	Two-electron integral transformation complete.
	(VV|OO)...
	Starting AA/AB first half-transformation.
	Sorting AA/AB half-transformed integrals.
	Starting BB first half-transformation.
	Sorting BB half-transformed integrals.
	First half integral transformation complete.
	Starting AA second half-transformation.
	Starting AB second half-transformation.
	Starting BB second half-transformation.
	Two-electron integral transformation complete.
	(VV|OV)...
	Starting AA second half-transformation.
	Starting AB second half-transformation.
	Starting BB second half-transformation.
	Two-electron integral transformation complete.
	(VV|VV)...
	Starting AA second half-transformation.
	Starting AB second half-transformation.
	Starting BB second half-transformation.
	Two-electron integral transformation complete.
	Frozen core energy     =      0.00000000000000

	Size of irrep 0 of <AB|CD> integrals:      0.001 (MW) /      0.005 (MB)
	Size of irrep 1 of <AB|CD> integrals:      0.000 (MW) /      0.004 (MB)
	Size of irrep 2 of <AB|CD> integrals:      0.000 (MW) /      0.003 (MB)
	Size of irrep 3 of <AB|CD> integrals:      0.000 (MW) /      0.003 (MB)
	Size of irrep 4 of <AB|CD> integrals:      0.000 (MW) /      0.001 (MB)
	Size of irrep 5 of <AB|CD> integrals:      0.001 (MW) /      0.004 (MB)
	Size of irrep 6 of <AB|CD> integrals:      0.001 (MW) /      0.006 (MB)
	Size of irrep 7 of <AB|CD> integrals:      0.001 (MW) /      0.006 (MB)
	Total:                                     0.004 (MW) /      0.031 (MB)

	Size of irrep 0 of <ab|cd> integrals:      0.001 (MW) /      0.006 (MB)
	Size of irrep 1 of <ab|cd> integrals:      0.000 (MW) /      0.004 (MB)
	Size of irrep 2 of <ab|cd> integrals:      0.000 (MW) /      0.004 (MB)
	Size of irrep 3 of <ab|cd> integrals:      0.000 (MW) /      0.004 (MB)
	Size of irrep 4 of <ab|cd> integrals:      0.000 (MW) /      0.001 (MB)
	Size of irrep 5 of <ab|cd> integrals:      0.001 (MW) /      0.006 (MB)
	Size of irrep 6 of <ab|cd> integrals:      0.001 (MW) /      0.006 (MB)
	Size of irrep 7 of <ab|cd> integrals:      0.001 (MW) /      0.006 (MB)
	Total:                                     0.005 (MW) /      0.038 (MB)

	Size of irrep 0 of <Ab|Cd> integrals:      0.005 (MW) /      0.041 (MB)
	Size of irrep 1 of <Ab|Cd> integrals:      0.002 (MW) /      0.015 (MB)
	Size of irrep 2 of <Ab|Cd> integrals:      0.002 (MW) /      0.013 (MB)
	Size of irrep 3 of <Ab|Cd> integrals:      0.002 (MW) /      0.013 (MB)
	Size of irrep 4 of <Ab|Cd> integrals:      0.001 (MW) /      0.004 (MB)
	Size of irrep 5 of <Ab|Cd> integrals:      0.003 (MW) /      0.021 (MB)
	Size of irrep 6 of <Ab|Cd> integrals:      0.003 (MW) /      0.024 (MB)
	Size of irrep 7 of <Ab|Cd> integrals:      0.003 (MW) /      0.024 (MB)
	Total:                                     0.019 (MW) /      0.156 (MB)

	Size of irrep 0 of <IA|BC> integrals:      0.001 (MW) /      0.007 (MB)
	Size of irrep 1 of <IA|BC> integrals:      0.000 (MW) /      0.001 (MB)
	Size of irrep 2 of <IA|BC> integrals:      0.000 (MW) /      0.002 (MB)
	Size of irrep 3 of <IA|BC> integrals:      0.000 (MW) /      0.002 (MB)
	Size of irrep 4 of <IA|BC> integrals:      0.000 (MW) /      0.000 (MB)
	Size of irrep 5 of <IA|BC> integrals:      0.001 (MW) /      0.004 (MB)
	Size of irrep 6 of <IA|BC> integrals:      0.000 (MW) /      0.004 (MB)
	Size of irrep 7 of <IA|BC> integrals:      0.000 (MW) /      0.004 (MB)
	Total:                                     0.003 (MW) /      0.023 (MB)

	Size of irrep 0 of <ia|bc> integrals:      0.001 (MW) /      0.006 (MB)
	Size of irrep 1 of <ia|bc> integrals:      0.000 (MW) /      0.001 (MB)
	Size of irrep 2 of <ia|bc> integrals:      0.000 (MW) /      0.001 (MB)
	Size of irrep 3 of <ia|bc> integrals:      0.000 (MW) /      0.001 (MB)
	Size of irrep 4 of <ia|bc> integrals:      0.000 (MW) /      0.000 (MB)
	Size of irrep 5 of <ia|bc> integrals:      0.000 (MW) /      0.004 (MB)
	Size of irrep 6 of <ia|bc> integrals:      0.000 (MW) /      0.004 (MB)
	Size of irrep 7 of <ia|bc> integrals:      0.000 (MW) /      0.004 (MB)
	Total:                                     0.002 (MW) /      0.019 (MB)

	Size of irrep 0 of <Ia|Bc> integrals:      0.001 (MW) /      0.008 (MB)
	Size of irrep 1 of <Ia|Bc> integrals:      0.000 (MW) /      0.001 (MB)
	Size of irrep 2 of <Ia|Bc> integrals:      0.000 (MW) /      0.002 (MB)
	Size of irrep 3 of <Ia|Bc> integrals:      0.000 (MW) /      0.002 (MB)
	Size of irrep 4 of <Ia|Bc> integrals:      0.000 (MW) /      0.000 (MB)
	Size of irrep 5 of <Ia|Bc> integrals:      0.001 (MW) /      0.005 (MB)
	Size of irrep 6 of <Ia|Bc> integrals:      0.000 (MW) /      0.004 (MB)
	Size of irrep 7 of <Ia|Bc> integrals:      0.000 (MW) /      0.004 (MB)
	Total:                                     0.003 (MW) /      0.026 (MB)

	Size of irrep 0 of <iA|bC> integrals:      0.001 (MW) /      0.006 (MB)
	Size of irrep 1 of <iA|bC> integrals:      0.000 (MW) /      0.001 (MB)
	Size of irrep 2 of <iA|bC> integrals:      0.000 (MW) /      0.001 (MB)
	Size of irrep 3 of <iA|bC> integrals:      0.000 (MW) /      0.001 (MB)
	Size of irrep 4 of <iA|bC> integrals:      0.000 (MW) /      0.000 (MB)
	Size of irrep 5 of <iA|bC> integrals:      0.000 (MW) /      0.002 (MB)
	Size of irrep 6 of <iA|bC> integrals:      0.000 (MW) /      0.004 (MB)
	Size of irrep 7 of <iA|bC> integrals:      0.000 (MW) /      0.004 (MB)
	Total:                                     0.002 (MW) /      0.017 (MB)

	Size of irrep 0 of tIjAb amplitudes:       0.000 (MW) /      0.002 (MB)
	Size of irrep 1 of tIjAb amplitudes:       0.000 (MW) /      0.000 (MB)
	Size of irrep 2 of tIjAb amplitudes:       0.000 (MW) /      0.000 (MB)
	Size of irrep 3 of tIjAb amplitudes:       0.000 (MW) /      0.000 (MB)
	Size of irrep 4 of tIjAb amplitudes:       0.000 (MW) /      0.000 (MB)
	Size of irrep 5 of tIjAb amplitudes:       0.000 (MW) /      0.001 (MB)
	Size of irrep 6 of tIjAb amplitudes:       0.000 (MW) /      0.000 (MB)
	Size of irrep 7 of tIjAb amplitudes:       0.000 (MW) /      0.000 (MB)
	Total:                                     0.000 (MW) /      0.003 (MB)

	Nuclear Rep. energy          =      0.00000000000000
	SCF energy                   =    -24.53034878243439
	One-electron energy          =    -32.36827120774027
	Two-electron (AA) energy     =      1.55216570443543
	Two-electron (BB) energy     =      0.60220966897027
	Two-electron (AB) energy     =      5.68354705190017
	Two-electron energy          =      7.83792242530587
	Reference energy             =    -24.53034878243440

*** tstop() called on CHEM4VYDH4JALT at Mon Aug  3 16:17:21 2026
Module time:
	user time   =       0.01 seconds =       0.00 minutes
	system time =       0.04 seconds =       0.00 minutes
	total time  =          0 seconds =       0.00 minutes
Total time:
	user time   =       1.00 seconds =       0.02 minutes
	system time =       0.21 seconds =       0.00 minutes
	total time  =          1 seconds =       0.02 minutes
            **************************
            *                        *
            *        CCENERGY        *
            *                        *
            **************************

    Nuclear Rep. energy (wfn)     =    0.000000000000000
    SCF energy          (wfn)     =  -24.530348782434395
    Reference energy    (file100) =  -24.530348782434398

    Input parameters:
    -----------------
    Wave function   =     CCSD_T
    Reference wfn   =     UHF
    Brueckner       =     No
    Memory (Mbytes) =     500.0
    Maxiter         =     50
    R_Convergence   =     1.0e-07
    E_Convergence   =     1.0e-06
    Restart         =     Yes
    DIIS            =     Yes
    AO Basis        =     NONE
    ABCD            =     NEW
    Cache Level     =     2
    Cache Type      =     LRU
    Print Level     =     1
    Num. of threads =     1
    # Amps to Print =     10
    Print MP2 Amps? =     No
    Analyze T2 Amps =     No
    Print Pair Ener =     No
    Local CC        =     No
    SCS-MP2         =     False
    SCSN-MP2        =     False
    SCS-CCSD        =     False

MP2 correlation energy -0.0559580404774250
                Solving CC Amplitude Equations
                ------------------------------
  Iter             Energy              RMS        T1Diag      D1Diag    New D1Diag    D2Diag
  ----     ---------------------    ---------   ----------  ----------  ----------   --------
     0        -0.055958040477425    0.000e+00    0.000000    0.000000    0.000000    0.000000
     1        -0.069437434298075    5.958e-02    0.006025    0.000000    0.000000    0.000000
     2        -0.077723270245862    2.862e-02    0.012192    0.000000    0.000000    0.000000
     3        -0.078104990700267    5.910e-03    0.013426    0.000000    0.000000    0.000000
     4        -0.078243869835353    8.594e-04    0.013526    0.000000    0.000000    0.000000
     5        -0.078192855097598    1.730e-04    0.013498    0.000000    0.000000    0.000000
     6        -0.078204789241059    4.709e-05    0.013508    0.000000    0.000000    0.000000
     7        -0.078203608138314    1.222e-05    0.013508    0.000000    0.000000    0.000000
     8        -0.078203443220220    4.069e-06    0.013508    0.000000    0.000000    0.000000
     9        -0.078203641439821    1.044e-06    0.013508    0.000000    0.000000    0.000000
    10        -0.078203638632297    2.048e-07    0.013508    0.000000    0.000000    0.000000
    11        -0.078203637255719    4.721e-08    0.013508    0.000000    0.000000    0.000000

    Iterations converged.


    Largest TIA Amplitudes:
              1   2         0.0182988769
              1   1         0.0064014593
              1   0         0.0054354281
              2   8        -0.0042161657
              2   9         0.0020874475
              0   1        -0.0008333197
              0   0        -0.0002286459
              0   2        -0.0001417380
              2  10         0.0001341065
              1   4         0.0001174399

    Largest Tia Amplitudes:
              1   0         0.0163706390
              1   1         0.0144914551
              1   3        -0.0023024550
              0   1        -0.0008161861
              0   0        -0.0002446396
              1   4         0.0001524433
              0   4        -0.0000749542
              0   3        -0.0000311980

    Largest TIJAB Amplitudes:
      2   1   9   1        -0.0230816047
      2   1   8   1        -0.0141477476
      2   1   9   0        -0.0136936796
      2   1  15   6        -0.0124123599
      2   1  11   7        -0.0124123599
      2   1  12   7        -0.0120205684
      2   1  16   6        -0.0120205684
      2   1   8   0        -0.0100439301
      2   1  10   1        -0.0099189698
      2   1  13   7        -0.0079203048

    Largest Tijab Amplitudes:
      1   0  11   9        -0.0019950615
      1   0  11  10        -0.0019841438
      1   0  15  14        -0.0018799007
      1   0  19  18        -0.0018799007
      1   0  15  13        -0.0016040433
      1   0  19  17        -0.0016040433
      1   0  15  12        -0.0012624627
      1   0  19  16        -0.0012624627
      1   0  11   8        -0.0011037474
      1   0   4   1        -0.0005388714

    Largest TIjAb Amplitudes:
      1   1  15  16        -0.0734704018
      1   1  11  12        -0.0734704018
      1   1  15  17        -0.0734584151
      1   1  11  13        -0.0734584150
      1   1  16  17        -0.0638587701
      1   1  12  13        -0.0638587700
      1   1  16  16        -0.0632935681
      1   1  12  12        -0.0632935681
      2   1   2   9         0.0463135787
      2   1   9   1        -0.0383200096

    SCF energy       (wfn)                    =  -24.530348782434395
    Reference energy (file100)                =  -24.530348782434398

    Opposite-spin MP2 correlation energy      =   -0.052346148665349
    Same-spin MP2 correlation energy          =   -0.003611891812076
    Singles MP2 correlation energy            =   -0.000000000000000
    MP2 correlation energy                    =   -0.055958040477425
      * MP2 total energy                      =  -24.586306822911823

    Opposite-spin CCSD correlation energy     =   -0.074199338589761
    Same-spin CCSD correlation energy         =   -0.004004298665958
    Singles CCSD correlation energy           =   -0.000000000000000
    CCSD correlation energy                   =   -0.078203637255719
      * CCSD total energy                     =  -24.608552419690117

            **************************
            *                        *
            *        CCTRIPLES       *
            *                        *
            **************************


    Wave function   =    CCSD_T
    Reference wfn   =      UHF

    Nuclear Rep. energy (wfn)                =    0.000000000000000
    SCF energy          (wfn)                =  -24.530348782434395
    Reference energy    (file100)            =  -24.530348782434398
    CCSD energy         (file100)            =   -0.078203637255719
    Total CCSD energy   (file100)            =  -24.608552419690117

    Number of ijk index combinations:
    Spin Case AAA:                                   1
    Spin Case BBB:                                   0
    Spin Case AAB:                                   6
    Spin Case ABB:                                   3
    AAA (T) energy                             =   -0.000000704274509
    BBB (T) energy                             =    0.000000000000000
    AAB (T) energy                             =   -0.001027972622731
    ABB (T) energy                             =   -0.000088623866186
    (T) energy                                   =   -0.001117300763426
      * CCSD(T) total energy                     =  -24.609669720453542


Scratch directory: /tmp/
   => Libint2 <=

    Primary   basis highest AM E, G, H:  7, 6, 3
    Auxiliary basis highest AM E, G, H:  7, 7, 4
    Onebody   basis highest AM E, G, H:  -, -, -
    Solid Harmonics ordering:            Gaussian

*** tstart() called on CHEM4VYDH4JALT
*** at Mon Aug  3 16:17:29 2026

   => Loading Basis Set <=

    Name: 6-311+G**
    Role: ORBITAL
    Keyword: BASIS
    atoms 1 entry B          line   108 file /Users/jfoley19/miniforge3/envs/p4dev/share/psi4/basis/6-311pgss.gbs 


         ---------------------------------------------------------
                                   SCF
               by Justin Turney, Rob Parrish, Andy Simmonett
                          and Daniel G. A. Smith
                             ROHF Reference
                        1 Threads,    476 MiB Core
         ---------------------------------------------------------

  ==> Geometry <==

    Molecular point group: d2h
    Geometry (in Angstrom), charge = 0, multiplicity = 2:

       Center              X                  Y                   Z               Mass       
    ------------   -----------------  -----------------  -----------------  -----------------
         B            0.000000000000     0.000000000000     0.000000000000    11.009305360000

  Running in d2h symmetry.

  Rotational constants: A = ************  B = ************  C = ************ [cm^-1]
  Rotational constants: A = ************  B = ************  C = ************ [MHz]
  Nuclear repulsion =    0.000000000000000

  Charge       = 0
  Multiplicity = 2
  Electrons    = 5
  Nalpha       = 3
  Nbeta        = 2

  ==> Algorithm <==

  SCF Algorithm Type is DF.
  DIIS enabled.
  MOM disabled.
  Fractional occupation disabled.
  Guess Type is CORE.
  Energy threshold   = 1.00e-06
  Density threshold  = 1.00e-06
  Integral threshold = 1.00e-12

  ==> Primary Basis <==

  Basis Set: 6-311+G**
    Blend: 6-311+G**
    Number of shells: 10
    Number of basis functions: 22
    Number of Cartesian functions: 23
    Spherical Harmonics?: true
    Max angular momentum: 2

   => Loading Basis Set <=

    Name: (6-311+G** AUX)
    Role: JKFIT
    Keyword: DF_BASIS_SCF
    atoms 1 entry B          line   138 file /Users/jfoley19/miniforge3/envs/p4dev/share/psi4/basis/heavy-aug-cc-pvtz-jkfit.gbs 

  ==> Integral Setup <==

  DFHelper Memory: AOs need 0.001 GiB; user supplied 0.349 GiB. 
  SCF_SUBTYPE=INCORE selected. In-core MEM_DF algorithm will be used.
  Using in-core AOs.

  ==> MemDFJK: Density-Fitted J/K Matrices <==

    J tasked:                   Yes
    K tasked:                   Yes
    wK tasked:                   No
    OpenMP threads:               1
    Memory [MiB]:               357
    Algorithm:                 Core
    Schwarz Cutoff:           1E-12
    Mask sparsity (%):       0.0000
    Fitting Condition:        1E-10

   => Auxiliary Basis Set <=

  Basis Set: (6-311+G** AUX)
    Blend: HEAVY-AUG-CC-PVTZ-JKFIT
    Number of shells: 30
    Number of basis functions: 104
    Number of Cartesian functions: 131
    Spherical Harmonics?: true
    Max angular momentum: 4

  Minimum eigenvalue in the overlap matrix is 6.7945151576E-02.
  Reciprocal condition number of the overlap matrix is 2.5371712151E-02.
    Using symmetric orthogonalization.

  ==> Pre-Iterations <==

  SCF Guess: Core (One-Electron) Hamiltonian.

   -------------------------------------------------------
    Irrep   Nso     Nmo     Nalpha   Nbeta   Ndocc  Nsocc
   -------------------------------------------------------
     Ag         7       7       1       1       1       0
     B1g        1       1       0       0       0       0
     B2g        1       1       0       0       0       0
     B3g        1       1       0       0       0       0
     Au         0       0       0       0       0       0
     B1u        4       4       1       0       0       1
     B2u        4       4       1       1       1       0
     B3u        4       4       0       0       0       0
   -------------------------------------------------------
    Total      22      22       3       2       2       1
   -------------------------------------------------------

  ==> Iterations <==

                           Total Energy        Delta E     RMS |[F,P]|

    Occupation by irrep:
             Ag   B1g   B2g   B3g    Au   B1u   B2u   B3u 
    DOCC [     2,    0,    0,    0,    0,    0,    0,    0 ]
    SOCC [     0,    0,    0,    0,    0,    0,    1,    0 ]
    NA   [     2,    0,    0,    0,    0,    0,    1,    0 ]
    NB   [     2,    0,    0,    0,    0,    0,    0,    0 ]

   @DF-ROHF iter   1:   -21.90768345320168   -2.19077e+01   1.71308e-01 DIIS
   @DF-ROHF iter   2:   -23.34561620646939   -1.43793e+00   4.38761e-02 DIIS
   @DF-ROHF iter   3:   -24.49291743152547   -1.14730e+00   1.61985e-02 DIIS
   @DF-ROHF iter   4:   -24.52576805551095   -3.28506e-02   3.15344e-03 DIIS
   @DF-ROHF iter   5:   -24.52702951681190   -1.26146e-03   3.52387e-04 DIIS
   @DF-ROHF iter   6:   -24.52707794644461   -4.84296e-05   1.39567e-04 DIIS
   @DF-ROHF iter   7:   -24.52708347853000   -5.53209e-06   3.54128e-05 DIIS
   @DF-ROHF iter   8:   -24.52708387038486   -3.91855e-07   4.31620e-06 DIIS
   @DF-ROHF iter   9:   -24.52708387379787   -3.41302e-09   5.62203e-07 DIIS
  Energy and wave function converged.


  ==> Post-Iterations <==

    Orbital Energies [Eh]
    ---------------------

    Doubly Occupied:                                                      

       1Ag    -7.694989     2Ag    -0.495104  

    Singly Occupied:                                                      

       1B2u   -0.086309  

    Virtual:                                                              

       1B1u    0.032527     1B3u    0.032527     3Ag     0.077353  
       2B2u    0.099137     2B1u    0.129441     2B3u    0.129441  
       3B2u    0.527456     3B1u    0.541942     3B3u    0.541942  
       4Ag     0.585394     5Ag     1.036850     1B2g    1.036850  
       1B3g    1.044849     1B1g    1.044849     6Ag     1.047531  
       4B1u    2.078926     4B3u    2.078926     4B2u    2.091213  
       7Ag    14.682246  

    Final Occupation by Irrep:
             Ag   B1g   B2g   B3g    Au   B1u   B2u   B3u 
    DOCC [     2,    0,    0,    0,    0,    0,    0,    0 ]
    SOCC [     0,    0,    0,    0,    0,    0,    1,    0 ]
    NA   [     2,    0,    0,    0,    0,    0,    1,    0 ]
    NB   [     2,    0,    0,    0,    0,    0,    0,    0 ]

  @DF-ROHF Final Energy:   -24.52708387379787

   => Energetics <=

    Nuclear Repulsion Energy =              0.0000000000000000
    One-Electron Energy =                 -32.3640676843216895
    Two-Electron Energy =                   7.8369838105238152
    Total Energy =                        -24.5270838737978742

Computation Completed


Properties will be evaluated at   0.000000,   0.000000,   0.000000 [a0]

Properties computed using the SCF density matrix


 Multipole Moments:

 ------------------------------------------------------------------------------------
     Multipole            Electronic (a.u.)      Nuclear  (a.u.)        Total (a.u.)
 ------------------------------------------------------------------------------------

 L = 1.  Multiply by 2.5417464519 to convert [e a0] to [Debye]
 Dipole X            :          0.0000000            0.0000000            0.0000000
 Dipole Y            :          0.0000000            0.0000000            0.0000000
 Dipole Z            :          0.0000000            0.0000000            0.0000000
 Magnitude           :                                                    0.0000000

 ------------------------------------------------------------------------------------

*** tstop() called on CHEM4VYDH4JALT at Mon Aug  3 16:17:29 2026
Module time:
	user time   =       0.05 seconds =       0.00 minutes
	system time =       0.00 seconds =       0.00 minutes
	total time  =          0 seconds =       0.00 minutes
Total time:
	user time   =       1.14 seconds =       0.02 minutes
	system time =       0.40 seconds =       0.01 minutes
	total time  =          9 seconds =       0.15 minutes

Scratch directory: /tmp/
    SCF Algorithm Type (re)set to DF.
   => Libint2 <=

    Primary   basis highest AM E, G, H:  7, 6, 3
    Auxiliary basis highest AM E, G, H:  7, 7, 4
    Onebody   basis highest AM E, G, H:  -, -, -
    Solid Harmonics ordering:            Gaussian

*** tstart() called on CHEM4VYDH4JALT
*** at Mon Aug  3 16:17:29 2026

   => Loading Basis Set <=

    Name: 6-311+G**
    Role: ORBITAL
    Keyword: BASIS
    atoms 1 entry B          line   108 file /Users/jfoley19/miniforge3/envs/p4dev/share/psi4/basis/6-311pgss.gbs 


         ---------------------------------------------------------
                                   SCF
               by Justin Turney, Rob Parrish, Andy Simmonett
                          and Daniel G. A. Smith
                             ROHF Reference
                        1 Threads,    476 MiB Core
         ---------------------------------------------------------

  ==> Geometry <==

    Molecular point group: d2h
    Geometry (in Angstrom), charge = 0, multiplicity = 2:

       Center              X                  Y                   Z               Mass       
    ------------   -----------------  -----------------  -----------------  -----------------
         B            0.000000000000     0.000000000000     0.000000000000    11.009305360000

  Running in d2h symmetry.

  Rotational constants: A = ************  B = ************  C = ************ [cm^-1]
  Rotational constants: A = ************  B = ************  C = ************ [MHz]
  Nuclear repulsion =    0.000000000000000

  Charge       = 0
  Multiplicity = 2
  Electrons    = 5
  Nalpha       = 3
  Nbeta        = 2

  ==> Algorithm <==

  SCF Algorithm Type is DF.
  DIIS enabled.
  MOM disabled.
  Fractional occupation disabled.
  Guess Type is CORE.
  Energy threshold   = 1.00e-08
  Density threshold  = 1.00e-08
  Integral threshold = 1.00e-12

  ==> Primary Basis <==

  Basis Set: 6-311+G**
    Blend: 6-311+G**
    Number of shells: 10
    Number of basis functions: 22
    Number of Cartesian functions: 23
    Spherical Harmonics?: true
    Max angular momentum: 2

   => Loading Basis Set <=

    Name: (6-311+G** AUX)
    Role: JKFIT
    Keyword: DF_BASIS_SCF
    atoms 1 entry B          line   138 file /Users/jfoley19/miniforge3/envs/p4dev/share/psi4/basis/heavy-aug-cc-pvtz-jkfit.gbs 

  ==> Integral Setup <==

  DFHelper Memory: AOs need 0.001 GiB; user supplied 0.349 GiB. 
  SCF_SUBTYPE=INCORE selected. In-core MEM_DF algorithm will be used.
  Using in-core AOs.

  ==> MemDFJK: Density-Fitted J/K Matrices <==

    J tasked:                   Yes
    K tasked:                   Yes
    wK tasked:                   No
    OpenMP threads:               1
    Memory [MiB]:               357
    Algorithm:                 Core
    Schwarz Cutoff:           1E-12
    Mask sparsity (%):       0.0000
    Fitting Condition:        1E-10

   => Auxiliary Basis Set <=

  Basis Set: (6-311+G** AUX)
    Blend: HEAVY-AUG-CC-PVTZ-JKFIT
    Number of shells: 30
    Number of basis functions: 104
    Number of Cartesian functions: 131
    Spherical Harmonics?: true
    Max angular momentum: 4

  Minimum eigenvalue in the overlap matrix is 6.7945151576E-02.
  Reciprocal condition number of the overlap matrix is 2.5371712151E-02.
    Using symmetric orthogonalization.

  ==> Pre-Iterations <==

  SCF Guess: Core (One-Electron) Hamiltonian.

   -------------------------------------------------------
    Irrep   Nso     Nmo     Nalpha   Nbeta   Ndocc  Nsocc
   -------------------------------------------------------
     Ag         7       7       1       1       1       0
     B1g        1       1       0       0       0       0
     B2g        1       1       0       0       0       0
     B3g        1       1       0       0       0       0
     Au         0       0       0       0       0       0
     B1u        4       4       1       0       0       1
     B2u        4       4       1       1       1       0
     B3u        4       4       0       0       0       0
   -------------------------------------------------------
    Total      22      22       3       2       2       1
   -------------------------------------------------------

  ==> Iterations <==

                           Total Energy        Delta E     RMS |[F,P]|

    Occupation by irrep:
             Ag   B1g   B2g   B3g    Au   B1u   B2u   B3u 
    DOCC [     2,    0,    0,    0,    0,    0,    0,    0 ]
    SOCC [     0,    0,    0,    0,    0,    0,    1,    0 ]
    NA   [     2,    0,    0,    0,    0,    0,    1,    0 ]
    NB   [     2,    0,    0,    0,    0,    0,    0,    0 ]

   @DF-ROHF iter   1:   -21.90768345320168   -2.19077e+01   1.71308e-01 DIIS
   @DF-ROHF iter   2:   -23.34561620646939   -1.43793e+00   4.38761e-02 DIIS
   @DF-ROHF iter   3:   -24.49291743152547   -1.14730e+00   1.61985e-02 DIIS
   @DF-ROHF iter   4:   -24.52576805551095   -3.28506e-02   3.15344e-03 DIIS
   @DF-ROHF iter   5:   -24.52702951681190   -1.26146e-03   3.52387e-04 DIIS
   @DF-ROHF iter   6:   -24.52707794644461   -4.84296e-05   1.39567e-04 DIIS
   @DF-ROHF iter   7:   -24.52708347853000   -5.53209e-06   3.54128e-05 DIIS
   @DF-ROHF iter   8:   -24.52708387038486   -3.91855e-07   4.31620e-06 DIIS
   @DF-ROHF iter   9:   -24.52708387379787   -3.41302e-09   5.62203e-07 DIIS
   @DF-ROHF iter  10:   -24.52708387387282   -7.49409e-11   5.36516e-08 DIIS
   @DF-ROHF iter  11:   -24.52708387387334   -5.29354e-13   2.39505e-09 DIIS
  Energy and wave function converged.


  ==> Post-Iterations <==

    Orbital Energies [Eh]
    ---------------------

    Doubly Occupied:                                                      

       1Ag    -7.694991     2Ag    -0.495105  

    Singly Occupied:                                                      

       1B2u   -0.086310  

    Virtual:                                                              

       1B1u    0.032526     1B3u    0.032526     3Ag     0.077353  
       2B2u    0.099137     2B3u    0.129441     2B1u    0.129441  
       3B2u    0.527456     3B1u    0.541941     3B3u    0.541941  
       4Ag     0.585393     5Ag     1.036849     1B2g    1.036849  
       1B3g    1.044848     1B1g    1.044848     6Ag     1.047530  
       4B1u    2.078924     4B3u    2.078924     4B2u    2.091211  
       7Ag    14.682244  

    Final Occupation by Irrep:
             Ag   B1g   B2g   B3g    Au   B1u   B2u   B3u 
    DOCC [     2,    0,    0,    0,    0,    0,    0,    0 ]
    SOCC [     0,    0,    0,    0,    0,    0,    1,    0 ]
    NA   [     2,    0,    0,    0,    0,    0,    1,    0 ]
    NB   [     2,    0,    0,    0,    0,    0,    0,    0 ]

  @DF-ROHF Final Energy:   -24.52708387387334

   => Energetics <=

    Nuclear Repulsion Energy =              0.0000000000000000
    One-Electron Energy =                 -32.3640571314820846
    Two-Electron Energy =                   7.8369732576087419
    Total Energy =                        -24.5270838738733445

Computation Completed


Properties will be evaluated at   0.000000,   0.000000,   0.000000 [a0]

Properties computed using the SCF density matrix


 Multipole Moments:

 ------------------------------------------------------------------------------------
     Multipole            Electronic (a.u.)      Nuclear  (a.u.)        Total (a.u.)
 ------------------------------------------------------------------------------------

 L = 1.  Multiply by 2.5417464519 to convert [e a0] to [Debye]
 Dipole X            :          0.0000000            0.0000000            0.0000000
 Dipole Y            :          0.0000000            0.0000000            0.0000000
 Dipole Z            :          0.0000000            0.0000000            0.0000000
 Magnitude           :                                                    0.0000000

 ------------------------------------------------------------------------------------

*** tstop() called on CHEM4VYDH4JALT at Mon Aug  3 16:17:29 2026
Module time:
	user time   =       0.04 seconds =       0.00 minutes
	system time =       0.01 seconds =       0.00 minutes
	total time  =          0 seconds =       0.00 minutes
Total time:
	user time   =       1.19 seconds =       0.02 minutes
	system time =       0.41 seconds =       0.01 minutes
	total time  =          9 seconds =       0.15 minutes

*** tstart() called on CHEM4VYDH4JALT
*** at Mon Aug  3 16:17:29 2026


  //>>>>>>>>>>>>>>>>>>>>>>>>>>>>>>>>>>>//
  //               DFMP2               //
  //<<<<<<<<<<<<<<<<<<<<<<<<<<<<<<<<<<<//

   => Loading Basis Set <=

    Name: (6-311+G** AUX)
    Role: RIFIT
    Keyword: DF_BASIS_MP2
    atoms 1 entry B          line    90 file /Users/jfoley19/miniforge3/envs/p4dev/share/psi4/basis/heavy-aug-cc-pvtz-ri.gbs 

	 --------------------------------------------------------
	                          DF-MP2                         
	      2nd-Order Density-Fitted Moller-Plesset Theory     
	          ROHF-MBPT(2) Wavefunction,   1 Threads         
	                                                         
	        Rob Parrish, Justin Turney, Andy Simmonett,      
	           Ed Hohenstein, and C. David Sherrill          
	 --------------------------------------------------------

	 --------------------------------------------------------
	                 NBF =    22, NAUX =   106
	 --------------------------------------------------------
	   CLASS    FOCC     OCC    AOCC    AVIR     VIR    FVIR
	   ALPHA       0       3       3      19      19       0
	    BETA       0       2       2      20      20       0
	 --------------------------------------------------------

	-----------------------------------------------------------
	 ==================> DF-MP2 Energies <==================== 
	-----------------------------------------------------------
	 Reference Energy          =     -24.5270838738733445 [Eh]
	 Singles Energy            =      -0.0021647433873699 [Eh]
	 Same-Spin Energy          =      -0.0037485823947590 [Eh]
	 Opposite-Spin Energy      =      -0.0532348513518948 [Eh]
	 Correlation Energy        =      -0.0591481771340237 [Eh]
	 Total Energy              =     -24.5862320510073680 [Eh]
	-----------------------------------------------------------
	 ================> DF-SCS-MP2 Energies <================== 
	-----------------------------------------------------------
	 SCS Same-Spin Scale       =       0.3333333333333333 [-]
	 SCS Opposite-Spin Scale   =       1.2000000000000000 [-]
	 SCS Same-Spin Energy      =      -0.0012495274649197 [Eh]
	 SCS Opposite-Spin Energy  =      -0.0638818216222738 [Eh]
	 SCS Correlation Energy    =      -0.0672960924745633 [Eh]
	 SCS Total Energy          =     -24.5943799663479084 [Eh]
	-----------------------------------------------------------


*** tstop() called on CHEM4VYDH4JALT at Mon Aug  3 16:17:29 2026
Module time:
	user time   =       0.01 seconds =       0.00 minutes
	system time =       0.00 seconds =       0.00 minutes
	total time  =          0 seconds =       0.00 minutes
Total time:
	user time   =       1.20 seconds =       0.02 minutes
	system time =       0.41 seconds =       0.01 minutes
	total time  =          9 seconds =       0.15 minutes

Scratch directory: /tmp/
   => Libint2 <=

    Primary   basis highest AM E, G, H:  7, 6, 3
    Auxiliary basis highest AM E, G, H:  7, 7, 4
    Onebody   basis highest AM E, G, H:  -, -, -
    Solid Harmonics ordering:            Gaussian

*** tstart() called on CHEM4VYDH4JALT
*** at Mon Aug  3 16:17:29 2026

   => Loading Basis Set <=

    Name: 6-311+G**
    Role: ORBITAL
    Keyword: BASIS
    atoms 1 entry B          line   108 file /Users/jfoley19/miniforge3/envs/p4dev/share/psi4/basis/6-311pgss.gbs 


         ---------------------------------------------------------
                                   SCF
               by Justin Turney, Rob Parrish, Andy Simmonett
                          and Daniel G. A. Smith
                             ROHF Reference
                        1 Threads,    476 MiB Core
         ---------------------------------------------------------

  ==> Geometry <==

    Molecular point group: d2h
    Geometry (in Angstrom), charge = 0, multiplicity = 2:

       Center              X                  Y                   Z               Mass       
    ------------   -----------------  -----------------  -----------------  -----------------
         B            0.000000000000     0.000000000000     0.000000000000    11.009305360000

  Running in d2h symmetry.

  Rotational constants: A = ************  B = ************  C = ************ [cm^-1]
  Rotational constants: A = ************  B = ************  C = ************ [MHz]
  Nuclear repulsion =    0.000000000000000

  Charge       = 0
  Multiplicity = 2
  Electrons    = 5
  Nalpha       = 3
  Nbeta        = 2

  ==> Algorithm <==

  SCF Algorithm Type is PK.
  DIIS enabled.
  MOM disabled.
  Fractional occupation disabled.
  Guess Type is CORE.
  Energy threshold   = 1.00e-08
  Density threshold  = 1.00e-08
  Integral threshold = 1.00e-12

  ==> Primary Basis <==

  Basis Set: 6-311+G**
    Blend: 6-311+G**
    Number of shells: 10
    Number of basis functions: 22
    Number of Cartesian functions: 23
    Spherical Harmonics?: true
    Max angular momentum: 2

  ==> Integral Setup <==

  Using in-core PK algorithm.
   Calculation information:
      Number of atoms:                   1
      Number of AO shells:              10
      Number of primitives:             19
      Number of atomic orbitals:        23
      Number of basis functions:        22

      Integral cutoff                 1.00e-12
      Number of threads:                 1

  Performing in-core PK
  Using 64262 doubles for integral storage.
  We computed 1540 shell quartets total.
  Whereas there are 1540 unique shell quartets.

  ==> DiskJK: Disk-Based J/K Matrices <==

    J tasked:                  Yes
    K tasked:                  Yes
    wK tasked:                  No
    Memory [MiB]:              357
    Schwarz Cutoff:          1E-12

    OpenMP threads:              1

  Minimum eigenvalue in the overlap matrix is 6.7945151576E-02.
  Reciprocal condition number of the overlap matrix is 2.5371712151E-02.
    Using symmetric orthogonalization.

  ==> Pre-Iterations <==

  SCF Guess: Core (One-Electron) Hamiltonian.

   -------------------------------------------------------
    Irrep   Nso     Nmo     Nalpha   Nbeta   Ndocc  Nsocc
   -------------------------------------------------------
     Ag         7       7       1       1       1       0
     B1g        1       1       0       0       0       0
     B2g        1       1       0       0       0       0
     B3g        1       1       0       0       0       0
     Au         0       0       0       0       0       0
     B1u        4       4       1       0       0       1
     B2u        4       4       1       1       1       0
     B3u        4       4       0       0       0       0
   -------------------------------------------------------
    Total      22      22       3       2       2       1
   -------------------------------------------------------

  ==> Iterations <==

                        Total Energy        Delta E     RMS |[F,P]|

    Occupation by irrep:
             Ag   B1g   B2g   B3g    Au   B1u   B2u   B3u 
    DOCC [     2,    0,    0,    0,    0,    0,    0,    0 ]
    SOCC [     0,    0,    0,    0,    0,    0,    1,    0 ]
    NA   [     2,    0,    0,    0,    0,    0,    1,    0 ]
    NB   [     2,    0,    0,    0,    0,    0,    0,    0 ]

   @ROHF iter   1:   -21.90771212465793   -2.19077e+01   1.71305e-01 DIIS
   @ROHF iter   2:   -23.34570215354517   -1.43799e+00   4.38671e-02 DIIS
   @ROHF iter   3:   -24.49290614502945   -1.14720e+00   1.62067e-02 DIIS
   @ROHF iter   4:   -24.52576729237596   -3.28611e-02   3.15639e-03 DIIS
   @ROHF iter   5:   -24.52703113793040   -1.26385e-03   3.52847e-04 DIIS
   @ROHF iter   6:   -24.52707969637594   -4.85584e-05   1.39661e-04 DIIS
   @ROHF iter   7:   -24.52708523681361   -5.54044e-06   3.54425e-05 DIIS
   @ROHF iter   8:   -24.52708562928486   -3.92471e-07   4.32982e-06 DIIS
   @ROHF iter   9:   -24.52708563270549   -3.42063e-09   5.63358e-07 DIIS
   @ROHF iter  10:   -24.52708563278080   -7.53033e-11   5.37789e-08 DIIS
   @ROHF iter  11:   -24.52708563278136   -5.68434e-13   2.40394e-09 DIIS
  Energy and wave function converged.


  ==> Post-Iterations <==

    Orbital Energies [Eh]
    ---------------------

    Doubly Occupied:                                                      

       1Ag    -7.694984     2Ag    -0.495103  

    Singly Occupied:                                                      

       1B2u   -0.086307  

    Virtual:                                                              

       1B1u    0.032528     1B3u    0.032528     3Ag     0.077346  
       2B2u    0.099108     2B3u    0.129420     2B1u    0.129420  
       3B2u    0.527144     3B1u    0.541649     3B3u    0.541649  
       4Ag     0.585258     5Ag     1.036657     1B2g    1.036657  
       1B3g    1.044655     1B1g    1.044655     6Ag     1.047337  
       4B1u    2.078443     4B3u    2.078443     4B2u    2.090730  
       7Ag    14.682229  

    Final Occupation by Irrep:
             Ag   B1g   B2g   B3g    Au   B1u   B2u   B3u 
    DOCC [     2,    0,    0,    0,    0,    0,    0,    0 ]
    SOCC [     0,    0,    0,    0,    0,    0,    1,    0 ]
    NA   [     2,    0,    0,    0,    0,    0,    1,    0 ]
    NB   [     2,    0,    0,    0,    0,    0,    0,    0 ]

  @ROHF Final Energy:   -24.52708563278136

   => Energetics <=

    Nuclear Repulsion Energy =              0.0000000000000000
    One-Electron Energy =                 -32.3640769489244846
    Two-Electron Energy =                   7.8369913161431191
    Total Energy =                        -24.5270856327813647

Computation Completed


Properties will be evaluated at   0.000000,   0.000000,   0.000000 [a0]

Properties computed using the SCF density matrix


 Multipole Moments:

 ------------------------------------------------------------------------------------
     Multipole            Electronic (a.u.)      Nuclear  (a.u.)        Total (a.u.)
 ------------------------------------------------------------------------------------

 L = 1.  Multiply by 2.5417464519 to convert [e a0] to [Debye]
 Dipole X            :          0.0000000            0.0000000            0.0000000
 Dipole Y            :          0.0000000            0.0000000            0.0000000
 Dipole Z            :          0.0000000            0.0000000            0.0000000
 Magnitude           :                                                    0.0000000

 ------------------------------------------------------------------------------------

*** tstop() called on CHEM4VYDH4JALT at Mon Aug  3 16:17:29 2026
Module time:
	user time   =       0.03 seconds =       0.00 minutes
	system time =       0.01 seconds =       0.00 minutes
	total time  =          0 seconds =       0.00 minutes
Total time:
	user time   =       1.24 seconds =       0.02 minutes
	system time =       0.42 seconds =       0.01 minutes
	total time  =          9 seconds =       0.15 minutes
 MINTS: Wrapper to libmints.
   by Justin Turney

   Calculation information:
      Number of threads:                 1
      Number of atoms:                   1
      Number of AO shells:              10
      Number of SO shells:              10
      Number of primitives:             19
      Number of atomic orbitals:        23
      Number of basis functions:        22

      Number of irreps:                  8
      Integral cutoff                 1.00e-12
      Number of functions per irrep: [   7    1    1    1    0    4    4    4 ]

 OEINTS: Overlap, kinetic, potential, dipole, and quadrupole integrals
         stored in file 35.

      Computing two-electron integrals...done
      Computed 4475 non-zero two-electron integrals.
        Stored in file 33.


         ---------------------------------------------------------
                          Configuration Interaction
                            (a 'D E T C I' module)

                 C. David Sherrill, Daniel G. A. Smith, and
                              Matt L. Leininger
         ---------------------------------------------------------

Warning: iopen=0,opentype!=closed. Making iopen=1

   ==> Parameters <==

    EX LEVEL       =        5      H0 BLOCKSIZE  =        1
    VAL EX LEVEL   =        0      H0 GUESS SIZE =        1
    H0COUPLINGSIZE =        0      H0 COUPLING   =       NO
    MAXITER        =       24      NUM PRINT     =       20
    NUM ROOTS      =        1      ICORE         =        1
    PRINT LVL      =        1      FCI           =      YES
    R CONV         = 1.00e-04      MIXED         =      YES
    E CONV         = 1.00e-06      MIXED4        =      YES
    R4S            =       NO      REPL OTF      =       NO
    DIAG METHOD    =      SEM      FOLLOW ROOT   =        0
    PRECONDITIONER = DAVIDSON      UPDATE        = DAVIDSON
    S              =   0.5000      Ms0           =       NO
    GUESS VECTOR   =     UNIT      OPENTYPE      = HIGHSPIN
    COLLAPSE SIZE  =        1      HD AVG        = ORB_ENER
MPN options:
    MPN            =      YES      MPN SCHMIDT   =       NO
    ZAPTN          =      YES      MPN WIGNER    =      YES
    PERT Z         =   1.0000
    MAX NUM VECS   =        3      REF SYM       =     AUTO
    IOPEN        =      YES

    EX ALLOW       =  1  1  1  1  1 
    STATE AVERAGE  =  0(1.00) 

   ==> CI Orbital and Space information <==

   ------------------------------------------------------------------------------
               Space    Total    Ag   B1g   B2g   B3g    Au   B1u   B2u   B3u
   ------------------------------------------------------------------------------
                 Nso       22     7     1     1     1     0     4     4     4
                 Nmo       22     7     1     1     1     0     4     4     4
               Ndocc        2     2     0     0     0     0     0     0     0
               Nsocc        1     0     0     0     0     0     0     1     0
   ------------------------------------------------------------------------------
                                   CI Spaces
   ------------------------------------------------------------------------------
        Dropped DOCC        0     0     0     0     0     0     0     0     0
              Active       22     7     1     1     1     0     4     4     4
        Dropped UOCC        0     0     0     0     0     0     0     0     0
   ------------------------------------------------------------------------------

   ==> Setting up CI strings <==

    There are 1540 alpha and 231 beta strings
    The CI space requires 44760 (4.48E+04) determinants and 57 blocks

   ==> Transforming CI integrals <==

	Presorting SO-basis two-electron integrals.
	Sorting File: SO Ints (nn|nn) nbuckets = 1
	Constructing frozen core operators
	Starting first half-transformation.
	Sorting half-transformed integrals.
	First half integral transformation complete.
	Starting second half-transformation.
	Two-electron integral transformation complete.

   ==> Starting MPn CI Computation <==

   CalcInfo_->escf =       -24.527085632781365
   CalcInfo_->e0   =       -16.690094249806414
   CalcInfo_->enuc =         0.000000000000000
   CalcInfo_->e1   =        -7.836991382974951

   n         Corr. Energy                  E(ZAPTn)             n         Corr. Energy                  E(ZAPTn)

   0          0.000000000000000       -16.690094249806414
   1         -7.836991382974951       -24.527085632781365
   1         -7.836991382974936       -24.527085632781350
   2         -0.058827692226014       -24.585913325007379       2        -0.058827692226014       -24.585913325007379
                                                                3        -0.015099305467373       -24.601012630474752
   3         -0.015099305467373       -24.601012630474752       4        -0.005301075765905       -24.606313706240659
                                                                5        -0.002149121049803       -24.608462827290463

    ZAPT4 energy saved

    EZAPTn = -24.6063137062407


   ==> Energetics <==

    SCF energy =          -24.527085632781365
    Total ZAPT energy =   -24.606313706240659

		 "A good bug is a dead bug" 

			 - Starship Troopers

		 "I didn't write FORTRAN.  That's the problem."

			 - Edward Valeev

Scratch directory: /tmp/
   => Libint2 <=

    Primary   basis highest AM E, G, H:  7, 6, 3
    Auxiliary basis highest AM E, G, H:  7, 7, 4
    Onebody   basis highest AM E, G, H:  -, -, -
    Solid Harmonics ordering:            Gaussian

*** tstart() called on CHEM4VYDH4JALT
*** at Mon Aug  3 16:17:29 2026

   => Loading Basis Set <=

    Name: 6-311+G**
    Role: ORBITAL
    Keyword: BASIS
    atoms 1 entry B          line   108 file /Users/jfoley19/miniforge3/envs/p4dev/share/psi4/basis/6-311pgss.gbs 


         ---------------------------------------------------------
                                   SCF
               by Justin Turney, Rob Parrish, Andy Simmonett
                          and Daniel G. A. Smith
                              UHF Reference
                        1 Threads,    476 MiB Core
         ---------------------------------------------------------

  ==> Geometry <==

    Molecular point group: d2h
    Geometry (in Angstrom), charge = 0, multiplicity = 2:

       Center              X                  Y                   Z               Mass       
    ------------   -----------------  -----------------  -----------------  -----------------
         B            0.000000000000     0.000000000000     0.000000000000    11.009305360000

  Running in d2h symmetry.

  Rotational constants: A = ************  B = ************  C = ************ [cm^-1]
  Rotational constants: A = ************  B = ************  C = ************ [MHz]
  Nuclear repulsion =    0.000000000000000

  Charge       = 0
  Multiplicity = 2
  Electrons    = 5
  Nalpha       = 3
  Nbeta        = 2

  ==> Algorithm <==

  SCF Algorithm Type is PK.
  DIIS enabled.
  MOM disabled.
  Fractional occupation disabled.
  Guess Type is CORE.
  Energy threshold   = 1.00e-08
  Density threshold  = 1.00e-08
  Integral threshold = 1.00e-12

  ==> Primary Basis <==

  Basis Set: 6-311+G**
    Blend: 6-311+G**
    Number of shells: 10
    Number of basis functions: 22
    Number of Cartesian functions: 23
    Spherical Harmonics?: true
    Max angular momentum: 2

  ==> Integral Setup <==

  Using in-core PK algorithm.
   Calculation information:
      Number of atoms:                   1
      Number of AO shells:              10
      Number of primitives:             19
      Number of atomic orbitals:        23
      Number of basis functions:        22

      Integral cutoff                 1.00e-12
      Number of threads:                 1

  Performing in-core PK
  Using 64262 doubles for integral storage.
  We computed 1540 shell quartets total.
  Whereas there are 1540 unique shell quartets.

  ==> DiskJK: Disk-Based J/K Matrices <==

    J tasked:                  Yes
    K tasked:                  Yes
    wK tasked:                  No
    Memory [MiB]:              357
    Schwarz Cutoff:          1E-12

    OpenMP threads:              1

  Minimum eigenvalue in the overlap matrix is 6.7945151576E-02.
  Reciprocal condition number of the overlap matrix is 2.5371712151E-02.
    Using symmetric orthogonalization.

  ==> Pre-Iterations <==

  SCF Guess: Core (One-Electron) Hamiltonian.

   -------------------------------------------------------
    Irrep   Nso     Nmo     Nalpha   Nbeta   Ndocc  Nsocc
   -------------------------------------------------------
     Ag         7       7       1       1       1       0
     B1g        1       1       0       0       0       0
     B2g        1       1       0       0       0       0
     B3g        1       1       0       0       0       0
     Au         0       0       0       0       0       0
     B1u        4       4       1       0       0       1
     B2u        4       4       1       1       1       0
     B3u        4       4       0       0       0       0
   -------------------------------------------------------
    Total      22      22       3       2       2       1
   -------------------------------------------------------

  ==> Iterations <==

                        Total Energy        Delta E     RMS |[F,P]|

    Occupation by irrep:
             Ag   B1g   B2g   B3g    Au   B1u   B2u   B3u 
    DOCC [     2,    0,    0,    0,    0,    0,    0,    0 ]
    SOCC [     0,    0,    0,    0,    0,    1,    0,    0 ]
    NA   [     2,    0,    0,    0,    0,    1,    0,    0 ]
    NB   [     2,    0,    0,    0,    0,    0,    0,    0 ]

   @UHF iter   1:   -21.90771212465794   -2.19077e+01   2.25455e-01 ADIIS
   @UHF iter   2:   -23.41365394431186   -1.50594e+00   5.99213e-02 DIIS/ADIIS
   @UHF iter   3:   -24.49000388216323   -1.07635e+00   2.09474e-02 DIIS/ADIIS
   @UHF iter   4:   -24.52756181678393   -3.75579e-02   4.94336e-03 DIIS/ADIIS
   @UHF iter   5:   -24.53028027124554   -2.71845e-03   6.96392e-04 DIIS/ADIIS
   @UHF iter   6:   -24.53034306478646   -6.27935e-05   1.64743e-04 DIIS/ADIIS
   @UHF iter   7:   -24.53034816353384   -5.09875e-06   4.51400e-05 DIIS
   @UHF iter   8:   -24.53034876185456   -5.98321e-07   8.63540e-06 DIIS
   @UHF iter   9:   -24.53034878207520   -2.02206e-08   1.24391e-06 DIIS
   @UHF iter  10:   -24.53034878242400   -3.48795e-10   2.06462e-07 DIIS
   @UHF iter  11:   -24.53034878243423   -1.02389e-11   3.22708e-08 DIIS
   @UHF iter  12:   -24.53034878243439   -1.59872e-13   3.40453e-09 DIIS
  Energy and wave function converged.


  ==> Post-Iterations <==

   @Spin Contamination Metric:   7.022012344E-03
   @S^2 Expected:                7.500000000E-01
   @S^2 Observed:                7.570220123E-01
   @S   Expected:                5.000000000E-01
   @S   Observed:                5.000000000E-01

    Orbital Energies [Eh]
    ---------------------

    Alpha Occupied:                                                       

       1Ag    -7.700118     2Ag    -0.544716     1B1u   -0.317054  

    Alpha Virtual:                                                        

       1B3u    0.029121     1B2u    0.029121     3Ag     0.074645  
       2B1u    0.091779     2B3u    0.125932     2B2u    0.125932  
       3B1u    0.492247     3B2u    0.537433     3B3u    0.537433  
       4Ag     0.572979     5Ag     1.003839     1B3g    1.010116  
       1B2g    1.010116     1B1g    1.034980     6Ag     1.034980  
       4B1u    2.057771     4B2u    2.075611     4B3u    2.075611  
       7Ag    14.678581  

    Beta Occupied:                                                        

       1Ag    -7.684596     2Ag    -0.445942  

    Beta Virtual:                                                         

       1B2u    0.036654     1B3u    0.036654     1B1u    0.057837  
       3Ag     0.080488     2B2u    0.134462     2B3u    0.134462  
       2B1u    0.168350     3B2u    0.548047     3B3u    0.548047  
       3B1u    0.587641     4Ag     0.599887     5Ag     1.040744  
       1B1g    1.040744     1B3g    1.081806     1B2g    1.081806  
       6Ag     1.097072     4B2u    2.084771     4B3u    2.084771  
       4B1u    2.128211     7Ag    14.691066  

    Final Occupation by Irrep:
             Ag   B1g   B2g   B3g    Au   B1u   B2u   B3u 
    DOCC [     2,    0,    0,    0,    0,    0,    0,    0 ]
    SOCC [     0,    0,    0,    0,    0,    1,    0,    0 ]
    NA   [     2,    0,    0,    0,    0,    1,    0,    0 ]
    NB   [     2,    0,    0,    0,    0,    0,    0,    0 ]

  @UHF Final Energy:   -24.53034878243439

   => Energetics <=

    Nuclear Repulsion Energy =              0.0000000000000000
    One-Electron Energy =                 -32.3682713224272192
    Two-Electron Energy =                   7.8379225399928263
    Total Energy =                        -24.5303487824343946

  UHF NO Occupations:
  HONO-2 :    1 Ag 1.9999997
  HONO-1 :    2 Ag 1.9964831
  HONO-0 :    1B1u 1.0000000
  LUNO+0 :    3 Ag 0.0035169
  LUNO+1 :    4 Ag 0.0000003
  LUNO+2 :    5 Ag 0.0000000
  LUNO+3 :    2B1u 0.0000000


Computation Completed


Properties will be evaluated at   0.000000,   0.000000,   0.000000 [a0]

Properties computed using the SCF density matrix


 Multipole Moments:

 ------------------------------------------------------------------------------------
     Multipole            Electronic (a.u.)      Nuclear  (a.u.)        Total (a.u.)
 ------------------------------------------------------------------------------------

 L = 1.  Multiply by 2.5417464519 to convert [e a0] to [Debye]
 Dipole X            :          0.0000000            0.0000000            0.0000000
 Dipole Y            :          0.0000000            0.0000000            0.0000000
 Dipole Z            :          0.0000000            0.0000000            0.0000000
 Magnitude           :                                                    0.0000000

 ------------------------------------------------------------------------------------

*** tstop() called on CHEM4VYDH4JALT at Mon Aug  3 16:17:29 2026
Module time:
	user time   =       0.05 seconds =       0.00 minutes
	system time =       0.02 seconds =       0.00 minutes
	total time  =          0 seconds =       0.00 minutes
Total time:
	user time   =       1.34 seconds =       0.02 minutes
	system time =       0.47 seconds =       0.01 minutes
	total time  =          9 seconds =       0.15 minutes
 MINTS: Wrapper to libmints.
   by Justin Turney

   Calculation information:
      Number of threads:                 1
      Number of atoms:                   1
      Number of AO shells:              10
      Number of SO shells:              10
      Number of primitives:             19
      Number of atomic orbitals:        23
      Number of basis functions:        22

      Number of irreps:                  8
      Integral cutoff                 1.00e-12
      Number of functions per irrep: [   7    1    1    1    0    4    4    4 ]

 OEINTS: Overlap, kinetic, potential, dipole, and quadrupole integrals
         stored in file 35.

      Computing two-electron integrals...done
      Computed 4475 non-zero two-electron integrals.
        Stored in file 33.


*** tstart() called on CHEM4VYDH4JALT
*** at Mon Aug  3 16:17:29 2026


	Wfn Parameters:
	--------------------
	Wavefunction         = CCSD_T
	Number of irreps     = 8
	Number of MOs        = 22
	Number of active MOs = 22
	AO-Basis             = NONE
	Semicanonical        = false
	Reference            = UHF
	Print Level          = 1

	IRREP	# MOs	# FZDC	# DOCC	# SOCC	# VIRT	# FZVR
	-----	-----	------	------	------	------	------
	 Ag	   7	    0	    2	    0	    5	    0
	 B1g	   1	    0	    0	    0	    1	    0
	 B2g	   1	    0	    0	    0	    1	    0
	 B3g	   1	    0	    0	    0	    1	    0
	 Au	   0	    0	    0	    0	    0	    0
	 B1u	   4	    0	    0	    1	    3	    0
	 B2u	   4	    0	    0	    0	    4	    0
	 B3u	   4	    0	    0	    0	    4	    0
	Transforming integrals...
	IWL integrals will be deleted.
	(OO|OO)...
	Presorting SO-basis two-electron integrals.
	Sorting File: SO Ints (nn|nn) nbuckets = 1
	Constructing frozen core operators
	Starting AA/AB first half-transformation.
	Sorting AA/AB half-transformed integrals.
	Starting BB first half-transformation.
	Sorting BB half-transformed integrals.
	First half integral transformation complete.
	Starting AA second half-transformation.
	Starting AB second half-transformation.
	Starting BB second half-transformation.
	Two-electron integral transformation complete.
	(OO|OV)...
	Starting AA second half-transformation.
	Starting AB second half-transformation.
	Starting BB second half-transformation.
	Two-electron integral transformation complete.
	(OO|VV)...
	Starting AA second half-transformation.
	Starting AB second half-transformation.
	Starting BB second half-transformation.
	Two-electron integral transformation complete.
	(OV|OO)...
	Starting AA/AB first half-transformation.
	Sorting AA/AB half-transformed integrals.
	Starting BB first half-transformation.
	Sorting BB half-transformed integrals.
	First half integral transformation complete.
	Starting AA second half-transformation.
	Starting AB second half-transformation.
	Starting BB second half-transformation.
	Two-electron integral transformation complete.
	(OV|OV)...
	Starting AA second half-transformation.
	Starting AB second half-transformation.
	Starting BB second half-transformation.
	Two-electron integral transformation complete.
	(OV|VV)...
	Starting AA second half-transformation.
	Starting AB second half-transformation.
	Starting BB second half-transformation.
	Two-electron integral transformation complete.
	(VV|OO)...
	Starting AA/AB first half-transformation.
	Sorting AA/AB half-transformed integrals.
	Starting BB first half-transformation.
	Sorting BB half-transformed integrals.
	First half integral transformation complete.
	Starting AA second half-transformation.
	Starting AB second half-transformation.
	Starting BB second half-transformation.
	Two-electron integral transformation complete.
	(VV|OV)...
	Starting AA second half-transformation.
	Starting AB second half-transformation.
	Starting BB second half-transformation.
	Two-electron integral transformation complete.
	(VV|VV)...
	Starting AA second half-transformation.
	Starting AB second half-transformation.
	Starting BB second half-transformation.
	Two-electron integral transformation complete.
	Frozen core energy     =      0.00000000000000

	Size of irrep 0 of <AB|CD> integrals:      0.001 (MW) /      0.005 (MB)
	Size of irrep 1 of <AB|CD> integrals:      0.000 (MW) /      0.004 (MB)
	Size of irrep 2 of <AB|CD> integrals:      0.000 (MW) /      0.003 (MB)
	Size of irrep 3 of <AB|CD> integrals:      0.000 (MW) /      0.003 (MB)
	Size of irrep 4 of <AB|CD> integrals:      0.000 (MW) /      0.001 (MB)
	Size of irrep 5 of <AB|CD> integrals:      0.001 (MW) /      0.004 (MB)
	Size of irrep 6 of <AB|CD> integrals:      0.001 (MW) /      0.006 (MB)
	Size of irrep 7 of <AB|CD> integrals:      0.001 (MW) /      0.006 (MB)
	Total:                                     0.004 (MW) /      0.031 (MB)

	Size of irrep 0 of <ab|cd> integrals:      0.001 (MW) /      0.006 (MB)
	Size of irrep 1 of <ab|cd> integrals:      0.000 (MW) /      0.004 (MB)
	Size of irrep 2 of <ab|cd> integrals:      0.000 (MW) /      0.004 (MB)
	Size of irrep 3 of <ab|cd> integrals:      0.000 (MW) /      0.004 (MB)
	Size of irrep 4 of <ab|cd> integrals:      0.000 (MW) /      0.001 (MB)
	Size of irrep 5 of <ab|cd> integrals:      0.001 (MW) /      0.006 (MB)
	Size of irrep 6 of <ab|cd> integrals:      0.001 (MW) /      0.006 (MB)
	Size of irrep 7 of <ab|cd> integrals:      0.001 (MW) /      0.006 (MB)
	Total:                                     0.005 (MW) /      0.038 (MB)

	Size of irrep 0 of <Ab|Cd> integrals:      0.005 (MW) /      0.041 (MB)
	Size of irrep 1 of <Ab|Cd> integrals:      0.002 (MW) /      0.015 (MB)
	Size of irrep 2 of <Ab|Cd> integrals:      0.002 (MW) /      0.013 (MB)
	Size of irrep 3 of <Ab|Cd> integrals:      0.002 (MW) /      0.013 (MB)
	Size of irrep 4 of <Ab|Cd> integrals:      0.001 (MW) /      0.004 (MB)
	Size of irrep 5 of <Ab|Cd> integrals:      0.003 (MW) /      0.021 (MB)
	Size of irrep 6 of <Ab|Cd> integrals:      0.003 (MW) /      0.024 (MB)
	Size of irrep 7 of <Ab|Cd> integrals:      0.003 (MW) /      0.024 (MB)
	Total:                                     0.019 (MW) /      0.156 (MB)

	Size of irrep 0 of <IA|BC> integrals:      0.001 (MW) /      0.007 (MB)
	Size of irrep 1 of <IA|BC> integrals:      0.000 (MW) /      0.001 (MB)
	Size of irrep 2 of <IA|BC> integrals:      0.000 (MW) /      0.002 (MB)
	Size of irrep 3 of <IA|BC> integrals:      0.000 (MW) /      0.002 (MB)
	Size of irrep 4 of <IA|BC> integrals:      0.000 (MW) /      0.000 (MB)
	Size of irrep 5 of <IA|BC> integrals:      0.001 (MW) /      0.004 (MB)
	Size of irrep 6 of <IA|BC> integrals:      0.000 (MW) /      0.004 (MB)
	Size of irrep 7 of <IA|BC> integrals:      0.000 (MW) /      0.004 (MB)
	Total:                                     0.003 (MW) /      0.023 (MB)

	Size of irrep 0 of <ia|bc> integrals:      0.001 (MW) /      0.006 (MB)
	Size of irrep 1 of <ia|bc> integrals:      0.000 (MW) /      0.001 (MB)
	Size of irrep 2 of <ia|bc> integrals:      0.000 (MW) /      0.001 (MB)
	Size of irrep 3 of <ia|bc> integrals:      0.000 (MW) /      0.001 (MB)
	Size of irrep 4 of <ia|bc> integrals:      0.000 (MW) /      0.000 (MB)
	Size of irrep 5 of <ia|bc> integrals:      0.000 (MW) /      0.004 (MB)
	Size of irrep 6 of <ia|bc> integrals:      0.000 (MW) /      0.004 (MB)
	Size of irrep 7 of <ia|bc> integrals:      0.000 (MW) /      0.004 (MB)
	Total:                                     0.002 (MW) /      0.019 (MB)

	Size of irrep 0 of <Ia|Bc> integrals:      0.001 (MW) /      0.008 (MB)
	Size of irrep 1 of <Ia|Bc> integrals:      0.000 (MW) /      0.001 (MB)
	Size of irrep 2 of <Ia|Bc> integrals:      0.000 (MW) /      0.002 (MB)
	Size of irrep 3 of <Ia|Bc> integrals:      0.000 (MW) /      0.002 (MB)
	Size of irrep 4 of <Ia|Bc> integrals:      0.000 (MW) /      0.000 (MB)
	Size of irrep 5 of <Ia|Bc> integrals:      0.001 (MW) /      0.005 (MB)
	Size of irrep 6 of <Ia|Bc> integrals:      0.000 (MW) /      0.004 (MB)
	Size of irrep 7 of <Ia|Bc> integrals:      0.000 (MW) /      0.004 (MB)
	Total:                                     0.003 (MW) /      0.026 (MB)

	Size of irrep 0 of <iA|bC> integrals:      0.001 (MW) /      0.006 (MB)
	Size of irrep 1 of <iA|bC> integrals:      0.000 (MW) /      0.001 (MB)
	Size of irrep 2 of <iA|bC> integrals:      0.000 (MW) /      0.001 (MB)
	Size of irrep 3 of <iA|bC> integrals:      0.000 (MW) /      0.001 (MB)
	Size of irrep 4 of <iA|bC> integrals:      0.000 (MW) /      0.000 (MB)
	Size of irrep 5 of <iA|bC> integrals:      0.000 (MW) /      0.002 (MB)
	Size of irrep 6 of <iA|bC> integrals:      0.000 (MW) /      0.004 (MB)
	Size of irrep 7 of <iA|bC> integrals:      0.000 (MW) /      0.004 (MB)
	Total:                                     0.002 (MW) /      0.017 (MB)

	Size of irrep 0 of tIjAb amplitudes:       0.000 (MW) /      0.002 (MB)
	Size of irrep 1 of tIjAb amplitudes:       0.000 (MW) /      0.000 (MB)
	Size of irrep 2 of tIjAb amplitudes:       0.000 (MW) /      0.000 (MB)
	Size of irrep 3 of tIjAb amplitudes:       0.000 (MW) /      0.000 (MB)
	Size of irrep 4 of tIjAb amplitudes:       0.000 (MW) /      0.000 (MB)
	Size of irrep 5 of tIjAb amplitudes:       0.000 (MW) /      0.001 (MB)
	Size of irrep 6 of tIjAb amplitudes:       0.000 (MW) /      0.000 (MB)
	Size of irrep 7 of tIjAb amplitudes:       0.000 (MW) /      0.000 (MB)
	Total:                                     0.000 (MW) /      0.003 (MB)

	Nuclear Rep. energy          =      0.00000000000000
	SCF energy                   =    -24.53034878243439
	One-electron energy          =    -32.36827120774027
	Two-electron (AA) energy     =      1.55216570443543
	Two-electron (BB) energy     =      0.60220966897027
	Two-electron (AB) energy     =      5.68354705190017
	Two-electron energy          =      7.83792242530587
	Reference energy             =    -24.53034878243440

*** tstop() called on CHEM4VYDH4JALT at Mon Aug  3 16:17:29 2026
Module time:
	user time   =       0.01 seconds =       0.00 minutes
	system time =       0.03 seconds =       0.00 minutes
	total time  =          0 seconds =       0.00 minutes
Total time:
	user time   =       1.35 seconds =       0.02 minutes
	system time =       0.50 seconds =       0.01 minutes
	total time  =          9 seconds =       0.15 minutes
            **************************
            *                        *
            *        CCENERGY        *
            *                        *
            **************************

    Nuclear Rep. energy (wfn)     =    0.000000000000000
    SCF energy          (wfn)     =  -24.530348782434395
    Reference energy    (file100) =  -24.530348782434398

    Input parameters:
    -----------------
    Wave function   =     CCSD_T
    Reference wfn   =     UHF
    Brueckner       =     No
    Memory (Mbytes) =     500.0
    Maxiter         =     50
    R_Convergence   =     1.0e-07
    E_Convergence   =     1.0e-06
    Restart         =     Yes
    DIIS            =     Yes
    AO Basis        =     NONE
    ABCD            =     NEW
    Cache Level     =     2
    Cache Type      =     LRU
    Print Level     =     1
    Num. of threads =     1
    # Amps to Print =     10
    Print MP2 Amps? =     No
    Analyze T2 Amps =     No
    Print Pair Ener =     No
    Local CC        =     No
    SCS-MP2         =     False
    SCSN-MP2        =     False
    SCS-CCSD        =     False

    Using old T1 amplitudes.
    Using old T2 amplitudes.
MP2 correlation energy -0.0559580404774250
                Solving CC Amplitude Equations
                ------------------------------
  Iter             Energy              RMS        T1Diag      D1Diag    New D1Diag    D2Diag
  ----     ---------------------    ---------   ----------  ----------  ----------   --------
     0        -0.078203637255719    0.000e+00    0.013508    0.000000    0.000000    0.000000
     1        -0.078203636645868    2.017e-08    0.013508    0.000000    0.000000    0.000000
     2        -0.078203636346873    9.364e-09    0.013508    0.000000    0.000000    0.000000

    Iterations converged.


    Largest TIA Amplitudes:
              1   2         0.0182988770
              1   1         0.0064014538
              1   0         0.0054354313
              2   8        -0.0042161710
              2   9         0.0020874519
              0   1        -0.0008333196
              0   0        -0.0002286460
              0   2        -0.0001417379
              2  10         0.0001341074
              1   4         0.0001174399

    Largest Tia Amplitudes:
              1   0         0.0163706415
              1   1         0.0144914548
              1   3        -0.0023024540
              0   1        -0.0008161861
              0   0        -0.0002446395
              1   4         0.0001524433
              0   4        -0.0000749542
              0   3        -0.0000311980

    Largest TIJAB Amplitudes:
      2   1   9   1        -0.0230816052
      2   1   8   1        -0.0141477498
      2   1   9   0        -0.0136936791
      2   1  15   6        -0.0124123660
      2   1  11   7        -0.0124123660
      2   1  12   7        -0.0120205721
      2   1  16   6        -0.0120205721
      2   1   8   0        -0.0100439307
      2   1  10   1        -0.0099189699
      2   1  13   7        -0.0079203064

    Largest Tijab Amplitudes:
      1   0  11   9        -0.0019950616
      1   0  11  10        -0.0019841439
      1   0  15  14        -0.0018799008
      1   0  19  18        -0.0018799008
      1   0  15  13        -0.0016040434
      1   0  19  17        -0.0016040434
      1   0  15  12        -0.0012624627
      1   0  19  16        -0.0012624627
      1   0  11   8        -0.0011037474
      1   0   4   1        -0.0005388714

    Largest TIjAb Amplitudes:
      1   1  15  16        -0.0734703986
      1   1  11  12        -0.0734703985
      1   1  15  17        -0.0734584093
      1   1  11  13        -0.0734584093
      1   1  16  17        -0.0638587707
      1   1  12  13        -0.0638587706
      1   1  16  16        -0.0632935700
      1   1  12  12        -0.0632935700
      2   1   2   9         0.0463135744
      2   1   9   1        -0.0383200079

    SCF energy       (wfn)                    =  -24.530348782434395
    Reference energy (file100)                =  -24.530348782434398

    Opposite-spin MP2 correlation energy      =   -0.052346148665349
    Same-spin MP2 correlation energy          =   -0.003611891812076
    Singles MP2 correlation energy            =   -0.000000000000000
    MP2 correlation energy                    =   -0.055958040477425
      * MP2 total energy                      =  -24.586306822911823

    Opposite-spin CCSD correlation energy     =   -0.074199337057366
    Same-spin CCSD correlation energy         =   -0.004004299289506
    Singles CCSD correlation energy           =   -0.000000000000000
    CCSD correlation energy                   =   -0.078203636346873
      * CCSD total energy                     =  -24.608552418781272

            **************************
            *                        *
            *        CCTRIPLES       *
            *                        *
            **************************


    Wave function   =    CCSD_T
    Reference wfn   =      UHF

    Nuclear Rep. energy (wfn)                =    0.000000000000000
    SCF energy          (wfn)                =  -24.530348782434395
    Reference energy    (file100)            =  -24.530348782434398
    CCSD energy         (file100)            =   -0.078203636346873
    Total CCSD energy   (file100)            =  -24.608552418781272

    Number of ijk index combinations:
    Spin Case AAA:                                   1
    Spin Case BBB:                                   0
    Spin Case AAB:                                   6
    Spin Case ABB:                                   3
    AAA (T) energy                             =   -0.000000704274797
    BBB (T) energy                             =    0.000000000000000
    AAB (T) energy                             =   -0.001027972598291
    ABB (T) energy                             =   -0.000088623861795
    (T) energy                                   =   -0.001117300734883
      * CCSD(T) total energy                     =  -24.609669719516152


Scratch directory: /tmp/
   => Libint2 <=

    Primary   basis highest AM E, G, H:  7, 6, 3
    Auxiliary basis highest AM E, G, H:  7, 7, 4
    Onebody   basis highest AM E, G, H:  -, -, -
    Solid Harmonics ordering:            Gaussian

*** tstart() called on CHEM4VYDH4JALT
*** at Mon Aug  3 16:17:40 2026

   => Loading Basis Set <=

    Name: 6-311+G**
    Role: ORBITAL
    Keyword: BASIS
    atoms 1 entry B          line   108 file /Users/jfoley19/miniforge3/envs/p4dev/share/psi4/basis/6-311pgss.gbs 


         ---------------------------------------------------------
                                   SCF
               by Justin Turney, Rob Parrish, Andy Simmonett
                          and Daniel G. A. Smith
                              UHF Reference
                        1 Threads,    476 MiB Core
         ---------------------------------------------------------

  ==> Geometry <==

    Molecular point group: d2h
    Geometry (in Angstrom), charge = 0, multiplicity = 2:

       Center              X                  Y                   Z               Mass       
    ------------   -----------------  -----------------  -----------------  -----------------
         B            0.000000000000     0.000000000000     0.000000000000    11.009305360000

  Running in d2h symmetry.

  Rotational constants: A = ************  B = ************  C = ************ [cm^-1]
  Rotational constants: A = ************  B = ************  C = ************ [MHz]
  Nuclear repulsion =    0.000000000000000

  Charge       = 0
  Multiplicity = 2
  Electrons    = 5
  Nalpha       = 3
  Nbeta        = 2

  ==> Algorithm <==

  SCF Algorithm Type is DF.
  DIIS enabled.
  MOM disabled.
  Fractional occupation disabled.
  Guess Type is CORE.
  Energy threshold   = 1.00e-06
  Density threshold  = 1.00e-06
  Integral threshold = 1.00e-12

  ==> Primary Basis <==

  Basis Set: 6-311+G**
    Blend: 6-311+G**
    Number of shells: 10
    Number of basis functions: 22
    Number of Cartesian functions: 23
    Spherical Harmonics?: true
    Max angular momentum: 2

   => Loading Basis Set <=

    Name: (6-311+G** AUX)
    Role: JKFIT
    Keyword: DF_BASIS_SCF
    atoms 1 entry B          line   138 file /Users/jfoley19/miniforge3/envs/p4dev/share/psi4/basis/heavy-aug-cc-pvtz-jkfit.gbs 

  ==> Integral Setup <==

  DFHelper Memory: AOs need 0.001 GiB; user supplied 0.349 GiB. 
  SCF_SUBTYPE=INCORE selected. In-core MEM_DF algorithm will be used.
  Using in-core AOs.

  ==> MemDFJK: Density-Fitted J/K Matrices <==

    J tasked:                   Yes
    K tasked:                   Yes
    wK tasked:                   No
    OpenMP threads:               1
    Memory [MiB]:               357
    Algorithm:                 Core
    Schwarz Cutoff:           1E-12
    Mask sparsity (%):       0.0000
    Fitting Condition:        1E-10

   => Auxiliary Basis Set <=

  Basis Set: (6-311+G** AUX)
    Blend: HEAVY-AUG-CC-PVTZ-JKFIT
    Number of shells: 30
    Number of basis functions: 104
    Number of Cartesian functions: 131
    Spherical Harmonics?: true
    Max angular momentum: 4

  Minimum eigenvalue in the overlap matrix is 6.7945151576E-02.
  Reciprocal condition number of the overlap matrix is 2.5371712151E-02.
    Using symmetric orthogonalization.

  ==> Pre-Iterations <==

  SCF Guess: Core (One-Electron) Hamiltonian.

   -------------------------------------------------------
    Irrep   Nso     Nmo     Nalpha   Nbeta   Ndocc  Nsocc
   -------------------------------------------------------
     Ag         7       7       1       1       1       0
     B1g        1       1       0       0       0       0
     B2g        1       1       0       0       0       0
     B3g        1       1       0       0       0       0
     Au         0       0       0       0       0       0
     B1u        4       4       1       0       0       1
     B2u        4       4       1       1       1       0
     B3u        4       4       0       0       0       0
   -------------------------------------------------------
    Total      22      22       3       2       2       1
   -------------------------------------------------------

  ==> Iterations <==

                           Total Energy        Delta E     RMS |[F,P]|

    Occupation by irrep:
             Ag   B1g   B2g   B3g    Au   B1u   B2u   B3u 
    DOCC [     2,    0,    0,    0,    0,    0,    0,    0 ]
    SOCC [     0,    0,    0,    0,    0,    1,    0,    0 ]
    NA   [     2,    0,    0,    0,    0,    1,    0,    0 ]
    NB   [     2,    0,    0,    0,    0,    0,    0,    0 ]

   @DF-UHF iter   1:   -21.90768345320168   -2.19077e+01   2.25456e-01 ADIIS
   @DF-UHF iter   2:   -23.41357942588788   -1.50590e+00   5.99293e-02 DIIS/ADIIS
   @DF-UHF iter   3:   -24.48999660241715   -1.07642e+00   2.09428e-02 DIIS/ADIIS
   @DF-UHF iter   4:   -24.52755780427951   -3.75612e-02   4.94264e-03 DIIS/ADIIS
   @DF-UHF iter   5:   -24.53027653381346   -2.71873e-03   6.96897e-04 DIIS/ADIIS
   @DF-UHF iter   6:   -24.53033942987111   -6.28961e-05   1.65014e-04 DIIS/ADIIS
   @DF-UHF iter   7:   -24.53034455110499   -5.12123e-06   4.52397e-05 DIIS
   @DF-UHF iter   8:   -24.53034515231160   -6.01207e-07   8.61797e-06 DIIS
   @DF-UHF iter   9:   -24.53034517242199   -2.01104e-08   1.24649e-06 DIIS
   @DF-UHF iter  10:   -24.53034517277246   -3.50465e-10   2.06738e-07 DIIS
  Energy and wave function converged.


  ==> Post-Iterations <==

   @Spin Contamination Metric:   7.015583484E-03
   @S^2 Expected:                7.500000000E-01
   @S^2 Observed:                7.570155835E-01
   @S   Expected:                5.000000000E-01
   @S   Observed:                5.000000000E-01

    Orbital Energies [Eh]
    ---------------------

    Alpha Occupied:                                                       

       1Ag    -7.700131     2Ag    -0.544715     1B1u   -0.317050  

    Alpha Virtual:                                                        

       1B2u    0.029118     1B3u    0.029118     3Ag     0.074655  
       2B1u    0.091804     2B2u    0.125954     2B3u    0.125954  
       3B1u    0.492685     3B2u    0.537789     3B3u    0.537789  
       4Ag     0.573244     5Ag     1.004092     1B2g    1.010364  
       1B3g    1.010364     6Ag     1.035180     1B1g    1.035180  
       4B1u    2.058436     4B2u    2.076197     4B3u    2.076197  
       7Ag    14.678594  

    Beta Occupied:                                                        

       1Ag    -7.684612     2Ag    -0.445949  

    Beta Virtual:                                                         

       1B2u    0.036653     1B3u    0.036653     1B1u    0.057842  
       3Ag     0.080487     2B2u    0.134476     2B3u    0.134476  
       2B1u    0.168376     3B2u    0.548265     3B3u    0.548265  
       3B1u    0.587809     4Ag     0.599889     5Ag     1.040929  
       1B1g    1.040929     1B2g    1.081945     1B3g    1.081945  
       6Ag     1.097184     4B2u    2.085148     4B3u    2.085149  
       4B1u    2.128504     7Ag    14.691069  

    Final Occupation by Irrep:
             Ag   B1g   B2g   B3g    Au   B1u   B2u   B3u 
    DOCC [     2,    0,    0,    0,    0,    0,    0,    0 ]
    SOCC [     0,    0,    0,    0,    0,    1,    0,    0 ]
    NA   [     2,    0,    0,    0,    0,    1,    0,    0 ]
    NB   [     2,    0,    0,    0,    0,    0,    0,    0 ]

  @DF-UHF Final Energy:   -24.53034517277246

   => Energetics <=

    Nuclear Repulsion Energy =              0.0000000000000000
    One-Electron Energy =                 -32.3682323022668186
    Two-Electron Energy =                   7.8378871294943639
    Total Energy =                        -24.5303451727724564

  UHF NO Occupations:
  HONO-2 :    1 Ag 1.9999997
  HONO-1 :    2 Ag 1.9964863
  HONO-0 :    1B1u 1.0000000
  LUNO+0 :    3 Ag 0.0035137
  LUNO+1 :    4 Ag 0.0000003
  LUNO+2 :    5 Ag 0.0000000
  LUNO+3 :    2B1u 0.0000000


Computation Completed


Properties will be evaluated at   0.000000,   0.000000,   0.000000 [a0]

Properties computed using the SCF density matrix


 Multipole Moments:

 ------------------------------------------------------------------------------------
     Multipole            Electronic (a.u.)      Nuclear  (a.u.)        Total (a.u.)
 ------------------------------------------------------------------------------------

 L = 1.  Multiply by 2.5417464519 to convert [e a0] to [Debye]
 Dipole X            :          0.0000000            0.0000000            0.0000000
 Dipole Y            :          0.0000000            0.0000000            0.0000000
 Dipole Z            :          0.0000000            0.0000000            0.0000000
 Magnitude           :                                                    0.0000000

 ------------------------------------------------------------------------------------

*** tstop() called on CHEM4VYDH4JALT at Mon Aug  3 16:17:40 2026
Module time:
	user time   =       0.06 seconds =       0.00 minutes
	system time =       0.02 seconds =       0.00 minutes
	total time  =          0 seconds =       0.00 minutes
Total time:
	user time   =       1.44 seconds =       0.02 minutes
	system time =       0.56 seconds =       0.01 minutes
	total time  =         20 seconds =       0.33 minutes

Scratch directory: /tmp/
    SCF Algorithm Type (re)set to DF.
   => Libint2 <=

    Primary   basis highest AM E, G, H:  7, 6, 3
    Auxiliary basis highest AM E, G, H:  7, 7, 4
    Onebody   basis highest AM E, G, H:  -, -, -
    Solid Harmonics ordering:            Gaussian

*** tstart() called on CHEM4VYDH4JALT
*** at Mon Aug  3 16:17:40 2026

   => Loading Basis Set <=

    Name: 6-311+G**
    Role: ORBITAL
    Keyword: BASIS
    atoms 1 entry B          line   108 file /Users/jfoley19/miniforge3/envs/p4dev/share/psi4/basis/6-311pgss.gbs 


         ---------------------------------------------------------
                                   SCF
               by Justin Turney, Rob Parrish, Andy Simmonett
                          and Daniel G. A. Smith
                              UHF Reference
                        1 Threads,    476 MiB Core
         ---------------------------------------------------------

  ==> Geometry <==

    Molecular point group: d2h
    Geometry (in Angstrom), charge = 0, multiplicity = 2:

       Center              X                  Y                   Z               Mass       
    ------------   -----------------  -----------------  -----------------  -----------------
         B            0.000000000000     0.000000000000     0.000000000000    11.009305360000

  Running in d2h symmetry.

  Rotational constants: A = ************  B = ************  C = ************ [cm^-1]
  Rotational constants: A = ************  B = ************  C = ************ [MHz]
  Nuclear repulsion =    0.000000000000000

  Charge       = 0
  Multiplicity = 2
  Electrons    = 5
  Nalpha       = 3
  Nbeta        = 2

  ==> Algorithm <==

  SCF Algorithm Type is DF.
  DIIS enabled.
  MOM disabled.
  Fractional occupation disabled.
  Guess Type is CORE.
  Energy threshold   = 1.00e-08
  Density threshold  = 1.00e-08
  Integral threshold = 1.00e-12

  ==> Primary Basis <==

  Basis Set: 6-311+G**
    Blend: 6-311+G**
    Number of shells: 10
    Number of basis functions: 22
    Number of Cartesian functions: 23
    Spherical Harmonics?: true
    Max angular momentum: 2

   => Loading Basis Set <=

    Name: (6-311+G** AUX)
    Role: JKFIT
    Keyword: DF_BASIS_SCF
    atoms 1 entry B          line   138 file /Users/jfoley19/miniforge3/envs/p4dev/share/psi4/basis/heavy-aug-cc-pvtz-jkfit.gbs 

  ==> Integral Setup <==

  DFHelper Memory: AOs need 0.001 GiB; user supplied 0.349 GiB. 
  SCF_SUBTYPE=INCORE selected. In-core MEM_DF algorithm will be used.
  Using in-core AOs.

  ==> MemDFJK: Density-Fitted J/K Matrices <==

    J tasked:                   Yes
    K tasked:                   Yes
    wK tasked:                   No
    OpenMP threads:               1
    Memory [MiB]:               357
    Algorithm:                 Core
    Schwarz Cutoff:           1E-12
    Mask sparsity (%):       0.0000
    Fitting Condition:        1E-10

   => Auxiliary Basis Set <=

  Basis Set: (6-311+G** AUX)
    Blend: HEAVY-AUG-CC-PVTZ-JKFIT
    Number of shells: 30
    Number of basis functions: 104
    Number of Cartesian functions: 131
    Spherical Harmonics?: true
    Max angular momentum: 4

  Minimum eigenvalue in the overlap matrix is 6.7945151576E-02.
  Reciprocal condition number of the overlap matrix is 2.5371712151E-02.
    Using symmetric orthogonalization.

  ==> Pre-Iterations <==

  SCF Guess: Core (One-Electron) Hamiltonian.

   -------------------------------------------------------
    Irrep   Nso     Nmo     Nalpha   Nbeta   Ndocc  Nsocc
   -------------------------------------------------------
     Ag         7       7       1       1       1       0
     B1g        1       1       0       0       0       0
     B2g        1       1       0       0       0       0
     B3g        1       1       0       0       0       0
     Au         0       0       0       0       0       0
     B1u        4       4       1       0       0       1
     B2u        4       4       1       1       1       0
     B3u        4       4       0       0       0       0
   -------------------------------------------------------
    Total      22      22       3       2       2       1
   -------------------------------------------------------

  ==> Iterations <==

                           Total Energy        Delta E     RMS |[F,P]|

    Occupation by irrep:
             Ag   B1g   B2g   B3g    Au   B1u   B2u   B3u 
    DOCC [     2,    0,    0,    0,    0,    0,    0,    0 ]
    SOCC [     0,    0,    0,    0,    0,    1,    0,    0 ]
    NA   [     2,    0,    0,    0,    0,    1,    0,    0 ]
    NB   [     2,    0,    0,    0,    0,    0,    0,    0 ]

   @DF-UHF iter   1:   -21.90768345320168   -2.19077e+01   2.25456e-01 ADIIS
   @DF-UHF iter   2:   -23.41357942588788   -1.50590e+00   5.99293e-02 DIIS/ADIIS
   @DF-UHF iter   3:   -24.48999660241715   -1.07642e+00   2.09428e-02 DIIS/ADIIS
   @DF-UHF iter   4:   -24.52755780427951   -3.75612e-02   4.94264e-03 DIIS/ADIIS
   @DF-UHF iter   5:   -24.53027653381346   -2.71873e-03   6.96897e-04 DIIS/ADIIS
   @DF-UHF iter   6:   -24.53033942987111   -6.28961e-05   1.65014e-04 DIIS/ADIIS
   @DF-UHF iter   7:   -24.53034455110499   -5.12123e-06   4.52397e-05 DIIS
   @DF-UHF iter   8:   -24.53034515231160   -6.01207e-07   8.61797e-06 DIIS
   @DF-UHF iter   9:   -24.53034517242199   -2.01104e-08   1.24649e-06 DIIS
   @DF-UHF iter  10:   -24.53034517277246   -3.50465e-10   2.06738e-07 DIIS
   @DF-UHF iter  11:   -24.53034517278265   -1.01927e-11   3.23300e-08 DIIS
   @DF-UHF iter  12:   -24.53034517278282   -1.66978e-13   3.39053e-09 DIIS
  Energy and wave function converged.


  ==> Post-Iterations <==

   @Spin Contamination Metric:   7.015604113E-03
   @S^2 Expected:                7.500000000E-01
   @S^2 Observed:                7.570156041E-01
   @S   Expected:                5.000000000E-01
   @S   Observed:                5.000000000E-01

    Orbital Energies [Eh]
    ---------------------

    Alpha Occupied:                                                       

       1Ag    -7.700131     2Ag    -0.544715     1B1u   -0.317049  

    Alpha Virtual:                                                        

       1B3u    0.029118     1B2u    0.029118     3Ag     0.074656  
       2B1u    0.091805     2B3u    0.125954     2B2u    0.125954  
       3B1u    0.492685     3B2u    0.537790     3B3u    0.537790  
       4Ag     0.573244     5Ag     1.004093     1B3g    1.010364  
       1B2g    1.010364     1B1g    1.035180     6Ag     1.035180  
       4B1u    2.058436     4B2u    2.076197     4B3u    2.076197  
       7Ag    14.678595  

    Beta Occupied:                                                        

       1Ag    -7.684612     2Ag    -0.445949  

    Beta Virtual:                                                         

       1B2u    0.036653     1B3u    0.036653     1B1u    0.057842  
       3Ag     0.080487     2B2u    0.134476     2B3u    0.134476  
       2B1u    0.168376     3B2u    0.548266     3B3u    0.548266  
       3B1u    0.587809     4Ag     0.599890     1B1g    1.040930  
       5Ag     1.040930     1B3g    1.081945     1B2g    1.081945  
       6Ag     1.097184     4B2u    2.085149     4B3u    2.085149  
       4B1u    2.128505     7Ag    14.691069  

    Final Occupation by Irrep:
             Ag   B1g   B2g   B3g    Au   B1u   B2u   B3u 
    DOCC [     2,    0,    0,    0,    0,    0,    0,    0 ]
    SOCC [     0,    0,    0,    0,    0,    1,    0,    0 ]
    NA   [     2,    0,    0,    0,    0,    1,    0,    0 ]
    NB   [     2,    0,    0,    0,    0,    0,    0,    0 ]

  @DF-UHF Final Energy:   -24.53034517278282

   => Energetics <=

    Nuclear Repulsion Energy =              0.0000000000000000
    One-Electron Energy =                 -32.3682353648630254
    Two-Electron Energy =                   7.8378901920802102
    Total Energy =                        -24.5303451727828161

  UHF NO Occupations:
  HONO-2 :    1 Ag 1.9999997
  HONO-1 :    2 Ag 1.9964863
  HONO-0 :    1B1u 1.0000000
  LUNO+0 :    3 Ag 0.0035137
  LUNO+1 :    4 Ag 0.0000003
  LUNO+2 :    5 Ag 0.0000000
  LUNO+3 :    2B1u 0.0000000


Computation Completed


Properties will be evaluated at   0.000000,   0.000000,   0.000000 [a0]

Properties computed using the SCF density matrix


 Multipole Moments:

 ------------------------------------------------------------------------------------
     Multipole            Electronic (a.u.)      Nuclear  (a.u.)        Total (a.u.)
 ------------------------------------------------------------------------------------

 L = 1.  Multiply by 2.5417464519 to convert [e a0] to [Debye]
 Dipole X            :          0.0000000            0.0000000            0.0000000
 Dipole Y            :          0.0000000            0.0000000            0.0000000
 Dipole Z            :          0.0000000            0.0000000            0.0000000
 Magnitude           :                                                    0.0000000

 ------------------------------------------------------------------------------------

*** tstop() called on CHEM4VYDH4JALT at Mon Aug  3 16:17:40 2026
Module time:
	user time   =       0.05 seconds =       0.00 minutes
	system time =       0.01 seconds =       0.00 minutes
	total time  =          0 seconds =       0.00 minutes
Total time:
	user time   =       1.50 seconds =       0.03 minutes
	system time =       0.57 seconds =       0.01 minutes
	total time  =         20 seconds =       0.33 minutes

*** tstart() called on CHEM4VYDH4JALT
*** at Mon Aug  3 16:17:40 2026


  //>>>>>>>>>>>>>>>>>>>>>>>>>>>>>>>>>>>//
  //               DFMP2               //
  //<<<<<<<<<<<<<<<<<<<<<<<<<<<<<<<<<<<//

   => Loading Basis Set <=

    Name: (6-311+G** AUX)
    Role: RIFIT
    Keyword: DF_BASIS_MP2
    atoms 1 entry B          line    90 file /Users/jfoley19/miniforge3/envs/p4dev/share/psi4/basis/heavy-aug-cc-pvtz-ri.gbs 

	 --------------------------------------------------------
	                          DF-MP2                         
	      2nd-Order Density-Fitted Moller-Plesset Theory     
	              UMP2 Wavefunction,   1 Threads             
	                                                         
	        Rob Parrish, Justin Turney, Andy Simmonett,      
	           Ed Hohenstein, and C. David Sherrill          
	 --------------------------------------------------------

	 --------------------------------------------------------
	                 NBF =    22, NAUX =   106
	 --------------------------------------------------------
	   CLASS    FOCC     OCC    AOCC    AVIR     VIR    FVIR
	   ALPHA       0       3       3      19      19       0
	    BETA       0       2       2      20      20       0
	 --------------------------------------------------------

	-----------------------------------------------------------
	 ==================> DF-MP2 Energies <==================== 
	-----------------------------------------------------------
	 Reference Energy          =     -24.5303451727828161 [Eh]
	 Singles Energy            =      -0.0000000000000000 [Eh]
	 Same-Spin Energy          =      -0.0036131208676100 [Eh]
	 Opposite-Spin Energy      =      -0.0523312814713533 [Eh]
	 Correlation Energy        =      -0.0559444023389633 [Eh]
	 Total Energy              =     -24.5862895751217785 [Eh]
	-----------------------------------------------------------
	 ================> DF-SCS-MP2 Energies <================== 
	-----------------------------------------------------------
	 SCS Same-Spin Scale       =       0.3333333333333333 [-]
	 SCS Opposite-Spin Scale   =       1.2000000000000000 [-]
	 SCS Same-Spin Energy      =      -0.0012043736225367 [Eh]
	 SCS Opposite-Spin Energy  =      -0.0627975377656240 [Eh]
	 SCS Correlation Energy    =      -0.0640019113881607 [Eh]
	 SCS Total Energy          =     -24.5943470841709768 [Eh]
	-----------------------------------------------------------


*** tstop() called on CHEM4VYDH4JALT at Mon Aug  3 16:17:40 2026
Module time:
	user time   =       0.01 seconds =       0.00 minutes
	system time =       0.00 seconds =       0.00 minutes
	total time  =          0 seconds =       0.00 minutes
Total time:
	user time   =       1.51 seconds =       0.03 minutes
	system time =       0.57 seconds =       0.01 minutes
	total time  =         20 seconds =       0.33 minutes

Scratch directory: /tmp/

Scratch directory: /tmp/
   => Libint2 <=

    Primary   basis highest AM E, G, H:  7, 6, 3
    Auxiliary basis highest AM E, G, H:  7, 7, 4
    Onebody   basis highest AM E, G, H:  -, -, -
    Solid Harmonics ordering:            Gaussian

*** tstart() called on CHEM4VYDH4JALT
*** at Mon Aug  3 16:17:49 2026

   => Loading Basis Set <=

    Name: 6-311+G**
    Role: ORBITAL
    Keyword: BASIS
    atoms 1 entry B          line   108 file /Users/jfoley19/miniforge3/envs/p4dev/share/psi4/basis/6-311pgss.gbs 


         ---------------------------------------------------------
                                   SCF
               by Justin Turney, Rob Parrish, Andy Simmonett
                          and Daniel G. A. Smith
                             ROHF Reference
                        1 Threads,    476 MiB Core
         ---------------------------------------------------------

  ==> Geometry <==

    Molecular point group: d2h
    Geometry (in Angstrom), charge = 0, multiplicity = 2:

       Center              X                  Y                   Z               Mass       
    ------------   -----------------  -----------------  -----------------  -----------------
         B            0.000000000000     0.000000000000     0.000000000000    11.009305360000

  Running in d2h symmetry.

  Rotational constants: A = ************  B = ************  C = ************ [cm^-1]
  Rotational constants: A = ************  B = ************  C = ************ [MHz]
  Nuclear repulsion =    0.000000000000000

  Charge       = 0
  Multiplicity = 2
  Electrons    = 5
  Nalpha       = 3
  Nbeta        = 2

  ==> Algorithm <==

  SCF Algorithm Type is DF.
  DIIS enabled.
  MOM disabled.
  Fractional occupation disabled.
  Guess Type is CORE.
  Energy threshold   = 1.00e-08
  Density threshold  = 1.00e-08
  Integral threshold = 1.00e-12

  ==> Primary Basis <==

  Basis Set: 6-311+G**
    Blend: 6-311+G**
    Number of shells: 10
    Number of basis functions: 22
    Number of Cartesian functions: 23
    Spherical Harmonics?: true
    Max angular momentum: 2

   => Loading Basis Set <=

    Name: (6-311+G** AUX)
    Role: JKFIT
    Keyword: DF_BASIS_SCF
    atoms 1 entry B          line   138 file /Users/jfoley19/miniforge3/envs/p4dev/share/psi4/basis/heavy-aug-cc-pvtz-jkfit.gbs 

  ==> Integral Setup <==

  DFHelper Memory: AOs need 0.001 GiB; user supplied 0.349 GiB. 
  SCF_SUBTYPE=INCORE selected. In-core MEM_DF algorithm will be used.
  Using in-core AOs.

  ==> MemDFJK: Density-Fitted J/K Matrices <==

    J tasked:                   Yes
    K tasked:                   Yes
    wK tasked:                   No
    OpenMP threads:               1
    Memory [MiB]:               357
    Algorithm:                 Core
    Schwarz Cutoff:           1E-12
    Mask sparsity (%):       0.0000
    Fitting Condition:        1E-10

   => Auxiliary Basis Set <=

  Basis Set: (6-311+G** AUX)
    Blend: HEAVY-AUG-CC-PVTZ-JKFIT
    Number of shells: 30
    Number of basis functions: 104
    Number of Cartesian functions: 131
    Spherical Harmonics?: true
    Max angular momentum: 4

  Minimum eigenvalue in the overlap matrix is 6.7945151576E-02.
  Reciprocal condition number of the overlap matrix is 2.5371712151E-02.
    Using symmetric orthogonalization.

  ==> Pre-Iterations <==

  SCF Guess: Core (One-Electron) Hamiltonian.

   -------------------------------------------------------
    Irrep   Nso     Nmo     Nalpha   Nbeta   Ndocc  Nsocc
   -------------------------------------------------------
     Ag         7       7       1       1       1       0
     B1g        1       1       0       0       0       0
     B2g        1       1       0       0       0       0
     B3g        1       1       0       0       0       0
     Au         0       0       0       0       0       0
     B1u        4       4       1       0       0       1
     B2u        4       4       1       1       1       0
     B3u        4       4       0       0       0       0
   -------------------------------------------------------
    Total      22      22       3       2       2       1
   -------------------------------------------------------

  ==> Iterations <==

                           Total Energy        Delta E     RMS |[F,P]|

    Occupation by irrep:
             Ag   B1g   B2g   B3g    Au   B1u   B2u   B3u 
    DOCC [     2,    0,    0,    0,    0,    0,    0,    0 ]
    SOCC [     0,    0,    0,    0,    0,    0,    1,    0 ]
    NA   [     2,    0,    0,    0,    0,    0,    1,    0 ]
    NB   [     2,    0,    0,    0,    0,    0,    0,    0 ]

   @DF-ROHF iter   1:   -21.90768345320168   -2.19077e+01   1.71308e-01 DIIS
   @DF-ROHF iter   2:   -23.34561620646939   -1.43793e+00   4.38761e-02 DIIS
   @DF-ROHF iter   3:   -24.49291743152547   -1.14730e+00   1.61985e-02 DIIS
   @DF-ROHF iter   4:   -24.52576805551095   -3.28506e-02   3.15344e-03 DIIS
   @DF-ROHF iter   5:   -24.52702951681190   -1.26146e-03   3.52387e-04 DIIS
   @DF-ROHF iter   6:   -24.52707794644461   -4.84296e-05   1.39567e-04 DIIS
   @DF-ROHF iter   7:   -24.52708347853000   -5.53209e-06   3.54128e-05 DIIS
   @DF-ROHF iter   8:   -24.52708387038486   -3.91855e-07   4.31620e-06 DIIS
   @DF-ROHF iter   9:   -24.52708387379787   -3.41302e-09   5.62203e-07 DIIS
   @DF-ROHF iter  10:   -24.52708387387282   -7.49409e-11   5.36516e-08 DIIS
   @DF-ROHF iter  11:   -24.52708387387334   -5.29354e-13   2.39505e-09 DIIS
  Energy and wave function converged.


  ==> Post-Iterations <==

    Orbital Energies [Eh]
    ---------------------

    Doubly Occupied:                                                      

       1Ag    -7.694991     2Ag    -0.495105  

    Singly Occupied:                                                      

       1B2u   -0.086310  

    Virtual:                                                              

       1B1u    0.032526     1B3u    0.032526     3Ag     0.077353  
       2B2u    0.099137     2B3u    0.129441     2B1u    0.129441  
       3B2u    0.527456     3B1u    0.541941     3B3u    0.541941  
       4Ag     0.585393     5Ag     1.036849     1B2g    1.036849  
       1B3g    1.044848     1B1g    1.044848     6Ag     1.047530  
       4B1u    2.078924     4B3u    2.078924     4B2u    2.091211  
       7Ag    14.682244  

    Final Occupation by Irrep:
             Ag   B1g   B2g   B3g    Au   B1u   B2u   B3u 
    DOCC [     2,    0,    0,    0,    0,    0,    0,    0 ]
    SOCC [     0,    0,    0,    0,    0,    0,    1,    0 ]
    NA   [     2,    0,    0,    0,    0,    0,    1,    0 ]
    NB   [     2,    0,    0,    0,    0,    0,    0,    0 ]

  @DF-ROHF Final Energy:   -24.52708387387334

   => Energetics <=

    Nuclear Repulsion Energy =              0.0000000000000000
    One-Electron Energy =                 -32.3640571314820846
    Two-Electron Energy =                   7.8369732576087419
    Total Energy =                        -24.5270838738733445

Computation Completed


Properties will be evaluated at   0.000000,   0.000000,   0.000000 [a0]

Properties computed using the SCF density matrix


 Multipole Moments:

 ------------------------------------------------------------------------------------
     Multipole            Electronic (a.u.)      Nuclear  (a.u.)        Total (a.u.)
 ------------------------------------------------------------------------------------

 L = 1.  Multiply by 2.5417464519 to convert [e a0] to [Debye]
 Dipole X            :          0.0000000            0.0000000            0.0000000
 Dipole Y            :          0.0000000            0.0000000            0.0000000
 Dipole Z            :          0.0000000            0.0000000            0.0000000
 Magnitude           :                                                    0.0000000

 ------------------------------------------------------------------------------------

*** tstop() called on CHEM4VYDH4JALT at Mon Aug  3 16:17:49 2026
Module time:
	user time   =       0.04 seconds =       0.00 minutes
	system time =       0.01 seconds =       0.00 minutes
	total time  =          0 seconds =       0.00 minutes
Total time:
	user time   =       1.74 seconds =       0.03 minutes
	system time =       0.59 seconds =       0.01 minutes
	total time  =         29 seconds =       0.48 minutes

Scratch directory: /tmp/
    SCF Algorithm Type (re)set to DF.
   => Libint2 <=

    Primary   basis highest AM E, G, H:  7, 6, 3
    Auxiliary basis highest AM E, G, H:  7, 7, 4
    Onebody   basis highest AM E, G, H:  -, -, -
    Solid Harmonics ordering:            Gaussian

*** tstart() called on CHEM4VYDH4JALT
*** at Mon Aug  3 16:17:49 2026

   => Loading Basis Set <=

    Name: 6-311+G**
    Role: ORBITAL
    Keyword: BASIS
    atoms 1 entry B          line   108 file /Users/jfoley19/miniforge3/envs/p4dev/share/psi4/basis/6-311pgss.gbs 


         ---------------------------------------------------------
                                   SCF
               by Justin Turney, Rob Parrish, Andy Simmonett
                          and Daniel G. A. Smith
                             ROHF Reference
                        1 Threads,    476 MiB Core
         ---------------------------------------------------------

  ==> Geometry <==

    Molecular point group: d2h
    Geometry (in Angstrom), charge = 0, multiplicity = 2:

       Center              X                  Y                   Z               Mass       
    ------------   -----------------  -----------------  -----------------  -----------------
         B            0.000000000000     0.000000000000     0.000000000000    11.009305360000

  Running in d2h symmetry.

  Rotational constants: A = ************  B = ************  C = ************ [cm^-1]
  Rotational constants: A = ************  B = ************  C = ************ [MHz]
  Nuclear repulsion =    0.000000000000000

  Charge       = 0
  Multiplicity = 2
  Electrons    = 5
  Nalpha       = 3
  Nbeta        = 2

  ==> Algorithm <==

  SCF Algorithm Type is DF.
  DIIS enabled.
  MOM disabled.
  Fractional occupation disabled.
  Guess Type is CORE.
  Energy threshold   = 1.00e-08
  Density threshold  = 1.00e-08
  Integral threshold = 1.00e-12

  ==> Primary Basis <==

  Basis Set: 6-311+G**
    Blend: 6-311+G**
    Number of shells: 10
    Number of basis functions: 22
    Number of Cartesian functions: 23
    Spherical Harmonics?: true
    Max angular momentum: 2

   => Loading Basis Set <=

    Name: (6-311+G** AUX)
    Role: JKFIT
    Keyword: DF_BASIS_SCF
    atoms 1 entry B          line   138 file /Users/jfoley19/miniforge3/envs/p4dev/share/psi4/basis/heavy-aug-cc-pvtz-jkfit.gbs 

  ==> Integral Setup <==

  DFHelper Memory: AOs need 0.001 GiB; user supplied 0.349 GiB. 
  SCF_SUBTYPE=INCORE selected. In-core MEM_DF algorithm will be used.
  Using in-core AOs.

  ==> MemDFJK: Density-Fitted J/K Matrices <==

    J tasked:                   Yes
    K tasked:                   Yes
    wK tasked:                   No
    OpenMP threads:               1
    Memory [MiB]:               357
    Algorithm:                 Core
    Schwarz Cutoff:           1E-12
    Mask sparsity (%):       0.0000
    Fitting Condition:        1E-10

   => Auxiliary Basis Set <=

  Basis Set: (6-311+G** AUX)
    Blend: HEAVY-AUG-CC-PVTZ-JKFIT
    Number of shells: 30
    Number of basis functions: 104
    Number of Cartesian functions: 131
    Spherical Harmonics?: true
    Max angular momentum: 4

  Minimum eigenvalue in the overlap matrix is 6.7945151576E-02.
  Reciprocal condition number of the overlap matrix is 2.5371712151E-02.
    Using symmetric orthogonalization.

  ==> Pre-Iterations <==

  SCF Guess: Core (One-Electron) Hamiltonian.

   -------------------------------------------------------
    Irrep   Nso     Nmo     Nalpha   Nbeta   Ndocc  Nsocc
   -------------------------------------------------------
     Ag         7       7       1       1       1       0
     B1g        1       1       0       0       0       0
     B2g        1       1       0       0       0       0
     B3g        1       1       0       0       0       0
     Au         0       0       0       0       0       0
     B1u        4       4       1       0       0       1
     B2u        4       4       1       1       1       0
     B3u        4       4       0       0       0       0
   -------------------------------------------------------
    Total      22      22       3       2       2       1
   -------------------------------------------------------

  ==> Iterations <==

                           Total Energy        Delta E     RMS |[F,P]|

    Occupation by irrep:
             Ag   B1g   B2g   B3g    Au   B1u   B2u   B3u 
    DOCC [     2,    0,    0,    0,    0,    0,    0,    0 ]
    SOCC [     0,    0,    0,    0,    0,    0,    1,    0 ]
    NA   [     2,    0,    0,    0,    0,    0,    1,    0 ]
    NB   [     2,    0,    0,    0,    0,    0,    0,    0 ]

   @DF-ROHF iter   1:   -21.90768345320168   -2.19077e+01   1.71308e-01 DIIS
   @DF-ROHF iter   2:   -23.34561620646939   -1.43793e+00   4.38761e-02 DIIS
   @DF-ROHF iter   3:   -24.49291743152547   -1.14730e+00   1.61985e-02 DIIS
   @DF-ROHF iter   4:   -24.52576805551095   -3.28506e-02   3.15344e-03 DIIS
   @DF-ROHF iter   5:   -24.52702951681190   -1.26146e-03   3.52387e-04 DIIS
   @DF-ROHF iter   6:   -24.52707794644461   -4.84296e-05   1.39567e-04 DIIS
   @DF-ROHF iter   7:   -24.52708347853000   -5.53209e-06   3.54128e-05 DIIS
   @DF-ROHF iter   8:   -24.52708387038486   -3.91855e-07   4.31620e-06 DIIS
   @DF-ROHF iter   9:   -24.52708387379787   -3.41302e-09   5.62203e-07 DIIS
   @DF-ROHF iter  10:   -24.52708387387282   -7.49409e-11   5.36516e-08 DIIS
   @DF-ROHF iter  11:   -24.52708387387334   -5.29354e-13   2.39505e-09 DIIS
  Energy and wave function converged.


  ==> Post-Iterations <==

    Orbital Energies [Eh]
    ---------------------

    Doubly Occupied:                                                      

       1Ag    -7.694991     2Ag    -0.495105  

    Singly Occupied:                                                      

       1B2u   -0.086310  

    Virtual:                                                              

       1B1u    0.032526     1B3u    0.032526     3Ag     0.077353  
       2B2u    0.099137     2B3u    0.129441     2B1u    0.129441  
       3B2u    0.527456     3B1u    0.541941     3B3u    0.541941  
       4Ag     0.585393     5Ag     1.036849     1B2g    1.036849  
       1B3g    1.044848     1B1g    1.044848     6Ag     1.047530  
       4B1u    2.078924     4B3u    2.078924     4B2u    2.091211  
       7Ag    14.682244  

    Final Occupation by Irrep:
             Ag   B1g   B2g   B3g    Au   B1u   B2u   B3u 
    DOCC [     2,    0,    0,    0,    0,    0,    0,    0 ]
    SOCC [     0,    0,    0,    0,    0,    0,    1,    0 ]
    NA   [     2,    0,    0,    0,    0,    0,    1,    0 ]
    NB   [     2,    0,    0,    0,    0,    0,    0,    0 ]

  @DF-ROHF Final Energy:   -24.52708387387334

   => Energetics <=

    Nuclear Repulsion Energy =              0.0000000000000000
    One-Electron Energy =                 -32.3640571314820846
    Two-Electron Energy =                   7.8369732576087419
    Total Energy =                        -24.5270838738733445

Computation Completed


Properties will be evaluated at   0.000000,   0.000000,   0.000000 [a0]

Properties computed using the SCF density matrix


 Multipole Moments:

 ------------------------------------------------------------------------------------
     Multipole            Electronic (a.u.)      Nuclear  (a.u.)        Total (a.u.)
 ------------------------------------------------------------------------------------

 L = 1.  Multiply by 2.5417464519 to convert [e a0] to [Debye]
 Dipole X            :          0.0000000            0.0000000            0.0000000
 Dipole Y            :          0.0000000            0.0000000            0.0000000
 Dipole Z            :          0.0000000            0.0000000            0.0000000
 Magnitude           :                                                    0.0000000

 ------------------------------------------------------------------------------------

*** tstop() called on CHEM4VYDH4JALT at Mon Aug  3 16:17:49 2026
Module time:
	user time   =       0.03 seconds =       0.00 minutes
	system time =       0.01 seconds =       0.00 minutes
	total time  =          0 seconds =       0.00 minutes
Total time:
	user time   =       1.79 seconds =       0.03 minutes
	system time =       0.60 seconds =       0.01 minutes
	total time  =         29 seconds =       0.48 minutes

*** tstart() called on CHEM4VYDH4JALT
*** at Mon Aug  3 16:17:49 2026


  //>>>>>>>>>>>>>>>>>>>>>>>>>>>>>>>>>>>//
  //               DFMP2               //
  //<<<<<<<<<<<<<<<<<<<<<<<<<<<<<<<<<<<//

   => Loading Basis Set <=

    Name: (6-311+G** AUX)
    Role: RIFIT
    Keyword: DF_BASIS_MP2
    atoms 1 entry B          line    90 file /Users/jfoley19/miniforge3/envs/p4dev/share/psi4/basis/heavy-aug-cc-pvtz-ri.gbs 

	 --------------------------------------------------------
	                          DF-MP2                         
	      2nd-Order Density-Fitted Moller-Plesset Theory     
	          ROHF-MBPT(2) Wavefunction,   1 Threads         
	                                                         
	        Rob Parrish, Justin Turney, Andy Simmonett,      
	           Ed Hohenstein, and C. David Sherrill          
	 --------------------------------------------------------

	 --------------------------------------------------------
	                 NBF =    22, NAUX =   106
	 --------------------------------------------------------
	   CLASS    FOCC     OCC    AOCC    AVIR     VIR    FVIR
	   ALPHA       0       3       3      19      19       0
	    BETA       0       2       2      20      20       0
	 --------------------------------------------------------

	-----------------------------------------------------------
	 ==================> DF-MP2 Energies <==================== 
	-----------------------------------------------------------
	 Reference Energy          =     -24.5270838738733445 [Eh]
	 Singles Energy            =      -0.0021647433873699 [Eh]
	 Same-Spin Energy          =      -0.0037485823947590 [Eh]
	 Opposite-Spin Energy      =      -0.0532348513518948 [Eh]
	 Correlation Energy        =      -0.0591481771340237 [Eh]
	 Total Energy              =     -24.5862320510073680 [Eh]
	-----------------------------------------------------------
	 ================> DF-SCS-MP2 Energies <================== 
	-----------------------------------------------------------
	 SCS Same-Spin Scale       =       0.3333333333333333 [-]
	 SCS Opposite-Spin Scale   =       1.2000000000000000 [-]
	 SCS Same-Spin Energy      =      -0.0012495274649197 [Eh]
	 SCS Opposite-Spin Energy  =      -0.0638818216222738 [Eh]
	 SCS Correlation Energy    =      -0.0672960924745633 [Eh]
	 SCS Total Energy          =     -24.5943799663479084 [Eh]
	-----------------------------------------------------------


*** tstop() called on CHEM4VYDH4JALT at Mon Aug  3 16:17:49 2026
Module time:
	user time   =       0.01 seconds =       0.00 minutes
	system time =       0.00 seconds =       0.00 minutes
	total time  =          0 seconds =       0.00 minutes
Total time:
	user time   =       1.80 seconds =       0.03 minutes
	system time =       0.60 seconds =       0.01 minutes
	total time  =         29 seconds =       0.48 minutes

Scratch directory: /tmp/
   => Libint2 <=

    Primary   basis highest AM E, G, H:  7, 6, 3
    Auxiliary basis highest AM E, G, H:  7, 7, 4
    Onebody   basis highest AM E, G, H:  -, -, -
    Solid Harmonics ordering:            Gaussian

*** tstart() called on CHEM4VYDH4JALT
*** at Mon Aug  3 16:17:49 2026

   => Loading Basis Set <=

    Name: 6-311+G**
    Role: ORBITAL
    Keyword: BASIS
    atoms 1 entry B          line   108 file /Users/jfoley19/miniforge3/envs/p4dev/share/psi4/basis/6-311pgss.gbs 


         ---------------------------------------------------------
                                   SCF
               by Justin Turney, Rob Parrish, Andy Simmonett
                          and Daniel G. A. Smith
                             ROHF Reference
                        1 Threads,    476 MiB Core
         ---------------------------------------------------------

  ==> Geometry <==

    Molecular point group: d2h
    Geometry (in Angstrom), charge = 0, multiplicity = 2:

       Center              X                  Y                   Z               Mass       
    ------------   -----------------  -----------------  -----------------  -----------------
         B            0.000000000000     0.000000000000     0.000000000000    11.009305360000

  Running in d2h symmetry.

  Rotational constants: A = ************  B = ************  C = ************ [cm^-1]
  Rotational constants: A = ************  B = ************  C = ************ [MHz]
  Nuclear repulsion =    0.000000000000000

  Charge       = 0
  Multiplicity = 2
  Electrons    = 5
  Nalpha       = 3
  Nbeta        = 2

  ==> Algorithm <==

  SCF Algorithm Type is PK.
  DIIS enabled.
  MOM disabled.
  Fractional occupation disabled.
  Guess Type is CORE.
  Energy threshold   = 1.00e-08
  Density threshold  = 1.00e-08
  Integral threshold = 1.00e-12

  ==> Primary Basis <==

  Basis Set: 6-311+G**
    Blend: 6-311+G**
    Number of shells: 10
    Number of basis functions: 22
    Number of Cartesian functions: 23
    Spherical Harmonics?: true
    Max angular momentum: 2

  ==> Integral Setup <==

  Using in-core PK algorithm.
   Calculation information:
      Number of atoms:                   1
      Number of AO shells:              10
      Number of primitives:             19
      Number of atomic orbitals:        23
      Number of basis functions:        22

      Integral cutoff                 1.00e-12
      Number of threads:                 1

  Performing in-core PK
  Using 64262 doubles for integral storage.
  We computed 1540 shell quartets total.
  Whereas there are 1540 unique shell quartets.

  ==> DiskJK: Disk-Based J/K Matrices <==

    J tasked:                  Yes
    K tasked:                  Yes
    wK tasked:                  No
    Memory [MiB]:              357
    Schwarz Cutoff:          1E-12

    OpenMP threads:              1

  Minimum eigenvalue in the overlap matrix is 6.7945151576E-02.
  Reciprocal condition number of the overlap matrix is 2.5371712151E-02.
    Using symmetric orthogonalization.

  ==> Pre-Iterations <==

  SCF Guess: Core (One-Electron) Hamiltonian.

   -------------------------------------------------------
    Irrep   Nso     Nmo     Nalpha   Nbeta   Ndocc  Nsocc
   -------------------------------------------------------
     Ag         7       7       1       1       1       0
     B1g        1       1       0       0       0       0
     B2g        1       1       0       0       0       0
     B3g        1       1       0       0       0       0
     Au         0       0       0       0       0       0
     B1u        4       4       1       0       0       1
     B2u        4       4       1       1       1       0
     B3u        4       4       0       0       0       0
   -------------------------------------------------------
    Total      22      22       3       2       2       1
   -------------------------------------------------------

  ==> Iterations <==

                        Total Energy        Delta E     RMS |[F,P]|

    Occupation by irrep:
             Ag   B1g   B2g   B3g    Au   B1u   B2u   B3u 
    DOCC [     2,    0,    0,    0,    0,    0,    0,    0 ]
    SOCC [     0,    0,    0,    0,    0,    0,    1,    0 ]
    NA   [     2,    0,    0,    0,    0,    0,    1,    0 ]
    NB   [     2,    0,    0,    0,    0,    0,    0,    0 ]

   @ROHF iter   1:   -21.90771212465793   -2.19077e+01   1.71305e-01 DIIS
   @ROHF iter   2:   -23.34570215354517   -1.43799e+00   4.38671e-02 DIIS
   @ROHF iter   3:   -24.49290614502945   -1.14720e+00   1.62067e-02 DIIS
   @ROHF iter   4:   -24.52576729237596   -3.28611e-02   3.15639e-03 DIIS
   @ROHF iter   5:   -24.52703113793040   -1.26385e-03   3.52847e-04 DIIS
   @ROHF iter   6:   -24.52707969637594   -4.85584e-05   1.39661e-04 DIIS
   @ROHF iter   7:   -24.52708523681361   -5.54044e-06   3.54425e-05 DIIS
   @ROHF iter   8:   -24.52708562928486   -3.92471e-07   4.32982e-06 DIIS
   @ROHF iter   9:   -24.52708563270549   -3.42063e-09   5.63358e-07 DIIS
   @ROHF iter  10:   -24.52708563278080   -7.53033e-11   5.37789e-08 DIIS
   @ROHF iter  11:   -24.52708563278136   -5.68434e-13   2.40394e-09 DIIS
  Energy and wave function converged.


  ==> Post-Iterations <==

    Orbital Energies [Eh]
    ---------------------

    Doubly Occupied:                                                      

       1Ag    -7.694984     2Ag    -0.495103  

    Singly Occupied:                                                      

       1B2u   -0.086307  

    Virtual:                                                              

       1B1u    0.032528     1B3u    0.032528     3Ag     0.077346  
       2B2u    0.099108     2B3u    0.129420     2B1u    0.129420  
       3B2u    0.527144     3B1u    0.541649     3B3u    0.541649  
       4Ag     0.585258     5Ag     1.036657     1B2g    1.036657  
       1B3g    1.044655     1B1g    1.044655     6Ag     1.047337  
       4B1u    2.078443     4B3u    2.078443     4B2u    2.090730  
       7Ag    14.682229  

    Final Occupation by Irrep:
             Ag   B1g   B2g   B3g    Au   B1u   B2u   B3u 
    DOCC [     2,    0,    0,    0,    0,    0,    0,    0 ]
    SOCC [     0,    0,    0,    0,    0,    0,    1,    0 ]
    NA   [     2,    0,    0,    0,    0,    0,    1,    0 ]
    NB   [     2,    0,    0,    0,    0,    0,    0,    0 ]

  @ROHF Final Energy:   -24.52708563278136

   => Energetics <=

    Nuclear Repulsion Energy =              0.0000000000000000
    One-Electron Energy =                 -32.3640769489244846
    Two-Electron Energy =                   7.8369913161431191
    Total Energy =                        -24.5270856327813647

Computation Completed


Properties will be evaluated at   0.000000,   0.000000,   0.000000 [a0]

Properties computed using the SCF density matrix


 Multipole Moments:

 ------------------------------------------------------------------------------------
     Multipole            Electronic (a.u.)      Nuclear  (a.u.)        Total (a.u.)
 ------------------------------------------------------------------------------------

 L = 1.  Multiply by 2.5417464519 to convert [e a0] to [Debye]
 Dipole X            :          0.0000000            0.0000000            0.0000000
 Dipole Y            :          0.0000000            0.0000000            0.0000000
 Dipole Z            :          0.0000000            0.0000000            0.0000000
 Magnitude           :                                                    0.0000000

 ------------------------------------------------------------------------------------

*** tstop() called on CHEM4VYDH4JALT at Mon Aug  3 16:17:49 2026
Module time:
	user time   =       0.03 seconds =       0.00 minutes
	system time =       0.01 seconds =       0.00 minutes
	total time  =          0 seconds =       0.00 minutes
Total time:
	user time   =       1.85 seconds =       0.03 minutes
	system time =       0.61 seconds =       0.01 minutes
	total time  =         29 seconds =       0.48 minutes
 MINTS: Wrapper to libmints.
   by Justin Turney

   Calculation information:
      Number of threads:                 1
      Number of atoms:                   1
      Number of AO shells:              10
      Number of SO shells:              10
      Number of primitives:             19
      Number of atomic orbitals:        23
      Number of basis functions:        22

      Number of irreps:                  8
      Integral cutoff                 1.00e-12
      Number of functions per irrep: [   7    1    1    1    0    4    4    4 ]

 OEINTS: Overlap, kinetic, potential, dipole, and quadrupole integrals
         stored in file 35.

      Computing two-electron integrals...done
      Computed 4475 non-zero two-electron integrals.
        Stored in file 33.


         ---------------------------------------------------------
                          Configuration Interaction
                            (a 'D E T C I' module)

                 C. David Sherrill, Daniel G. A. Smith, and
                              Matt L. Leininger
         ---------------------------------------------------------

Warning: iopen=0,opentype!=closed. Making iopen=1

   ==> Parameters <==

    EX LEVEL       =        5      H0 BLOCKSIZE  =        1
    VAL EX LEVEL   =        0      H0 GUESS SIZE =        1
    H0COUPLINGSIZE =        0      H0 COUPLING   =       NO
    MAXITER        =       24      NUM PRINT     =       20
    NUM ROOTS      =        1      ICORE         =        1
    PRINT LVL      =        1      FCI           =      YES
    R CONV         = 1.00e-04      MIXED         =      YES
    E CONV         = 1.00e-06      MIXED4        =      YES
    R4S            =       NO      REPL OTF      =       NO
    DIAG METHOD    =      SEM      FOLLOW ROOT   =        0
    PRECONDITIONER = DAVIDSON      UPDATE        = DAVIDSON
    S              =   0.5000      Ms0           =       NO
    GUESS VECTOR   =     UNIT      OPENTYPE      = HIGHSPIN
    COLLAPSE SIZE  =        1      HD AVG        = ORB_ENER
MPN options:
    MPN            =      YES      MPN SCHMIDT   =       NO
    ZAPTN          =      YES      MPN WIGNER    =      YES
    PERT Z         =   1.0000
    MAX NUM VECS   =        3      REF SYM       =     AUTO
    IOPEN        =      YES

    EX ALLOW       =  1  1  1  1  1 
    STATE AVERAGE  =  0(1.00) 

   ==> CI Orbital and Space information <==

   ------------------------------------------------------------------------------
               Space    Total    Ag   B1g   B2g   B3g    Au   B1u   B2u   B3u
   ------------------------------------------------------------------------------
                 Nso       22     7     1     1     1     0     4     4     4
                 Nmo       22     7     1     1     1     0     4     4     4
               Ndocc        2     2     0     0     0     0     0     0     0
               Nsocc        1     0     0     0     0     0     0     1     0
   ------------------------------------------------------------------------------
                                   CI Spaces
   ------------------------------------------------------------------------------
        Dropped DOCC        0     0     0     0     0     0     0     0     0
              Active       22     7     1     1     1     0     4     4     4
        Dropped UOCC        0     0     0     0     0     0     0     0     0
   ------------------------------------------------------------------------------

   ==> Setting up CI strings <==

    There are 1540 alpha and 231 beta strings
    The CI space requires 44760 (4.48E+04) determinants and 57 blocks

   ==> Transforming CI integrals <==

	Presorting SO-basis two-electron integrals.
	Sorting File: SO Ints (nn|nn) nbuckets = 1
	Constructing frozen core operators
	Starting first half-transformation.
	Sorting half-transformed integrals.
	First half integral transformation complete.
	Starting second half-transformation.
	Two-electron integral transformation complete.

   ==> Starting MPn CI Computation <==

   CalcInfo_->escf =       -24.527085632781365
   CalcInfo_->e0   =       -16.690094249806414
   CalcInfo_->enuc =         0.000000000000000
   CalcInfo_->e1   =        -7.836991382974951

   n         Corr. Energy                  E(ZAPTn)             n         Corr. Energy                  E(ZAPTn)

   0          0.000000000000000       -16.690094249806414
   1         -7.836991382974951       -24.527085632781365
   1         -7.836991382974936       -24.527085632781350
   2         -0.058827692226014       -24.585913325007379       2        -0.058827692226014       -24.585913325007379
                                                                3        -0.015099305467373       -24.601012630474752
   3         -0.015099305467373       -24.601012630474752       4        -0.005301075765905       -24.606313706240659
                                                                5        -0.002149121049803       -24.608462827290463

    ZAPT4 energy saved

    EZAPTn = -24.6063137062407


   ==> Energetics <==

    SCF energy =          -24.527085632781365
    Total ZAPT energy =   -24.606313706240659

		 "A good bug is a dead bug" 

			 - Starship Troopers

		 "I didn't write FORTRAN.  That's the problem."

			 - Edward Valeev

Scratch directory: /tmp/
   => Libint2 <=

    Primary   basis highest AM E, G, H:  7, 6, 3
    Auxiliary basis highest AM E, G, H:  7, 7, 4
    Onebody   basis highest AM E, G, H:  -, -, -
    Solid Harmonics ordering:            Gaussian

*** tstart() called on CHEM4VYDH4JALT
*** at Mon Aug  3 16:17:49 2026

   => Loading Basis Set <=

    Name: 6-311+G**
    Role: ORBITAL
    Keyword: BASIS
    atoms 1 entry B          line   108 file /Users/jfoley19/miniforge3/envs/p4dev/share/psi4/basis/6-311pgss.gbs 


         ---------------------------------------------------------
                                   SCF
               by Justin Turney, Rob Parrish, Andy Simmonett
                          and Daniel G. A. Smith
                              UHF Reference
                        1 Threads,    476 MiB Core
         ---------------------------------------------------------

  ==> Geometry <==

    Molecular point group: d2h
    Geometry (in Angstrom), charge = 0, multiplicity = 2:

       Center              X                  Y                   Z               Mass       
    ------------   -----------------  -----------------  -----------------  -----------------
         B            0.000000000000     0.000000000000     0.000000000000    11.009305360000

  Running in d2h symmetry.

  Rotational constants: A = ************  B = ************  C = ************ [cm^-1]
  Rotational constants: A = ************  B = ************  C = ************ [MHz]
  Nuclear repulsion =    0.000000000000000

  Charge       = 0
  Multiplicity = 2
  Electrons    = 5
  Nalpha       = 3
  Nbeta        = 2

  ==> Algorithm <==

  SCF Algorithm Type is PK.
  DIIS enabled.
  MOM disabled.
  Fractional occupation disabled.
  Guess Type is CORE.
  Energy threshold   = 1.00e-08
  Density threshold  = 1.00e-08
  Integral threshold = 1.00e-12

  ==> Primary Basis <==

  Basis Set: 6-311+G**
    Blend: 6-311+G**
    Number of shells: 10
    Number of basis functions: 22
    Number of Cartesian functions: 23
    Spherical Harmonics?: true
    Max angular momentum: 2

  ==> Integral Setup <==

  Using in-core PK algorithm.
   Calculation information:
      Number of atoms:                   1
      Number of AO shells:              10
      Number of primitives:             19
      Number of atomic orbitals:        23
      Number of basis functions:        22

      Integral cutoff                 1.00e-12
      Number of threads:                 1

  Performing in-core PK
  Using 64262 doubles for integral storage.
  We computed 1540 shell quartets total.
  Whereas there are 1540 unique shell quartets.

  ==> DiskJK: Disk-Based J/K Matrices <==

    J tasked:                  Yes
    K tasked:                  Yes
    wK tasked:                  No
    Memory [MiB]:              357
    Schwarz Cutoff:          1E-12

    OpenMP threads:              1

  Minimum eigenvalue in the overlap matrix is 6.7945151576E-02.
  Reciprocal condition number of the overlap matrix is 2.5371712151E-02.
    Using symmetric orthogonalization.

  ==> Pre-Iterations <==

  SCF Guess: Core (One-Electron) Hamiltonian.

   -------------------------------------------------------
    Irrep   Nso     Nmo     Nalpha   Nbeta   Ndocc  Nsocc
   -------------------------------------------------------
     Ag         7       7       1       1       1       0
     B1g        1       1       0       0       0       0
     B2g        1       1       0       0       0       0
     B3g        1       1       0       0       0       0
     Au         0       0       0       0       0       0
     B1u        4       4       1       0       0       1
     B2u        4       4       1       1       1       0
     B3u        4       4       0       0       0       0
   -------------------------------------------------------
    Total      22      22       3       2       2       1
   -------------------------------------------------------

  ==> Iterations <==

                        Total Energy        Delta E     RMS |[F,P]|

    Occupation by irrep:
             Ag   B1g   B2g   B3g    Au   B1u   B2u   B3u 
    DOCC [     2,    0,    0,    0,    0,    0,    0,    0 ]
    SOCC [     0,    0,    0,    0,    0,    1,    0,    0 ]
    NA   [     2,    0,    0,    0,    0,    1,    0,    0 ]
    NB   [     2,    0,    0,    0,    0,    0,    0,    0 ]

   @UHF iter   1:   -21.90771212465794   -2.19077e+01   2.25455e-01 ADIIS
   @UHF iter   2:   -23.41365394431186   -1.50594e+00   5.99213e-02 DIIS/ADIIS
   @UHF iter   3:   -24.49000388216323   -1.07635e+00   2.09474e-02 DIIS/ADIIS
   @UHF iter   4:   -24.52756181678393   -3.75579e-02   4.94336e-03 DIIS/ADIIS
   @UHF iter   5:   -24.53028027124554   -2.71845e-03   6.96392e-04 DIIS/ADIIS
   @UHF iter   6:   -24.53034306478646   -6.27935e-05   1.64743e-04 DIIS/ADIIS
   @UHF iter   7:   -24.53034816353384   -5.09875e-06   4.51400e-05 DIIS
   @UHF iter   8:   -24.53034876185456   -5.98321e-07   8.63540e-06 DIIS
   @UHF iter   9:   -24.53034878207520   -2.02206e-08   1.24391e-06 DIIS
   @UHF iter  10:   -24.53034878242400   -3.48795e-10   2.06462e-07 DIIS
   @UHF iter  11:   -24.53034878243423   -1.02389e-11   3.22708e-08 DIIS
   @UHF iter  12:   -24.53034878243439   -1.59872e-13   3.40453e-09 DIIS
  Energy and wave function converged.


  ==> Post-Iterations <==

   @Spin Contamination Metric:   7.022012344E-03
   @S^2 Expected:                7.500000000E-01
   @S^2 Observed:                7.570220123E-01
   @S   Expected:                5.000000000E-01
   @S   Observed:                5.000000000E-01

    Orbital Energies [Eh]
    ---------------------

    Alpha Occupied:                                                       

       1Ag    -7.700118     2Ag    -0.544716     1B1u   -0.317054  

    Alpha Virtual:                                                        

       1B3u    0.029121     1B2u    0.029121     3Ag     0.074645  
       2B1u    0.091779     2B3u    0.125932     2B2u    0.125932  
       3B1u    0.492247     3B2u    0.537433     3B3u    0.537433  
       4Ag     0.572979     5Ag     1.003839     1B3g    1.010116  
       1B2g    1.010116     1B1g    1.034980     6Ag     1.034980  
       4B1u    2.057771     4B2u    2.075611     4B3u    2.075611  
       7Ag    14.678581  

    Beta Occupied:                                                        

       1Ag    -7.684596     2Ag    -0.445942  

    Beta Virtual:                                                         

       1B2u    0.036654     1B3u    0.036654     1B1u    0.057837  
       3Ag     0.080488     2B2u    0.134462     2B3u    0.134462  
       2B1u    0.168350     3B2u    0.548047     3B3u    0.548047  
       3B1u    0.587641     4Ag     0.599887     5Ag     1.040744  
       1B1g    1.040744     1B3g    1.081806     1B2g    1.081806  
       6Ag     1.097072     4B2u    2.084771     4B3u    2.084771  
       4B1u    2.128211     7Ag    14.691066  

    Final Occupation by Irrep:
             Ag   B1g   B2g   B3g    Au   B1u   B2u   B3u 
    DOCC [     2,    0,    0,    0,    0,    0,    0,    0 ]
    SOCC [     0,    0,    0,    0,    0,    1,    0,    0 ]
    NA   [     2,    0,    0,    0,    0,    1,    0,    0 ]
    NB   [     2,    0,    0,    0,    0,    0,    0,    0 ]

  @UHF Final Energy:   -24.53034878243439

   => Energetics <=

    Nuclear Repulsion Energy =              0.0000000000000000
    One-Electron Energy =                 -32.3682713224272192
    Two-Electron Energy =                   7.8379225399928263
    Total Energy =                        -24.5303487824343946

  UHF NO Occupations:
  HONO-2 :    1 Ag 1.9999997
  HONO-1 :    2 Ag 1.9964831
  HONO-0 :    1B1u 1.0000000
  LUNO+0 :    3 Ag 0.0035169
  LUNO+1 :    4 Ag 0.0000003
  LUNO+2 :    5 Ag 0.0000000
  LUNO+3 :    2B1u 0.0000000


Computation Completed


Properties will be evaluated at   0.000000,   0.000000,   0.000000 [a0]

Properties computed using the SCF density matrix


 Multipole Moments:

 ------------------------------------------------------------------------------------
     Multipole            Electronic (a.u.)      Nuclear  (a.u.)        Total (a.u.)
 ------------------------------------------------------------------------------------

 L = 1.  Multiply by 2.5417464519 to convert [e a0] to [Debye]
 Dipole X            :          0.0000000            0.0000000            0.0000000
 Dipole Y            :          0.0000000            0.0000000            0.0000000
 Dipole Z            :          0.0000000            0.0000000            0.0000000
 Magnitude           :                                                    0.0000000

 ------------------------------------------------------------------------------------

*** tstop() called on CHEM4VYDH4JALT at Mon Aug  3 16:17:49 2026
Module time:
	user time   =       0.04 seconds =       0.00 minutes
	system time =       0.01 seconds =       0.00 minutes
	total time  =          0 seconds =       0.00 minutes
Total time:
	user time   =       1.94 seconds =       0.03 minutes
	system time =       0.65 seconds =       0.01 minutes
	total time  =         29 seconds =       0.48 minutes
 MINTS: Wrapper to libmints.
   by Justin Turney

   Calculation information:
      Number of threads:                 1
      Number of atoms:                   1
      Number of AO shells:              10
      Number of SO shells:              10
      Number of primitives:             19
      Number of atomic orbitals:        23
      Number of basis functions:        22

      Number of irreps:                  8
      Integral cutoff                 1.00e-12
      Number of functions per irrep: [   7    1    1    1    0    4    4    4 ]

 OEINTS: Overlap, kinetic, potential, dipole, and quadrupole integrals
         stored in file 35.

      Computing two-electron integrals...done
      Computed 4475 non-zero two-electron integrals.
        Stored in file 33.


*** tstart() called on CHEM4VYDH4JALT
*** at Mon Aug  3 16:17:49 2026


	Wfn Parameters:
	--------------------
	Wavefunction         = CCSD_T
	Number of irreps     = 8
	Number of MOs        = 22
	Number of active MOs = 22
	AO-Basis             = NONE
	Semicanonical        = false
	Reference            = UHF
	Print Level          = 1

	IRREP	# MOs	# FZDC	# DOCC	# SOCC	# VIRT	# FZVR
	-----	-----	------	------	------	------	------
	 Ag	   7	    0	    2	    0	    5	    0
	 B1g	   1	    0	    0	    0	    1	    0
	 B2g	   1	    0	    0	    0	    1	    0
	 B3g	   1	    0	    0	    0	    1	    0
	 Au	   0	    0	    0	    0	    0	    0
	 B1u	   4	    0	    0	    1	    3	    0
	 B2u	   4	    0	    0	    0	    4	    0
	 B3u	   4	    0	    0	    0	    4	    0
	Transforming integrals...
	IWL integrals will be deleted.
	(OO|OO)...
	Presorting SO-basis two-electron integrals.
	Sorting File: SO Ints (nn|nn) nbuckets = 1
	Constructing frozen core operators
	Starting AA/AB first half-transformation.
	Sorting AA/AB half-transformed integrals.
	Starting BB first half-transformation.
	Sorting BB half-transformed integrals.
	First half integral transformation complete.
	Starting AA second half-transformation.
	Starting AB second half-transformation.
	Starting BB second half-transformation.
	Two-electron integral transformation complete.
	(OO|OV)...
	Starting AA second half-transformation.
	Starting AB second half-transformation.
	Starting BB second half-transformation.
	Two-electron integral transformation complete.
	(OO|VV)...
	Starting AA second half-transformation.
	Starting AB second half-transformation.
	Starting BB second half-transformation.
	Two-electron integral transformation complete.
	(OV|OO)...
	Starting AA/AB first half-transformation.
	Sorting AA/AB half-transformed integrals.
	Starting BB first half-transformation.
	Sorting BB half-transformed integrals.
	First half integral transformation complete.
	Starting AA second half-transformation.
	Starting AB second half-transformation.
	Starting BB second half-transformation.
	Two-electron integral transformation complete.
	(OV|OV)...
	Starting AA second half-transformation.
	Starting AB second half-transformation.
	Starting BB second half-transformation.
	Two-electron integral transformation complete.
	(OV|VV)...
	Starting AA second half-transformation.
	Starting AB second half-transformation.
	Starting BB second half-transformation.
	Two-electron integral transformation complete.
	(VV|OO)...
	Starting AA/AB first half-transformation.
	Sorting AA/AB half-transformed integrals.
	Starting BB first half-transformation.
	Sorting BB half-transformed integrals.
	First half integral transformation complete.
	Starting AA second half-transformation.
	Starting AB second half-transformation.
	Starting BB second half-transformation.
	Two-electron integral transformation complete.
	(VV|OV)...
	Starting AA second half-transformation.
	Starting AB second half-transformation.
	Starting BB second half-transformation.
	Two-electron integral transformation complete.
	(VV|VV)...
	Starting AA second half-transformation.
	Starting AB second half-transformation.
	Starting BB second half-transformation.
	Two-electron integral transformation complete.
	Frozen core energy     =      0.00000000000000

	Size of irrep 0 of <AB|CD> integrals:      0.001 (MW) /      0.005 (MB)
	Size of irrep 1 of <AB|CD> integrals:      0.000 (MW) /      0.004 (MB)
	Size of irrep 2 of <AB|CD> integrals:      0.000 (MW) /      0.003 (MB)
	Size of irrep 3 of <AB|CD> integrals:      0.000 (MW) /      0.003 (MB)
	Size of irrep 4 of <AB|CD> integrals:      0.000 (MW) /      0.001 (MB)
	Size of irrep 5 of <AB|CD> integrals:      0.001 (MW) /      0.004 (MB)
	Size of irrep 6 of <AB|CD> integrals:      0.001 (MW) /      0.006 (MB)
	Size of irrep 7 of <AB|CD> integrals:      0.001 (MW) /      0.006 (MB)
	Total:                                     0.004 (MW) /      0.031 (MB)

	Size of irrep 0 of <ab|cd> integrals:      0.001 (MW) /      0.006 (MB)
	Size of irrep 1 of <ab|cd> integrals:      0.000 (MW) /      0.004 (MB)
	Size of irrep 2 of <ab|cd> integrals:      0.000 (MW) /      0.004 (MB)
	Size of irrep 3 of <ab|cd> integrals:      0.000 (MW) /      0.004 (MB)
	Size of irrep 4 of <ab|cd> integrals:      0.000 (MW) /      0.001 (MB)
	Size of irrep 5 of <ab|cd> integrals:      0.001 (MW) /      0.006 (MB)
	Size of irrep 6 of <ab|cd> integrals:      0.001 (MW) /      0.006 (MB)
	Size of irrep 7 of <ab|cd> integrals:      0.001 (MW) /      0.006 (MB)
	Total:                                     0.005 (MW) /      0.038 (MB)

	Size of irrep 0 of <Ab|Cd> integrals:      0.005 (MW) /      0.041 (MB)
	Size of irrep 1 of <Ab|Cd> integrals:      0.002 (MW) /      0.015 (MB)
	Size of irrep 2 of <Ab|Cd> integrals:      0.002 (MW) /      0.013 (MB)
	Size of irrep 3 of <Ab|Cd> integrals:      0.002 (MW) /      0.013 (MB)
	Size of irrep 4 of <Ab|Cd> integrals:      0.001 (MW) /      0.004 (MB)
	Size of irrep 5 of <Ab|Cd> integrals:      0.003 (MW) /      0.021 (MB)
	Size of irrep 6 of <Ab|Cd> integrals:      0.003 (MW) /      0.024 (MB)
	Size of irrep 7 of <Ab|Cd> integrals:      0.003 (MW) /      0.024 (MB)
	Total:                                     0.019 (MW) /      0.156 (MB)

	Size of irrep 0 of <IA|BC> integrals:      0.001 (MW) /      0.007 (MB)
	Size of irrep 1 of <IA|BC> integrals:      0.000 (MW) /      0.001 (MB)
	Size of irrep 2 of <IA|BC> integrals:      0.000 (MW) /      0.002 (MB)
	Size of irrep 3 of <IA|BC> integrals:      0.000 (MW) /      0.002 (MB)
	Size of irrep 4 of <IA|BC> integrals:      0.000 (MW) /      0.000 (MB)
	Size of irrep 5 of <IA|BC> integrals:      0.001 (MW) /      0.004 (MB)
	Size of irrep 6 of <IA|BC> integrals:      0.000 (MW) /      0.004 (MB)
	Size of irrep 7 of <IA|BC> integrals:      0.000 (MW) /      0.004 (MB)
	Total:                                     0.003 (MW) /      0.023 (MB)

	Size of irrep 0 of <ia|bc> integrals:      0.001 (MW) /      0.006 (MB)
	Size of irrep 1 of <ia|bc> integrals:      0.000 (MW) /      0.001 (MB)
	Size of irrep 2 of <ia|bc> integrals:      0.000 (MW) /      0.001 (MB)
	Size of irrep 3 of <ia|bc> integrals:      0.000 (MW) /      0.001 (MB)
	Size of irrep 4 of <ia|bc> integrals:      0.000 (MW) /      0.000 (MB)
	Size of irrep 5 of <ia|bc> integrals:      0.000 (MW) /      0.004 (MB)
	Size of irrep 6 of <ia|bc> integrals:      0.000 (MW) /      0.004 (MB)
	Size of irrep 7 of <ia|bc> integrals:      0.000 (MW) /      0.004 (MB)
	Total:                                     0.002 (MW) /      0.019 (MB)

	Size of irrep 0 of <Ia|Bc> integrals:      0.001 (MW) /      0.008 (MB)
	Size of irrep 1 of <Ia|Bc> integrals:      0.000 (MW) /      0.001 (MB)
	Size of irrep 2 of <Ia|Bc> integrals:      0.000 (MW) /      0.002 (MB)
	Size of irrep 3 of <Ia|Bc> integrals:      0.000 (MW) /      0.002 (MB)
	Size of irrep 4 of <Ia|Bc> integrals:      0.000 (MW) /      0.000 (MB)
	Size of irrep 5 of <Ia|Bc> integrals:      0.001 (MW) /      0.005 (MB)
	Size of irrep 6 of <Ia|Bc> integrals:      0.000 (MW) /      0.004 (MB)
	Size of irrep 7 of <Ia|Bc> integrals:      0.000 (MW) /      0.004 (MB)
	Total:                                     0.003 (MW) /      0.026 (MB)

	Size of irrep 0 of <iA|bC> integrals:      0.001 (MW) /      0.006 (MB)
	Size of irrep 1 of <iA|bC> integrals:      0.000 (MW) /      0.001 (MB)
	Size of irrep 2 of <iA|bC> integrals:      0.000 (MW) /      0.001 (MB)
	Size of irrep 3 of <iA|bC> integrals:      0.000 (MW) /      0.001 (MB)
	Size of irrep 4 of <iA|bC> integrals:      0.000 (MW) /      0.000 (MB)
	Size of irrep 5 of <iA|bC> integrals:      0.000 (MW) /      0.002 (MB)
	Size of irrep 6 of <iA|bC> integrals:      0.000 (MW) /      0.004 (MB)
	Size of irrep 7 of <iA|bC> integrals:      0.000 (MW) /      0.004 (MB)
	Total:                                     0.002 (MW) /      0.017 (MB)

	Size of irrep 0 of tIjAb amplitudes:       0.000 (MW) /      0.002 (MB)
	Size of irrep 1 of tIjAb amplitudes:       0.000 (MW) /      0.000 (MB)
	Size of irrep 2 of tIjAb amplitudes:       0.000 (MW) /      0.000 (MB)
	Size of irrep 3 of tIjAb amplitudes:       0.000 (MW) /      0.000 (MB)
	Size of irrep 4 of tIjAb amplitudes:       0.000 (MW) /      0.000 (MB)
	Size of irrep 5 of tIjAb amplitudes:       0.000 (MW) /      0.001 (MB)
	Size of irrep 6 of tIjAb amplitudes:       0.000 (MW) /      0.000 (MB)
	Size of irrep 7 of tIjAb amplitudes:       0.000 (MW) /      0.000 (MB)
	Total:                                     0.000 (MW) /      0.003 (MB)

	Nuclear Rep. energy          =      0.00000000000000
	SCF energy                   =    -24.53034878243439
	One-electron energy          =    -32.36827120774027
	Two-electron (AA) energy     =      1.55216570443543
	Two-electron (BB) energy     =      0.60220966897027
	Two-electron (AB) energy     =      5.68354705190017
	Two-electron energy          =      7.83792242530587
	Reference energy             =    -24.53034878243440

*** tstop() called on CHEM4VYDH4JALT at Mon Aug  3 16:17:49 2026
Module time:
	user time   =       0.01 seconds =       0.00 minutes
	system time =       0.04 seconds =       0.00 minutes
	total time  =          0 seconds =       0.00 minutes
Total time:
	user time   =       1.96 seconds =       0.03 minutes
	system time =       0.69 seconds =       0.01 minutes
	total time  =         29 seconds =       0.48 minutes
            **************************
            *                        *
            *        CCENERGY        *
            *                        *
            **************************

    Nuclear Rep. energy (wfn)     =    0.000000000000000
    SCF energy          (wfn)     =  -24.530348782434395
    Reference energy    (file100) =  -24.530348782434398

    Input parameters:
    -----------------
    Wave function   =     CCSD_T
    Reference wfn   =     UHF
    Brueckner       =     No
    Memory (Mbytes) =     500.0
    Maxiter         =     50
    R_Convergence   =     1.0e-07
    E_Convergence   =     1.0e-06
    Restart         =     Yes
    DIIS            =     Yes
    AO Basis        =     NONE
    ABCD            =     NEW
    Cache Level     =     2
    Cache Type      =     LRU
    Print Level     =     1
    Num. of threads =     1
    # Amps to Print =     10
    Print MP2 Amps? =     No
    Analyze T2 Amps =     No
    Print Pair Ener =     No
    Local CC        =     No
    SCS-MP2         =     False
    SCSN-MP2        =     False
    SCS-CCSD        =     False

    Using old T1 amplitudes.
    Using old T2 amplitudes.
MP2 correlation energy -0.0559580404774250
                Solving CC Amplitude Equations
                ------------------------------
  Iter             Energy              RMS        T1Diag      D1Diag    New D1Diag    D2Diag
  ----     ---------------------    ---------   ----------  ----------  ----------   --------
     0        -0.078203636346873    0.000e+00    0.013508    0.000000    0.000000    0.000000
     1        -0.078203636194050    4.540e-09    0.013508    0.000000    0.000000    0.000000
     2        -0.078203636111250    2.279e-09    0.013508    0.000000    0.000000    0.000000

    Iterations converged.


    Largest TIA Amplitudes:
              1   2         0.0182988769
              1   1         0.0064014526
              1   0         0.0054354327
              2   8        -0.0042161714
              2   9         0.0020874532
              0   1        -0.0008333196
              0   0        -0.0002286460
              0   2        -0.0001417378
              2  10         0.0001341076
              1   4         0.0001174399

    Largest Tia Amplitudes:
              1   0         0.0163706416
              1   1         0.0144914546
              1   3        -0.0023024540
              0   1        -0.0008161861
              0   0        -0.0002446395
              1   4         0.0001524433
              0   4        -0.0000749542
              0   3        -0.0000311980

    Largest TIJAB Amplitudes:
      2   1   9   1        -0.0230816054
      2   1   8   1        -0.0141477503
      2   1   9   0        -0.0136936787
      2   1  15   6        -0.0124123672
      2   1  11   7        -0.0124123672
      2   1  12   7        -0.0120205728
      2   1  16   6        -0.0120205728
      2   1   8   0        -0.0100439306
      2   1  10   1        -0.0099189700
      2   1  13   7        -0.0079203067

    Largest Tijab Amplitudes:
      1   0  11   9        -0.0019950616
      1   0  11  10        -0.0019841439
      1   0  15  14        -0.0018799008
      1   0  19  18        -0.0018799008
      1   0  15  13        -0.0016040434
      1   0  19  17        -0.0016040434
      1   0  15  12        -0.0012624627
      1   0  19  16        -0.0012624627
      1   0  11   8        -0.0011037474
      1   0   4   1        -0.0005388714

    Largest TIjAb Amplitudes:
      1   1  15  16        -0.0734703976
      1   1  11  12        -0.0734703976
      1   1  15  17        -0.0734584079
      1   1  11  13        -0.0734584078
      1   1  16  17        -0.0638587706
      1   1  12  13        -0.0638587706
      1   1  16  16        -0.0632935702
      1   1  12  12        -0.0632935702
      2   1   2   9         0.0463135739
      2   1   9   1        -0.0383200077

    SCF energy       (wfn)                    =  -24.530348782434395
    Reference energy (file100)                =  -24.530348782434398

    Opposite-spin MP2 correlation energy      =   -0.052346148665349
    Same-spin MP2 correlation energy          =   -0.003611891812076
    Singles MP2 correlation energy            =   -0.000000000000000
    MP2 correlation energy                    =   -0.055958040477425
      * MP2 total energy                      =  -24.586306822911823

    Opposite-spin CCSD correlation energy     =   -0.074199336705618
    Same-spin CCSD correlation energy         =   -0.004004299405631
    Singles CCSD correlation energy           =   -0.000000000000000
    CCSD correlation energy                   =   -0.078203636111250
      * CCSD total energy                     =  -24.608552418545649

            **************************
            *                        *
            *        CCTRIPLES       *
            *                        *
            **************************


    Wave function   =    CCSD_T
    Reference wfn   =      UHF

    Nuclear Rep. energy (wfn)                =    0.000000000000000
    SCF energy          (wfn)                =  -24.530348782434395
    Reference energy    (file100)            =  -24.530348782434398
    CCSD energy         (file100)            =   -0.078203636111250
    Total CCSD energy   (file100)            =  -24.608552418545649

    Number of ijk index combinations:
    Spin Case AAA:                                   1
    Spin Case BBB:                                   0
    Spin Case AAB:                                   6
    Spin Case ABB:                                   3
    AAA (T) energy                             =   -0.000000704274844
    BBB (T) energy                             =    0.000000000000000
    AAB (T) energy                             =   -0.001027972590242
    ABB (T) energy                             =   -0.000088623860580
    (T) energy                                   =   -0.001117300725666
      * CCSD(T) total energy                     =  -24.609669719271313


Scratch directory: /tmp/
   => Libint2 <=

    Primary   basis highest AM E, G, H:  7, 6, 3
    Auxiliary basis highest AM E, G, H:  7, 7, 4
    Onebody   basis highest AM E, G, H:  -, -, -
    Solid Harmonics ordering:            Gaussian

*** tstart() called on CHEM4VYDH4JALT
*** at Mon Aug  3 16:19:37 2026

   => Loading Basis Set <=

    Name: 6-311+G**
    Role: ORBITAL
    Keyword: BASIS
    atoms 1 entry B          line   108 file /Users/jfoley19/miniforge3/envs/p4dev/share/psi4/basis/6-311pgss.gbs 


         ---------------------------------------------------------
                                   SCF
               by Justin Turney, Rob Parrish, Andy Simmonett
                          and Daniel G. A. Smith
                             ROHF Reference
                        1 Threads,    476 MiB Core
         ---------------------------------------------------------

  ==> Geometry <==

    Molecular point group: d2h
    Geometry (in Angstrom), charge = 0, multiplicity = 2:

       Center              X                  Y                   Z               Mass       
    ------------   -----------------  -----------------  -----------------  -----------------
         B            0.000000000000     0.000000000000     0.000000000000    11.009305360000

  Running in d2h symmetry.

  Rotational constants: A = ************  B = ************  C = ************ [cm^-1]
  Rotational constants: A = ************  B = ************  C = ************ [MHz]
  Nuclear repulsion =    0.000000000000000

  Charge       = 0
  Multiplicity = 2
  Electrons    = 5
  Nalpha       = 3
  Nbeta        = 2

  ==> Algorithm <==

  SCF Algorithm Type is DF.
  DIIS enabled.
  MOM disabled.
  Fractional occupation disabled.
  Guess Type is CORE.
  Energy threshold   = 1.00e-08
  Density threshold  = 1.00e-08
  Integral threshold = 1.00e-12

  ==> Primary Basis <==

  Basis Set: 6-311+G**
    Blend: 6-311+G**
    Number of shells: 10
    Number of basis functions: 22
    Number of Cartesian functions: 23
    Spherical Harmonics?: true
    Max angular momentum: 2

   => Loading Basis Set <=

    Name: (6-311+G** AUX)
    Role: JKFIT
    Keyword: DF_BASIS_SCF
    atoms 1 entry B          line   138 file /Users/jfoley19/miniforge3/envs/p4dev/share/psi4/basis/heavy-aug-cc-pvtz-jkfit.gbs 

  ==> Integral Setup <==

  DFHelper Memory: AOs need 0.001 GiB; user supplied 0.349 GiB. 
  SCF_SUBTYPE=INCORE selected. In-core MEM_DF algorithm will be used.
  Using in-core AOs.

  ==> MemDFJK: Density-Fitted J/K Matrices <==

    J tasked:                   Yes
    K tasked:                   Yes
    wK tasked:                   No
    OpenMP threads:               1
    Memory [MiB]:               357
    Algorithm:                 Core
    Schwarz Cutoff:           1E-12
    Mask sparsity (%):       0.0000
    Fitting Condition:        1E-10

   => Auxiliary Basis Set <=

  Basis Set: (6-311+G** AUX)
    Blend: HEAVY-AUG-CC-PVTZ-JKFIT
    Number of shells: 30
    Number of basis functions: 104
    Number of Cartesian functions: 131
    Spherical Harmonics?: true
    Max angular momentum: 4

  Minimum eigenvalue in the overlap matrix is 6.7945151576E-02.
  Reciprocal condition number of the overlap matrix is 2.5371712151E-02.
    Using symmetric orthogonalization.

  ==> Pre-Iterations <==

  SCF Guess: Core (One-Electron) Hamiltonian.

   -------------------------------------------------------
    Irrep   Nso     Nmo     Nalpha   Nbeta   Ndocc  Nsocc
   -------------------------------------------------------
     Ag         7       7       1       1       1       0
     B1g        1       1       0       0       0       0
     B2g        1       1       0       0       0       0
     B3g        1       1       0       0       0       0
     Au         0       0       0       0       0       0
     B1u        4       4       1       0       0       1
     B2u        4       4       1       1       1       0
     B3u        4       4       0       0       0       0
   -------------------------------------------------------
    Total      22      22       3       2       2       1
   -------------------------------------------------------

  ==> Iterations <==

                           Total Energy        Delta E     RMS |[F,P]|

    Occupation by irrep:
             Ag   B1g   B2g   B3g    Au   B1u   B2u   B3u 
    DOCC [     2,    0,    0,    0,    0,    0,    0,    0 ]
    SOCC [     0,    0,    0,    0,    0,    0,    1,    0 ]
    NA   [     2,    0,    0,    0,    0,    0,    1,    0 ]
    NB   [     2,    0,    0,    0,    0,    0,    0,    0 ]

   @DF-ROHF iter   1:   -21.90768345320168   -2.19077e+01   1.71308e-01 DIIS
   @DF-ROHF iter   2:   -23.34561620646939   -1.43793e+00   4.38761e-02 DIIS
   @DF-ROHF iter   3:   -24.49291743152547   -1.14730e+00   1.61985e-02 DIIS
   @DF-ROHF iter   4:   -24.52576805551095   -3.28506e-02   3.15344e-03 DIIS
   @DF-ROHF iter   5:   -24.52702951681190   -1.26146e-03   3.52387e-04 DIIS
   @DF-ROHF iter   6:   -24.52707794644461   -4.84296e-05   1.39567e-04 DIIS
   @DF-ROHF iter   7:   -24.52708347853000   -5.53209e-06   3.54128e-05 DIIS
   @DF-ROHF iter   8:   -24.52708387038486   -3.91855e-07   4.31620e-06 DIIS
   @DF-ROHF iter   9:   -24.52708387379787   -3.41302e-09   5.62203e-07 DIIS
   @DF-ROHF iter  10:   -24.52708387387282   -7.49409e-11   5.36516e-08 DIIS
   @DF-ROHF iter  11:   -24.52708387387334   -5.29354e-13   2.39505e-09 DIIS
  Energy and wave function converged.


  ==> Post-Iterations <==

    Orbital Energies [Eh]
    ---------------------

    Doubly Occupied:                                                      

       1Ag    -7.694991     2Ag    -0.495105  

    Singly Occupied:                                                      

       1B2u   -0.086310  

    Virtual:                                                              

       1B1u    0.032526     1B3u    0.032526     3Ag     0.077353  
       2B2u    0.099137     2B3u    0.129441     2B1u    0.129441  
       3B2u    0.527456     3B1u    0.541941     3B3u    0.541941  
       4Ag     0.585393     5Ag     1.036849     1B2g    1.036849  
       1B3g    1.044848     1B1g    1.044848     6Ag     1.047530  
       4B1u    2.078924     4B3u    2.078924     4B2u    2.091211  
       7Ag    14.682244  

    Final Occupation by Irrep:
             Ag   B1g   B2g   B3g    Au   B1u   B2u   B3u 
    DOCC [     2,    0,    0,    0,    0,    0,    0,    0 ]
    SOCC [     0,    0,    0,    0,    0,    0,    1,    0 ]
    NA   [     2,    0,    0,    0,    0,    0,    1,    0 ]
    NB   [     2,    0,    0,    0,    0,    0,    0,    0 ]

  @DF-ROHF Final Energy:   -24.52708387387334

   => Energetics <=

    Nuclear Repulsion Energy =              0.0000000000000000
    One-Electron Energy =                 -32.3640571314820846
    Two-Electron Energy =                   7.8369732576087419
    Total Energy =                        -24.5270838738733445

Computation Completed


Properties will be evaluated at   0.000000,   0.000000,   0.000000 [a0]

Properties computed using the SCF density matrix


 Multipole Moments:

 ------------------------------------------------------------------------------------
     Multipole            Electronic (a.u.)      Nuclear  (a.u.)        Total (a.u.)
 ------------------------------------------------------------------------------------

 L = 1.  Multiply by 2.5417464519 to convert [e a0] to [Debye]
 Dipole X            :          0.0000000            0.0000000            0.0000000
 Dipole Y            :          0.0000000            0.0000000            0.0000000
 Dipole Z            :          0.0000000            0.0000000            0.0000000
 Magnitude           :                                                    0.0000000

 ------------------------------------------------------------------------------------

*** tstop() called on CHEM4VYDH4JALT at Mon Aug  3 16:19:37 2026
Module time:
	user time   =       0.05 seconds =       0.00 minutes
	system time =       0.01 seconds =       0.00 minutes
	total time  =          0 seconds =       0.00 minutes
Total time:
	user time   =       2.05 seconds =       0.03 minutes
	system time =       0.74 seconds =       0.01 minutes
	total time  =        137 seconds =       2.28 minutes

Scratch directory: /tmp/
    SCF Algorithm Type (re)set to DF.
   => Libint2 <=

    Primary   basis highest AM E, G, H:  7, 6, 3
    Auxiliary basis highest AM E, G, H:  7, 7, 4
    Onebody   basis highest AM E, G, H:  -, -, -
    Solid Harmonics ordering:            Gaussian

*** tstart() called on CHEM4VYDH4JALT
*** at Mon Aug  3 16:19:37 2026

   => Loading Basis Set <=

    Name: 6-311+G**
    Role: ORBITAL
    Keyword: BASIS
    atoms 1 entry B          line   108 file /Users/jfoley19/miniforge3/envs/p4dev/share/psi4/basis/6-311pgss.gbs 


         ---------------------------------------------------------
                                   SCF
               by Justin Turney, Rob Parrish, Andy Simmonett
                          and Daniel G. A. Smith
                             ROHF Reference
                        1 Threads,    476 MiB Core
         ---------------------------------------------------------

  ==> Geometry <==

    Molecular point group: d2h
    Geometry (in Angstrom), charge = 0, multiplicity = 2:

       Center              X                  Y                   Z               Mass       
    ------------   -----------------  -----------------  -----------------  -----------------
         B            0.000000000000     0.000000000000     0.000000000000    11.009305360000

  Running in d2h symmetry.

  Rotational constants: A = ************  B = ************  C = ************ [cm^-1]
  Rotational constants: A = ************  B = ************  C = ************ [MHz]
  Nuclear repulsion =    0.000000000000000

  Charge       = 0
  Multiplicity = 2
  Electrons    = 5
  Nalpha       = 3
  Nbeta        = 2

  ==> Algorithm <==

  SCF Algorithm Type is DF.
  DIIS enabled.
  MOM disabled.
  Fractional occupation disabled.
  Guess Type is CORE.
  Energy threshold   = 1.00e-08
  Density threshold  = 1.00e-08
  Integral threshold = 1.00e-12

  ==> Primary Basis <==

  Basis Set: 6-311+G**
    Blend: 6-311+G**
    Number of shells: 10
    Number of basis functions: 22
    Number of Cartesian functions: 23
    Spherical Harmonics?: true
    Max angular momentum: 2

   => Loading Basis Set <=

    Name: (6-311+G** AUX)
    Role: JKFIT
    Keyword: DF_BASIS_SCF
    atoms 1 entry B          line   138 file /Users/jfoley19/miniforge3/envs/p4dev/share/psi4/basis/heavy-aug-cc-pvtz-jkfit.gbs 

  ==> Integral Setup <==

  DFHelper Memory: AOs need 0.001 GiB; user supplied 0.349 GiB. 
  SCF_SUBTYPE=INCORE selected. In-core MEM_DF algorithm will be used.
  Using in-core AOs.

  ==> MemDFJK: Density-Fitted J/K Matrices <==

    J tasked:                   Yes
    K tasked:                   Yes
    wK tasked:                   No
    OpenMP threads:               1
    Memory [MiB]:               357
    Algorithm:                 Core
    Schwarz Cutoff:           1E-12
    Mask sparsity (%):       0.0000
    Fitting Condition:        1E-10

   => Auxiliary Basis Set <=

  Basis Set: (6-311+G** AUX)
    Blend: HEAVY-AUG-CC-PVTZ-JKFIT
    Number of shells: 30
    Number of basis functions: 104
    Number of Cartesian functions: 131
    Spherical Harmonics?: true
    Max angular momentum: 4

  Minimum eigenvalue in the overlap matrix is 6.7945151576E-02.
  Reciprocal condition number of the overlap matrix is 2.5371712151E-02.
    Using symmetric orthogonalization.

  ==> Pre-Iterations <==

  SCF Guess: Core (One-Electron) Hamiltonian.

   -------------------------------------------------------
    Irrep   Nso     Nmo     Nalpha   Nbeta   Ndocc  Nsocc
   -------------------------------------------------------
     Ag         7       7       1       1       1       0
     B1g        1       1       0       0       0       0
     B2g        1       1       0       0       0       0
     B3g        1       1       0       0       0       0
     Au         0       0       0       0       0       0
     B1u        4       4       1       0       0       1
     B2u        4       4       1       1       1       0
     B3u        4       4       0       0       0       0
   -------------------------------------------------------
    Total      22      22       3       2       2       1
   -------------------------------------------------------

  ==> Iterations <==

                           Total Energy        Delta E     RMS |[F,P]|

    Occupation by irrep:
             Ag   B1g   B2g   B3g    Au   B1u   B2u   B3u 
    DOCC [     2,    0,    0,    0,    0,    0,    0,    0 ]
    SOCC [     0,    0,    0,    0,    0,    0,    1,    0 ]
    NA   [     2,    0,    0,    0,    0,    0,    1,    0 ]
    NB   [     2,    0,    0,    0,    0,    0,    0,    0 ]

   @DF-ROHF iter   1:   -21.90768345320168   -2.19077e+01   1.71308e-01 DIIS
   @DF-ROHF iter   2:   -23.34561620646939   -1.43793e+00   4.38761e-02 DIIS
   @DF-ROHF iter   3:   -24.49291743152547   -1.14730e+00   1.61985e-02 DIIS
   @DF-ROHF iter   4:   -24.52576805551095   -3.28506e-02   3.15344e-03 DIIS
   @DF-ROHF iter   5:   -24.52702951681190   -1.26146e-03   3.52387e-04 DIIS
   @DF-ROHF iter   6:   -24.52707794644461   -4.84296e-05   1.39567e-04 DIIS
   @DF-ROHF iter   7:   -24.52708347853000   -5.53209e-06   3.54128e-05 DIIS
   @DF-ROHF iter   8:   -24.52708387038486   -3.91855e-07   4.31620e-06 DIIS
   @DF-ROHF iter   9:   -24.52708387379787   -3.41302e-09   5.62203e-07 DIIS
   @DF-ROHF iter  10:   -24.52708387387282   -7.49409e-11   5.36516e-08 DIIS
   @DF-ROHF iter  11:   -24.52708387387334   -5.29354e-13   2.39505e-09 DIIS
  Energy and wave function converged.


  ==> Post-Iterations <==

    Orbital Energies [Eh]
    ---------------------

    Doubly Occupied:                                                      

       1Ag    -7.694991     2Ag    -0.495105  

    Singly Occupied:                                                      

       1B2u   -0.086310  

    Virtual:                                                              

       1B1u    0.032526     1B3u    0.032526     3Ag     0.077353  
       2B2u    0.099137     2B3u    0.129441     2B1u    0.129441  
       3B2u    0.527456     3B1u    0.541941     3B3u    0.541941  
       4Ag     0.585393     5Ag     1.036849     1B2g    1.036849  
       1B3g    1.044848     1B1g    1.044848     6Ag     1.047530  
       4B1u    2.078924     4B3u    2.078924     4B2u    2.091211  
       7Ag    14.682244  

    Final Occupation by Irrep:
             Ag   B1g   B2g   B3g    Au   B1u   B2u   B3u 
    DOCC [     2,    0,    0,    0,    0,    0,    0,    0 ]
    SOCC [     0,    0,    0,    0,    0,    0,    1,    0 ]
    NA   [     2,    0,    0,    0,    0,    0,    1,    0 ]
    NB   [     2,    0,    0,    0,    0,    0,    0,    0 ]

  @DF-ROHF Final Energy:   -24.52708387387334

   => Energetics <=

    Nuclear Repulsion Energy =              0.0000000000000000
    One-Electron Energy =                 -32.3640571314820846
    Two-Electron Energy =                   7.8369732576087419
    Total Energy =                        -24.5270838738733445

Computation Completed


Properties will be evaluated at   0.000000,   0.000000,   0.000000 [a0]

Properties computed using the SCF density matrix


 Multipole Moments:

 ------------------------------------------------------------------------------------
     Multipole            Electronic (a.u.)      Nuclear  (a.u.)        Total (a.u.)
 ------------------------------------------------------------------------------------

 L = 1.  Multiply by 2.5417464519 to convert [e a0] to [Debye]
 Dipole X            :          0.0000000            0.0000000            0.0000000
 Dipole Y            :          0.0000000            0.0000000            0.0000000
 Dipole Z            :          0.0000000            0.0000000            0.0000000
 Magnitude           :                                                    0.0000000

 ------------------------------------------------------------------------------------

*** tstop() called on CHEM4VYDH4JALT at Mon Aug  3 16:19:37 2026
Module time:
	user time   =       0.04 seconds =       0.00 minutes
	system time =       0.01 seconds =       0.00 minutes
	total time  =          0 seconds =       0.00 minutes
Total time:
	user time   =       2.10 seconds =       0.04 minutes
	system time =       0.75 seconds =       0.01 minutes
	total time  =        137 seconds =       2.28 minutes

*** tstart() called on CHEM4VYDH4JALT
*** at Mon Aug  3 16:19:37 2026


  //>>>>>>>>>>>>>>>>>>>>>>>>>>>>>>>>>>>//
  //               DFMP2               //
  //<<<<<<<<<<<<<<<<<<<<<<<<<<<<<<<<<<<//

   => Loading Basis Set <=

    Name: (6-311+G** AUX)
    Role: RIFIT
    Keyword: DF_BASIS_MP2
    atoms 1 entry B          line    90 file /Users/jfoley19/miniforge3/envs/p4dev/share/psi4/basis/heavy-aug-cc-pvtz-ri.gbs 

	 --------------------------------------------------------
	                          DF-MP2                         
	      2nd-Order Density-Fitted Moller-Plesset Theory     
	          ROHF-MBPT(2) Wavefunction,   1 Threads         
	                                                         
	        Rob Parrish, Justin Turney, Andy Simmonett,      
	           Ed Hohenstein, and C. David Sherrill          
	 --------------------------------------------------------

	 --------------------------------------------------------
	                 NBF =    22, NAUX =   106
	 --------------------------------------------------------
	   CLASS    FOCC     OCC    AOCC    AVIR     VIR    FVIR
	   ALPHA       0       3       3      19      19       0
	    BETA       0       2       2      20      20       0
	 --------------------------------------------------------

	-----------------------------------------------------------
	 ==================> DF-MP2 Energies <==================== 
	-----------------------------------------------------------
	 Reference Energy          =     -24.5270838738733445 [Eh]
	 Singles Energy            =      -0.0021647433873699 [Eh]
	 Same-Spin Energy          =      -0.0037485823947590 [Eh]
	 Opposite-Spin Energy      =      -0.0532348513518948 [Eh]
	 Correlation Energy        =      -0.0591481771340237 [Eh]
	 Total Energy              =     -24.5862320510073680 [Eh]
	-----------------------------------------------------------
	 ================> DF-SCS-MP2 Energies <================== 
	-----------------------------------------------------------
	 SCS Same-Spin Scale       =       0.3333333333333333 [-]
	 SCS Opposite-Spin Scale   =       1.2000000000000000 [-]
	 SCS Same-Spin Energy      =      -0.0012495274649197 [Eh]
	 SCS Opposite-Spin Energy  =      -0.0638818216222738 [Eh]
	 SCS Correlation Energy    =      -0.0672960924745633 [Eh]
	 SCS Total Energy          =     -24.5943799663479084 [Eh]
	-----------------------------------------------------------


*** tstop() called on CHEM4VYDH4JALT at Mon Aug  3 16:19:37 2026
Module time:
	user time   =       0.01 seconds =       0.00 minutes
	system time =       0.00 seconds =       0.00 minutes
	total time  =          0 seconds =       0.00 minutes
Total time:
	user time   =       2.11 seconds =       0.04 minutes
	system time =       0.75 seconds =       0.01 minutes
	total time  =        137 seconds =       2.28 minutes

Scratch directory: /tmp/
   => Libint2 <=

    Primary   basis highest AM E, G, H:  7, 6, 3
    Auxiliary basis highest AM E, G, H:  7, 7, 4
    Onebody   basis highest AM E, G, H:  -, -, -
    Solid Harmonics ordering:            Gaussian

*** tstart() called on CHEM4VYDH4JALT
*** at Mon Aug  3 16:19:37 2026

   => Loading Basis Set <=

    Name: 6-311+G**
    Role: ORBITAL
    Keyword: BASIS
    atoms 1 entry B          line   108 file /Users/jfoley19/miniforge3/envs/p4dev/share/psi4/basis/6-311pgss.gbs 


         ---------------------------------------------------------
                                   SCF
               by Justin Turney, Rob Parrish, Andy Simmonett
                          and Daniel G. A. Smith
                             ROHF Reference
                        1 Threads,    476 MiB Core
         ---------------------------------------------------------

  ==> Geometry <==

    Molecular point group: d2h
    Geometry (in Angstrom), charge = 0, multiplicity = 2:

       Center              X                  Y                   Z               Mass       
    ------------   -----------------  -----------------  -----------------  -----------------
         B            0.000000000000     0.000000000000     0.000000000000    11.009305360000

  Running in d2h symmetry.

  Rotational constants: A = ************  B = ************  C = ************ [cm^-1]
  Rotational constants: A = ************  B = ************  C = ************ [MHz]
  Nuclear repulsion =    0.000000000000000

  Charge       = 0
  Multiplicity = 2
  Electrons    = 5
  Nalpha       = 3
  Nbeta        = 2

  ==> Algorithm <==

  SCF Algorithm Type is PK.
  DIIS enabled.
  MOM disabled.
  Fractional occupation disabled.
  Guess Type is CORE.
  Energy threshold   = 1.00e-08
  Density threshold  = 1.00e-08
  Integral threshold = 1.00e-12

  ==> Primary Basis <==

  Basis Set: 6-311+G**
    Blend: 6-311+G**
    Number of shells: 10
    Number of basis functions: 22
    Number of Cartesian functions: 23
    Spherical Harmonics?: true
    Max angular momentum: 2

  ==> Integral Setup <==

  Using in-core PK algorithm.
   Calculation information:
      Number of atoms:                   1
      Number of AO shells:              10
      Number of primitives:             19
      Number of atomic orbitals:        23
      Number of basis functions:        22

      Integral cutoff                 1.00e-12
      Number of threads:                 1

  Performing in-core PK
  Using 64262 doubles for integral storage.
  We computed 1540 shell quartets total.
  Whereas there are 1540 unique shell quartets.

  ==> DiskJK: Disk-Based J/K Matrices <==

    J tasked:                  Yes
    K tasked:                  Yes
    wK tasked:                  No
    Memory [MiB]:              357
    Schwarz Cutoff:          1E-12

    OpenMP threads:              1

  Minimum eigenvalue in the overlap matrix is 6.7945151576E-02.
  Reciprocal condition number of the overlap matrix is 2.5371712151E-02.
    Using symmetric orthogonalization.

  ==> Pre-Iterations <==

  SCF Guess: Core (One-Electron) Hamiltonian.

   -------------------------------------------------------
    Irrep   Nso     Nmo     Nalpha   Nbeta   Ndocc  Nsocc
   -------------------------------------------------------
     Ag         7       7       1       1       1       0
     B1g        1       1       0       0       0       0
     B2g        1       1       0       0       0       0
     B3g        1       1       0       0       0       0
     Au         0       0       0       0       0       0
     B1u        4       4       1       0       0       1
     B2u        4       4       1       1       1       0
     B3u        4       4       0       0       0       0
   -------------------------------------------------------
    Total      22      22       3       2       2       1
   -------------------------------------------------------

  ==> Iterations <==

                        Total Energy        Delta E     RMS |[F,P]|

    Occupation by irrep:
             Ag   B1g   B2g   B3g    Au   B1u   B2u   B3u 
    DOCC [     2,    0,    0,    0,    0,    0,    0,    0 ]
    SOCC [     0,    0,    0,    0,    0,    0,    1,    0 ]
    NA   [     2,    0,    0,    0,    0,    0,    1,    0 ]
    NB   [     2,    0,    0,    0,    0,    0,    0,    0 ]

   @ROHF iter   1:   -21.90771212465793   -2.19077e+01   1.71305e-01 DIIS
   @ROHF iter   2:   -23.34570215354517   -1.43799e+00   4.38671e-02 DIIS
   @ROHF iter   3:   -24.49290614502945   -1.14720e+00   1.62067e-02 DIIS
   @ROHF iter   4:   -24.52576729237596   -3.28611e-02   3.15639e-03 DIIS
   @ROHF iter   5:   -24.52703113793040   -1.26385e-03   3.52847e-04 DIIS
   @ROHF iter   6:   -24.52707969637594   -4.85584e-05   1.39661e-04 DIIS
   @ROHF iter   7:   -24.52708523681361   -5.54044e-06   3.54425e-05 DIIS
   @ROHF iter   8:   -24.52708562928486   -3.92471e-07   4.32982e-06 DIIS
   @ROHF iter   9:   -24.52708563270549   -3.42063e-09   5.63358e-07 DIIS
   @ROHF iter  10:   -24.52708563278080   -7.53033e-11   5.37789e-08 DIIS
   @ROHF iter  11:   -24.52708563278136   -5.68434e-13   2.40394e-09 DIIS
  Energy and wave function converged.


  ==> Post-Iterations <==

    Orbital Energies [Eh]
    ---------------------

    Doubly Occupied:                                                      

       1Ag    -7.694984     2Ag    -0.495103  

    Singly Occupied:                                                      

       1B2u   -0.086307  

    Virtual:                                                              

       1B1u    0.032528     1B3u    0.032528     3Ag     0.077346  
       2B2u    0.099108     2B3u    0.129420     2B1u    0.129420  
       3B2u    0.527144     3B1u    0.541649     3B3u    0.541649  
       4Ag     0.585258     5Ag     1.036657     1B2g    1.036657  
       1B3g    1.044655     1B1g    1.044655     6Ag     1.047337  
       4B1u    2.078443     4B3u    2.078443     4B2u    2.090730  
       7Ag    14.682229  

    Final Occupation by Irrep:
             Ag   B1g   B2g   B3g    Au   B1u   B2u   B3u 
    DOCC [     2,    0,    0,    0,    0,    0,    0,    0 ]
    SOCC [     0,    0,    0,    0,    0,    0,    1,    0 ]
    NA   [     2,    0,    0,    0,    0,    0,    1,    0 ]
    NB   [     2,    0,    0,    0,    0,    0,    0,    0 ]

  @ROHF Final Energy:   -24.52708563278136

   => Energetics <=

    Nuclear Repulsion Energy =              0.0000000000000000
    One-Electron Energy =                 -32.3640769489244846
    Two-Electron Energy =                   7.8369913161431191
    Total Energy =                        -24.5270856327813647

Computation Completed


Properties will be evaluated at   0.000000,   0.000000,   0.000000 [a0]

Properties computed using the SCF density matrix


 Multipole Moments:

 ------------------------------------------------------------------------------------
     Multipole            Electronic (a.u.)      Nuclear  (a.u.)        Total (a.u.)
 ------------------------------------------------------------------------------------

 L = 1.  Multiply by 2.5417464519 to convert [e a0] to [Debye]
 Dipole X            :          0.0000000            0.0000000            0.0000000
 Dipole Y            :          0.0000000            0.0000000            0.0000000
 Dipole Z            :          0.0000000            0.0000000            0.0000000
 Magnitude           :                                                    0.0000000

 ------------------------------------------------------------------------------------

*** tstop() called on CHEM4VYDH4JALT at Mon Aug  3 16:19:37 2026
Module time:
	user time   =       0.03 seconds =       0.00 minutes
	system time =       0.01 seconds =       0.00 minutes
	total time  =          0 seconds =       0.00 minutes
Total time:
	user time   =       2.15 seconds =       0.04 minutes
	system time =       0.76 seconds =       0.01 minutes
	total time  =        137 seconds =       2.28 minutes
 MINTS: Wrapper to libmints.
   by Justin Turney

   Calculation information:
      Number of threads:                 1
      Number of atoms:                   1
      Number of AO shells:              10
      Number of SO shells:              10
      Number of primitives:             19
      Number of atomic orbitals:        23
      Number of basis functions:        22

      Number of irreps:                  8
      Integral cutoff                 1.00e-12
      Number of functions per irrep: [   7    1    1    1    0    4    4    4 ]

 OEINTS: Overlap, kinetic, potential, dipole, and quadrupole integrals
         stored in file 35.

      Computing two-electron integrals...done
      Computed 4475 non-zero two-electron integrals.
        Stored in file 33.


         ---------------------------------------------------------
                          Configuration Interaction
                            (a 'D E T C I' module)

                 C. David Sherrill, Daniel G. A. Smith, and
                              Matt L. Leininger
         ---------------------------------------------------------

Warning: iopen=0,opentype!=closed. Making iopen=1

   ==> Parameters <==

    EX LEVEL       =        5      H0 BLOCKSIZE  =        1
    VAL EX LEVEL   =        0      H0 GUESS SIZE =        1
    H0COUPLINGSIZE =        0      H0 COUPLING   =       NO
    MAXITER        =       24      NUM PRINT     =       20
    NUM ROOTS      =        1      ICORE         =        1
    PRINT LVL      =        1      FCI           =      YES
    R CONV         = 1.00e-04      MIXED         =      YES
    E CONV         = 1.00e-06      MIXED4        =      YES
    R4S            =       NO      REPL OTF      =       NO
    DIAG METHOD    =      SEM      FOLLOW ROOT   =        0
    PRECONDITIONER = DAVIDSON      UPDATE        = DAVIDSON
    S              =   0.5000      Ms0           =       NO
    GUESS VECTOR   =     UNIT      OPENTYPE      = HIGHSPIN
    COLLAPSE SIZE  =        1      HD AVG        = ORB_ENER
MPN options:
    MPN            =      YES      MPN SCHMIDT   =       NO
    ZAPTN          =      YES      MPN WIGNER    =      YES
    PERT Z         =   1.0000
    MAX NUM VECS   =        3      REF SYM       =     AUTO
    IOPEN        =      YES

    EX ALLOW       =  1  1  1  1  1 
    STATE AVERAGE  =  0(1.00) 

   ==> CI Orbital and Space information <==

   ------------------------------------------------------------------------------
               Space    Total    Ag   B1g   B2g   B3g    Au   B1u   B2u   B3u
   ------------------------------------------------------------------------------
                 Nso       22     7     1     1     1     0     4     4     4
                 Nmo       22     7     1     1     1     0     4     4     4
               Ndocc        2     2     0     0     0     0     0     0     0
               Nsocc        1     0     0     0     0     0     0     1     0
   ------------------------------------------------------------------------------
                                   CI Spaces
   ------------------------------------------------------------------------------
        Dropped DOCC        0     0     0     0     0     0     0     0     0
              Active       22     7     1     1     1     0     4     4     4
        Dropped UOCC        0     0     0     0     0     0     0     0     0
   ------------------------------------------------------------------------------

   ==> Setting up CI strings <==

    There are 1540 alpha and 231 beta strings
    The CI space requires 44760 (4.48E+04) determinants and 57 blocks

   ==> Transforming CI integrals <==

	Presorting SO-basis two-electron integrals.
	Sorting File: SO Ints (nn|nn) nbuckets = 1
	Constructing frozen core operators
	Starting first half-transformation.
	Sorting half-transformed integrals.
	First half integral transformation complete.
	Starting second half-transformation.
	Two-electron integral transformation complete.

   ==> Starting MPn CI Computation <==

   CalcInfo_->escf =       -24.527085632781365
   CalcInfo_->e0   =       -16.690094249806414
   CalcInfo_->enuc =         0.000000000000000
   CalcInfo_->e1   =        -7.836991382974951

   n         Corr. Energy                  E(ZAPTn)             n         Corr. Energy                  E(ZAPTn)

   0          0.000000000000000       -16.690094249806414
   1         -7.836991382974951       -24.527085632781365
   1         -7.836991382974936       -24.527085632781350
   2         -0.058827692226014       -24.585913325007379       2        -0.058827692226014       -24.585913325007379
                                                                3        -0.015099305467373       -24.601012630474752
   3         -0.015099305467373       -24.601012630474752       4        -0.005301075765905       -24.606313706240659
                                                                5        -0.002149121049803       -24.608462827290463

    ZAPT4 energy saved

    EZAPTn = -24.6063137062407


   ==> Energetics <==

    SCF energy =          -24.527085632781365
    Total ZAPT energy =   -24.606313706240659

		 "A good bug is a dead bug" 

			 - Starship Troopers

		 "I didn't write FORTRAN.  That's the problem."

			 - Edward Valeev

Scratch directory: /tmp/
   => Libint2 <=

    Primary   basis highest AM E, G, H:  7, 6, 3
    Auxiliary basis highest AM E, G, H:  7, 7, 4
    Onebody   basis highest AM E, G, H:  -, -, -
    Solid Harmonics ordering:            Gaussian

*** tstart() called on CHEM4VYDH4JALT
*** at Mon Aug  3 16:19:37 2026

   => Loading Basis Set <=

    Name: 6-311+G**
    Role: ORBITAL
    Keyword: BASIS
    atoms 1 entry B          line   108 file /Users/jfoley19/miniforge3/envs/p4dev/share/psi4/basis/6-311pgss.gbs 


         ---------------------------------------------------------
                                   SCF
               by Justin Turney, Rob Parrish, Andy Simmonett
                          and Daniel G. A. Smith
                              UHF Reference
                        1 Threads,    476 MiB Core
         ---------------------------------------------------------

  ==> Geometry <==

    Molecular point group: d2h
    Geometry (in Angstrom), charge = 0, multiplicity = 2:

       Center              X                  Y                   Z               Mass       
    ------------   -----------------  -----------------  -----------------  -----------------
         B            0.000000000000     0.000000000000     0.000000000000    11.009305360000

  Running in d2h symmetry.

  Rotational constants: A = ************  B = ************  C = ************ [cm^-1]
  Rotational constants: A = ************  B = ************  C = ************ [MHz]
  Nuclear repulsion =    0.000000000000000

  Charge       = 0
  Multiplicity = 2
  Electrons    = 5
  Nalpha       = 3
  Nbeta        = 2

  ==> Algorithm <==

  SCF Algorithm Type is PK.
  DIIS enabled.
  MOM disabled.
  Fractional occupation disabled.
  Guess Type is CORE.
  Energy threshold   = 1.00e-08
  Density threshold  = 1.00e-08
  Integral threshold = 1.00e-12

  ==> Primary Basis <==

  Basis Set: 6-311+G**
    Blend: 6-311+G**
    Number of shells: 10
    Number of basis functions: 22
    Number of Cartesian functions: 23
    Spherical Harmonics?: true
    Max angular momentum: 2

  ==> Integral Setup <==

  Using in-core PK algorithm.
   Calculation information:
      Number of atoms:                   1
      Number of AO shells:              10
      Number of primitives:             19
      Number of atomic orbitals:        23
      Number of basis functions:        22

      Integral cutoff                 1.00e-12
      Number of threads:                 1

  Performing in-core PK
  Using 64262 doubles for integral storage.
  We computed 1540 shell quartets total.
  Whereas there are 1540 unique shell quartets.

  ==> DiskJK: Disk-Based J/K Matrices <==

    J tasked:                  Yes
    K tasked:                  Yes
    wK tasked:                  No
    Memory [MiB]:              357
    Schwarz Cutoff:          1E-12

    OpenMP threads:              1

  Minimum eigenvalue in the overlap matrix is 6.7945151576E-02.
  Reciprocal condition number of the overlap matrix is 2.5371712151E-02.
    Using symmetric orthogonalization.

  ==> Pre-Iterations <==

  SCF Guess: Core (One-Electron) Hamiltonian.

   -------------------------------------------------------
    Irrep   Nso     Nmo     Nalpha   Nbeta   Ndocc  Nsocc
   -------------------------------------------------------
     Ag         7       7       1       1       1       0
     B1g        1       1       0       0       0       0
     B2g        1       1       0       0       0       0
     B3g        1       1       0       0       0       0
     Au         0       0       0       0       0       0
     B1u        4       4       1       0       0       1
     B2u        4       4       1       1       1       0
     B3u        4       4       0       0       0       0
   -------------------------------------------------------
    Total      22      22       3       2       2       1
   -------------------------------------------------------

  ==> Iterations <==

                        Total Energy        Delta E     RMS |[F,P]|

    Occupation by irrep:
             Ag   B1g   B2g   B3g    Au   B1u   B2u   B3u 
    DOCC [     2,    0,    0,    0,    0,    0,    0,    0 ]
    SOCC [     0,    0,    0,    0,    0,    1,    0,    0 ]
    NA   [     2,    0,    0,    0,    0,    1,    0,    0 ]
    NB   [     2,    0,    0,    0,    0,    0,    0,    0 ]

   @UHF iter   1:   -21.90771212465794   -2.19077e+01   2.25455e-01 ADIIS
   @UHF iter   2:   -23.41365394431186   -1.50594e+00   5.99213e-02 DIIS/ADIIS
   @UHF iter   3:   -24.49000388216323   -1.07635e+00   2.09474e-02 DIIS/ADIIS
   @UHF iter   4:   -24.52756181678393   -3.75579e-02   4.94336e-03 DIIS/ADIIS
   @UHF iter   5:   -24.53028027124554   -2.71845e-03   6.96392e-04 DIIS/ADIIS
   @UHF iter   6:   -24.53034306478646   -6.27935e-05   1.64743e-04 DIIS/ADIIS
   @UHF iter   7:   -24.53034816353384   -5.09875e-06   4.51400e-05 DIIS
   @UHF iter   8:   -24.53034876185456   -5.98321e-07   8.63540e-06 DIIS
   @UHF iter   9:   -24.53034878207520   -2.02206e-08   1.24391e-06 DIIS
   @UHF iter  10:   -24.53034878242400   -3.48795e-10   2.06462e-07 DIIS
   @UHF iter  11:   -24.53034878243423   -1.02389e-11   3.22708e-08 DIIS
   @UHF iter  12:   -24.53034878243439   -1.59872e-13   3.40453e-09 DIIS
  Energy and wave function converged.


  ==> Post-Iterations <==

   @Spin Contamination Metric:   7.022012344E-03
   @S^2 Expected:                7.500000000E-01
   @S^2 Observed:                7.570220123E-01
   @S   Expected:                5.000000000E-01
   @S   Observed:                5.000000000E-01

    Orbital Energies [Eh]
    ---------------------

    Alpha Occupied:                                                       

       1Ag    -7.700118     2Ag    -0.544716     1B1u   -0.317054  

    Alpha Virtual:                                                        

       1B3u    0.029121     1B2u    0.029121     3Ag     0.074645  
       2B1u    0.091779     2B3u    0.125932     2B2u    0.125932  
       3B1u    0.492247     3B2u    0.537433     3B3u    0.537433  
       4Ag     0.572979     5Ag     1.003839     1B3g    1.010116  
       1B2g    1.010116     1B1g    1.034980     6Ag     1.034980  
       4B1u    2.057771     4B2u    2.075611     4B3u    2.075611  
       7Ag    14.678581  

    Beta Occupied:                                                        

       1Ag    -7.684596     2Ag    -0.445942  

    Beta Virtual:                                                         

       1B2u    0.036654     1B3u    0.036654     1B1u    0.057837  
       3Ag     0.080488     2B2u    0.134462     2B3u    0.134462  
       2B1u    0.168350     3B2u    0.548047     3B3u    0.548047  
       3B1u    0.587641     4Ag     0.599887     5Ag     1.040744  
       1B1g    1.040744     1B3g    1.081806     1B2g    1.081806  
       6Ag     1.097072     4B2u    2.084771     4B3u    2.084771  
       4B1u    2.128211     7Ag    14.691066  

    Final Occupation by Irrep:
             Ag   B1g   B2g   B3g    Au   B1u   B2u   B3u 
    DOCC [     2,    0,    0,    0,    0,    0,    0,    0 ]
    SOCC [     0,    0,    0,    0,    0,    1,    0,    0 ]
    NA   [     2,    0,    0,    0,    0,    1,    0,    0 ]
    NB   [     2,    0,    0,    0,    0,    0,    0,    0 ]

  @UHF Final Energy:   -24.53034878243439

   => Energetics <=

    Nuclear Repulsion Energy =              0.0000000000000000
    One-Electron Energy =                 -32.3682713224272192
    Two-Electron Energy =                   7.8379225399928263
    Total Energy =                        -24.5303487824343946

  UHF NO Occupations:
  HONO-2 :    1 Ag 1.9999997
  HONO-1 :    2 Ag 1.9964831
  HONO-0 :    1B1u 1.0000000
  LUNO+0 :    3 Ag 0.0035169
  LUNO+1 :    4 Ag 0.0000003
  LUNO+2 :    5 Ag 0.0000000
  LUNO+3 :    2B1u 0.0000000


Computation Completed


Properties will be evaluated at   0.000000,   0.000000,   0.000000 [a0]

Properties computed using the SCF density matrix


 Multipole Moments:

 ------------------------------------------------------------------------------------
     Multipole            Electronic (a.u.)      Nuclear  (a.u.)        Total (a.u.)
 ------------------------------------------------------------------------------------

 L = 1.  Multiply by 2.5417464519 to convert [e a0] to [Debye]
 Dipole X            :          0.0000000            0.0000000            0.0000000
 Dipole Y            :          0.0000000            0.0000000            0.0000000
 Dipole Z            :          0.0000000            0.0000000            0.0000000
 Magnitude           :                                                    0.0000000

 ------------------------------------------------------------------------------------

*** tstop() called on CHEM4VYDH4JALT at Mon Aug  3 16:19:37 2026
Module time:
	user time   =       0.05 seconds =       0.00 minutes
	system time =       0.01 seconds =       0.00 minutes
	total time  =          0 seconds =       0.00 minutes
Total time:
	user time   =       2.26 seconds =       0.04 minutes
	system time =       0.80 seconds =       0.01 minutes
	total time  =        137 seconds =       2.28 minutes
 MINTS: Wrapper to libmints.
   by Justin Turney

   Calculation information:
      Number of threads:                 1
      Number of atoms:                   1
      Number of AO shells:              10
      Number of SO shells:              10
      Number of primitives:             19
      Number of atomic orbitals:        23
      Number of basis functions:        22

      Number of irreps:                  8
      Integral cutoff                 1.00e-12
      Number of functions per irrep: [   7    1    1    1    0    4    4    4 ]

 OEINTS: Overlap, kinetic, potential, dipole, and quadrupole integrals
         stored in file 35.

      Computing two-electron integrals...done
      Computed 4475 non-zero two-electron integrals.
        Stored in file 33.


*** tstart() called on CHEM4VYDH4JALT
*** at Mon Aug  3 16:19:37 2026


	Wfn Parameters:
	--------------------
	Wavefunction         = CCSD
	Number of irreps     = 8
	Number of MOs        = 22
	Number of active MOs = 22
	AO-Basis             = NONE
	Semicanonical        = false
	Reference            = UHF
	Print Level          = 1

	IRREP	# MOs	# FZDC	# DOCC	# SOCC	# VIRT	# FZVR
	-----	-----	------	------	------	------	------
	 Ag	   7	    0	    2	    0	    5	    0
	 B1g	   1	    0	    0	    0	    1	    0
	 B2g	   1	    0	    0	    0	    1	    0
	 B3g	   1	    0	    0	    0	    1	    0
	 Au	   0	    0	    0	    0	    0	    0
	 B1u	   4	    0	    0	    1	    3	    0
	 B2u	   4	    0	    0	    0	    4	    0
	 B3u	   4	    0	    0	    0	    4	    0
	Transforming integrals...
	IWL integrals will be deleted.
	(OO|OO)...
	Presorting SO-basis two-electron integrals.
	Sorting File: SO Ints (nn|nn) nbuckets = 1
	Constructing frozen core operators
	Starting AA/AB first half-transformation.
	Sorting AA/AB half-transformed integrals.
	Starting BB first half-transformation.
	Sorting BB half-transformed integrals.
	First half integral transformation complete.
	Starting AA second half-transformation.
	Starting AB second half-transformation.
	Starting BB second half-transformation.
	Two-electron integral transformation complete.
	(OO|OV)...
	Starting AA second half-transformation.
	Starting AB second half-transformation.
	Starting BB second half-transformation.
	Two-electron integral transformation complete.
	(OO|VV)...
	Starting AA second half-transformation.
	Starting AB second half-transformation.
	Starting BB second half-transformation.
	Two-electron integral transformation complete.
	(OV|OO)...
	Starting AA/AB first half-transformation.
	Sorting AA/AB half-transformed integrals.
	Starting BB first half-transformation.
	Sorting BB half-transformed integrals.
	First half integral transformation complete.
	Starting AA second half-transformation.
	Starting AB second half-transformation.
	Starting BB second half-transformation.
	Two-electron integral transformation complete.
	(OV|OV)...
	Starting AA second half-transformation.
	Starting AB second half-transformation.
	Starting BB second half-transformation.
	Two-electron integral transformation complete.
	(OV|VV)...
	Starting AA second half-transformation.
	Starting AB second half-transformation.
	Starting BB second half-transformation.
	Two-electron integral transformation complete.
	(VV|OO)...
	Starting AA/AB first half-transformation.
	Sorting AA/AB half-transformed integrals.
	Starting BB first half-transformation.
	Sorting BB half-transformed integrals.
	First half integral transformation complete.
	Starting AA second half-transformation.
	Starting AB second half-transformation.
	Starting BB second half-transformation.
	Two-electron integral transformation complete.
	(VV|OV)...
	Starting AA second half-transformation.
	Starting AB second half-transformation.
	Starting BB second half-transformation.
	Two-electron integral transformation complete.
	(VV|VV)...
	Starting AA second half-transformation.
	Starting AB second half-transformation.
	Starting BB second half-transformation.
	Two-electron integral transformation complete.
	Frozen core energy     =      0.00000000000000

	Size of irrep 0 of <AB|CD> integrals:      0.001 (MW) /      0.005 (MB)
	Size of irrep 1 of <AB|CD> integrals:      0.000 (MW) /      0.004 (MB)
	Size of irrep 2 of <AB|CD> integrals:      0.000 (MW) /      0.003 (MB)
	Size of irrep 3 of <AB|CD> integrals:      0.000 (MW) /      0.003 (MB)
	Size of irrep 4 of <AB|CD> integrals:      0.000 (MW) /      0.001 (MB)
	Size of irrep 5 of <AB|CD> integrals:      0.001 (MW) /      0.004 (MB)
	Size of irrep 6 of <AB|CD> integrals:      0.001 (MW) /      0.006 (MB)
	Size of irrep 7 of <AB|CD> integrals:      0.001 (MW) /      0.006 (MB)
	Total:                                     0.004 (MW) /      0.031 (MB)

	Size of irrep 0 of <ab|cd> integrals:      0.001 (MW) /      0.006 (MB)
	Size of irrep 1 of <ab|cd> integrals:      0.000 (MW) /      0.004 (MB)
	Size of irrep 2 of <ab|cd> integrals:      0.000 (MW) /      0.004 (MB)
	Size of irrep 3 of <ab|cd> integrals:      0.000 (MW) /      0.004 (MB)
	Size of irrep 4 of <ab|cd> integrals:      0.000 (MW) /      0.001 (MB)
	Size of irrep 5 of <ab|cd> integrals:      0.001 (MW) /      0.006 (MB)
	Size of irrep 6 of <ab|cd> integrals:      0.001 (MW) /      0.006 (MB)
	Size of irrep 7 of <ab|cd> integrals:      0.001 (MW) /      0.006 (MB)
	Total:                                     0.005 (MW) /      0.038 (MB)

	Size of irrep 0 of <Ab|Cd> integrals:      0.005 (MW) /      0.041 (MB)
	Size of irrep 1 of <Ab|Cd> integrals:      0.002 (MW) /      0.015 (MB)
	Size of irrep 2 of <Ab|Cd> integrals:      0.002 (MW) /      0.013 (MB)
	Size of irrep 3 of <Ab|Cd> integrals:      0.002 (MW) /      0.013 (MB)
	Size of irrep 4 of <Ab|Cd> integrals:      0.001 (MW) /      0.004 (MB)
	Size of irrep 5 of <Ab|Cd> integrals:      0.003 (MW) /      0.021 (MB)
	Size of irrep 6 of <Ab|Cd> integrals:      0.003 (MW) /      0.024 (MB)
	Size of irrep 7 of <Ab|Cd> integrals:      0.003 (MW) /      0.024 (MB)
	Total:                                     0.019 (MW) /      0.156 (MB)

	Size of irrep 0 of <IA|BC> integrals:      0.001 (MW) /      0.007 (MB)
	Size of irrep 1 of <IA|BC> integrals:      0.000 (MW) /      0.001 (MB)
	Size of irrep 2 of <IA|BC> integrals:      0.000 (MW) /      0.002 (MB)
	Size of irrep 3 of <IA|BC> integrals:      0.000 (MW) /      0.002 (MB)
	Size of irrep 4 of <IA|BC> integrals:      0.000 (MW) /      0.000 (MB)
	Size of irrep 5 of <IA|BC> integrals:      0.001 (MW) /      0.004 (MB)
	Size of irrep 6 of <IA|BC> integrals:      0.000 (MW) /      0.004 (MB)
	Size of irrep 7 of <IA|BC> integrals:      0.000 (MW) /      0.004 (MB)
	Total:                                     0.003 (MW) /      0.023 (MB)

	Size of irrep 0 of <ia|bc> integrals:      0.001 (MW) /      0.006 (MB)
	Size of irrep 1 of <ia|bc> integrals:      0.000 (MW) /      0.001 (MB)
	Size of irrep 2 of <ia|bc> integrals:      0.000 (MW) /      0.001 (MB)
	Size of irrep 3 of <ia|bc> integrals:      0.000 (MW) /      0.001 (MB)
	Size of irrep 4 of <ia|bc> integrals:      0.000 (MW) /      0.000 (MB)
	Size of irrep 5 of <ia|bc> integrals:      0.000 (MW) /      0.004 (MB)
	Size of irrep 6 of <ia|bc> integrals:      0.000 (MW) /      0.004 (MB)
	Size of irrep 7 of <ia|bc> integrals:      0.000 (MW) /      0.004 (MB)
	Total:                                     0.002 (MW) /      0.019 (MB)

	Size of irrep 0 of <Ia|Bc> integrals:      0.001 (MW) /      0.008 (MB)
	Size of irrep 1 of <Ia|Bc> integrals:      0.000 (MW) /      0.001 (MB)
	Size of irrep 2 of <Ia|Bc> integrals:      0.000 (MW) /      0.002 (MB)
	Size of irrep 3 of <Ia|Bc> integrals:      0.000 (MW) /      0.002 (MB)
	Size of irrep 4 of <Ia|Bc> integrals:      0.000 (MW) /      0.000 (MB)
	Size of irrep 5 of <Ia|Bc> integrals:      0.001 (MW) /      0.005 (MB)
	Size of irrep 6 of <Ia|Bc> integrals:      0.000 (MW) /      0.004 (MB)
	Size of irrep 7 of <Ia|Bc> integrals:      0.000 (MW) /      0.004 (MB)
	Total:                                     0.003 (MW) /      0.026 (MB)

	Size of irrep 0 of <iA|bC> integrals:      0.001 (MW) /      0.006 (MB)
	Size of irrep 1 of <iA|bC> integrals:      0.000 (MW) /      0.001 (MB)
	Size of irrep 2 of <iA|bC> integrals:      0.000 (MW) /      0.001 (MB)
	Size of irrep 3 of <iA|bC> integrals:      0.000 (MW) /      0.001 (MB)
	Size of irrep 4 of <iA|bC> integrals:      0.000 (MW) /      0.000 (MB)
	Size of irrep 5 of <iA|bC> integrals:      0.000 (MW) /      0.002 (MB)
	Size of irrep 6 of <iA|bC> integrals:      0.000 (MW) /      0.004 (MB)
	Size of irrep 7 of <iA|bC> integrals:      0.000 (MW) /      0.004 (MB)
	Total:                                     0.002 (MW) /      0.017 (MB)

	Size of irrep 0 of tIjAb amplitudes:       0.000 (MW) /      0.002 (MB)
	Size of irrep 1 of tIjAb amplitudes:       0.000 (MW) /      0.000 (MB)
	Size of irrep 2 of tIjAb amplitudes:       0.000 (MW) /      0.000 (MB)
	Size of irrep 3 of tIjAb amplitudes:       0.000 (MW) /      0.000 (MB)
	Size of irrep 4 of tIjAb amplitudes:       0.000 (MW) /      0.000 (MB)
	Size of irrep 5 of tIjAb amplitudes:       0.000 (MW) /      0.001 (MB)
	Size of irrep 6 of tIjAb amplitudes:       0.000 (MW) /      0.000 (MB)
	Size of irrep 7 of tIjAb amplitudes:       0.000 (MW) /      0.000 (MB)
	Total:                                     0.000 (MW) /      0.003 (MB)

	Nuclear Rep. energy          =      0.00000000000000
	SCF energy                   =    -24.53034878243439
	One-electron energy          =    -32.36827120774027
	Two-electron (AA) energy     =      1.55216570443543
	Two-electron (BB) energy     =      0.60220966897027
	Two-electron (AB) energy     =      5.68354705190017
	Two-electron energy          =      7.83792242530587
	Reference energy             =    -24.53034878243440

*** tstop() called on CHEM4VYDH4JALT at Mon Aug  3 16:19:37 2026
Module time:
	user time   =       0.01 seconds =       0.00 minutes
	system time =       0.03 seconds =       0.00 minutes
	total time  =          0 seconds =       0.00 minutes
Total time:
	user time   =       2.27 seconds =       0.04 minutes
	system time =       0.84 seconds =       0.01 minutes
	total time  =        137 seconds =       2.28 minutes
            **************************
            *                        *
            *        CCENERGY        *
            *                        *
            **************************

    Nuclear Rep. energy (wfn)     =    0.000000000000000
    SCF energy          (wfn)     =  -24.530348782434395
    Reference energy    (file100) =  -24.530348782434398

    Input parameters:
    -----------------
    Wave function   =     CCSD
    Reference wfn   =     UHF
    Brueckner       =     No
    Memory (Mbytes) =     500.0
    Maxiter         =     50
    R_Convergence   =     1.0e-07
    E_Convergence   =     1.0e-06
    Restart         =     Yes
    DIIS            =     Yes
    AO Basis        =     NONE
    ABCD            =     NEW
    Cache Level     =     2
    Cache Type      =     LRU
    Print Level     =     1
    Num. of threads =     1
    # Amps to Print =     10
    Print MP2 Amps? =     No
    Analyze T2 Amps =     No
    Print Pair Ener =     No
    Local CC        =     No
    SCS-MP2         =     False
    SCSN-MP2        =     False
    SCS-CCSD        =     False

    Using old T1 amplitudes.
    Using old T2 amplitudes.
MP2 correlation energy -0.0559580404774250
                Solving CC Amplitude Equations
                ------------------------------
  Iter             Energy              RMS        T1Diag      D1Diag    New D1Diag    D2Diag
  ----     ---------------------    ---------   ----------  ----------  ----------   --------
     0        -0.078203636111250    0.000e+00    0.013508    0.000000    0.000000    0.000000
     1        -0.078203636065546    1.180e-09    0.013508    0.000000    0.000000    0.000000
     2        -0.078203636040092    6.277e-10    0.013508    0.000000    0.000000    0.000000

    Iterations converged.


    Largest TIA Amplitudes:
              1   2         0.0182988768
              1   1         0.0064014523
              1   0         0.0054354333
              2   8        -0.0042161714
              2   9         0.0020874535
              0   1        -0.0008333196
              0   0        -0.0002286460
              0   2        -0.0001417378
              2  10         0.0001341076
              1   4         0.0001174399

    Largest Tia Amplitudes:
              1   0         0.0163706415
              1   1         0.0144914544
              1   3        -0.0023024540
              0   1        -0.0008161861
              0   0        -0.0002446395
              1   4         0.0001524433
              0   4        -0.0000749542
              0   3        -0.0000311980

    Largest TIJAB Amplitudes:
      2   1   9   1        -0.0230816055
      2   1   8   1        -0.0141477503
      2   1   9   0        -0.0136936785
      2   1  15   6        -0.0124123674
      2   1  11   7        -0.0124123674
      2   1  12   7        -0.0120205730
      2   1  16   6        -0.0120205730
      2   1   8   0        -0.0100439306
      2   1  10   1        -0.0099189700
      2   1  13   7        -0.0079203068

    Largest Tijab Amplitudes:
      1   0  11   9        -0.0019950616
      1   0  11  10        -0.0019841439
      1   0  15  14        -0.0018799008
      1   0  19  18        -0.0018799008
      1   0  15  13        -0.0016040434
      1   0  19  17        -0.0016040434
      1   0  15  12        -0.0012624627
      1   0  19  16        -0.0012624627
      1   0  11   8        -0.0011037474
      1   0   4   1        -0.0005388714

    Largest TIjAb Amplitudes:
      1   1  15  16        -0.0734703974
      1   1  11  12        -0.0734703973
      1   1  15  17        -0.0734584075
      1   1  11  13        -0.0734584075
      1   1  16  17        -0.0638587705
      1   1  12  13        -0.0638587705
      1   1  16  16        -0.0632935702
      1   1  12  12        -0.0632935702
      2   1   2   9         0.0463135739
      2   1   9   1        -0.0383200076

    SCF energy       (wfn)                    =  -24.530348782434395
    Reference energy (file100)                =  -24.530348782434398

    Opposite-spin MP2 correlation energy      =   -0.052346148665349
    Same-spin MP2 correlation energy          =   -0.003611891812076
    Singles MP2 correlation energy            =   -0.000000000000000
    MP2 correlation energy                    =   -0.055958040477425
      * MP2 total energy                      =  -24.586306822911823

    Opposite-spin CCSD correlation energy     =   -0.074199336612264
    Same-spin CCSD correlation energy         =   -0.004004299427828
    Singles CCSD correlation energy           =   -0.000000000000000
    CCSD correlation energy                   =   -0.078203636040092
      * CCSD total energy                     =  -24.608552418474492


Scratch directory: /tmp/
   => Libint2 <=

    Primary   basis highest AM E, G, H:  7, 6, 3
    Auxiliary basis highest AM E, G, H:  7, 7, 4
    Onebody   basis highest AM E, G, H:  -, -, -
    Solid Harmonics ordering:            Gaussian

*** tstart() called on CHEM4VYDH4JALT
*** at Mon Aug  3 16:19:37 2026

   => Loading Basis Set <=

    Name: 6-311+G**
    Role: ORBITAL
    Keyword: BASIS
    atoms 1 entry B          line   108 file /Users/jfoley19/miniforge3/envs/p4dev/share/psi4/basis/6-311pgss.gbs 


         ---------------------------------------------------------
                                   SCF
               by Justin Turney, Rob Parrish, Andy Simmonett
                          and Daniel G. A. Smith
                              UHF Reference
                        1 Threads,    476 MiB Core
         ---------------------------------------------------------

  ==> Geometry <==

    Molecular point group: d2h
    Geometry (in Angstrom), charge = 0, multiplicity = 2:

       Center              X                  Y                   Z               Mass       
    ------------   -----------------  -----------------  -----------------  -----------------
         B            0.000000000000     0.000000000000     0.000000000000    11.009305360000

  Running in d2h symmetry.

  Rotational constants: A = ************  B = ************  C = ************ [cm^-1]
  Rotational constants: A = ************  B = ************  C = ************ [MHz]
  Nuclear repulsion =    0.000000000000000

  Charge       = 0
  Multiplicity = 2
  Electrons    = 5
  Nalpha       = 3
  Nbeta        = 2

  ==> Algorithm <==

  SCF Algorithm Type is PK.
  DIIS enabled.
  MOM disabled.
  Fractional occupation disabled.
  Guess Type is CORE.
  Energy threshold   = 1.00e-08
  Density threshold  = 1.00e-08
  Integral threshold = 1.00e-12

  ==> Primary Basis <==

  Basis Set: 6-311+G**
    Blend: 6-311+G**
    Number of shells: 10
    Number of basis functions: 22
    Number of Cartesian functions: 23
    Spherical Harmonics?: true
    Max angular momentum: 2

  ==> Integral Setup <==

  Using in-core PK algorithm.
   Calculation information:
      Number of atoms:                   1
      Number of AO shells:              10
      Number of primitives:             19
      Number of atomic orbitals:        23
      Number of basis functions:        22

      Integral cutoff                 1.00e-12
      Number of threads:                 1

  Performing in-core PK
  Using 64262 doubles for integral storage.
  We computed 1540 shell quartets total.
  Whereas there are 1540 unique shell quartets.

  ==> DiskJK: Disk-Based J/K Matrices <==

    J tasked:                  Yes
    K tasked:                  Yes
    wK tasked:                  No
    Memory [MiB]:              357
    Schwarz Cutoff:          1E-12

    OpenMP threads:              1

  Minimum eigenvalue in the overlap matrix is 6.7945151576E-02.
  Reciprocal condition number of the overlap matrix is 2.5371712151E-02.
    Using symmetric orthogonalization.

  ==> Pre-Iterations <==

  SCF Guess: Core (One-Electron) Hamiltonian.

   -------------------------------------------------------
    Irrep   Nso     Nmo     Nalpha   Nbeta   Ndocc  Nsocc
   -------------------------------------------------------
     Ag         7       7       1       1       1       0
     B1g        1       1       0       0       0       0
     B2g        1       1       0       0       0       0
     B3g        1       1       0       0       0       0
     Au         0       0       0       0       0       0
     B1u        4       4       1       0       0       1
     B2u        4       4       1       1       1       0
     B3u        4       4       0       0       0       0
   -------------------------------------------------------
    Total      22      22       3       2       2       1
   -------------------------------------------------------

  ==> Iterations <==

                        Total Energy        Delta E     RMS |[F,P]|

    Occupation by irrep:
             Ag   B1g   B2g   B3g    Au   B1u   B2u   B3u 
    DOCC [     2,    0,    0,    0,    0,    0,    0,    0 ]
    SOCC [     0,    0,    0,    0,    0,    1,    0,    0 ]
    NA   [     2,    0,    0,    0,    0,    1,    0,    0 ]
    NB   [     2,    0,    0,    0,    0,    0,    0,    0 ]

   @UHF iter   1:   -21.90771212465794   -2.19077e+01   2.25455e-01 ADIIS
   @UHF iter   2:   -23.41365394431186   -1.50594e+00   5.99213e-02 DIIS/ADIIS
   @UHF iter   3:   -24.49000388216323   -1.07635e+00   2.09474e-02 DIIS/ADIIS
   @UHF iter   4:   -24.52756181678393   -3.75579e-02   4.94336e-03 DIIS/ADIIS
   @UHF iter   5:   -24.53028027124554   -2.71845e-03   6.96392e-04 DIIS/ADIIS
   @UHF iter   6:   -24.53034306478646   -6.27935e-05   1.64743e-04 DIIS/ADIIS
   @UHF iter   7:   -24.53034816353384   -5.09875e-06   4.51400e-05 DIIS
   @UHF iter   8:   -24.53034876185456   -5.98321e-07   8.63540e-06 DIIS
   @UHF iter   9:   -24.53034878207520   -2.02206e-08   1.24391e-06 DIIS
   @UHF iter  10:   -24.53034878242400   -3.48795e-10   2.06462e-07 DIIS
   @UHF iter  11:   -24.53034878243423   -1.02389e-11   3.22708e-08 DIIS
   @UHF iter  12:   -24.53034878243439   -1.59872e-13   3.40453e-09 DIIS
  Energy and wave function converged.


  ==> Post-Iterations <==

   @Spin Contamination Metric:   7.022012344E-03
   @S^2 Expected:                7.500000000E-01
   @S^2 Observed:                7.570220123E-01
   @S   Expected:                5.000000000E-01
   @S   Observed:                5.000000000E-01

    Orbital Energies [Eh]
    ---------------------

    Alpha Occupied:                                                       

       1Ag    -7.700118     2Ag    -0.544716     1B1u   -0.317054  

    Alpha Virtual:                                                        

       1B3u    0.029121     1B2u    0.029121     3Ag     0.074645  
       2B1u    0.091779     2B3u    0.125932     2B2u    0.125932  
       3B1u    0.492247     3B2u    0.537433     3B3u    0.537433  
       4Ag     0.572979     5Ag     1.003839     1B3g    1.010116  
       1B2g    1.010116     1B1g    1.034980     6Ag     1.034980  
       4B1u    2.057771     4B2u    2.075611     4B3u    2.075611  
       7Ag    14.678581  

    Beta Occupied:                                                        

       1Ag    -7.684596     2Ag    -0.445942  

    Beta Virtual:                                                         

       1B2u    0.036654     1B3u    0.036654     1B1u    0.057837  
       3Ag     0.080488     2B2u    0.134462     2B3u    0.134462  
       2B1u    0.168350     3B2u    0.548047     3B3u    0.548047  
       3B1u    0.587641     4Ag     0.599887     5Ag     1.040744  
       1B1g    1.040744     1B3g    1.081806     1B2g    1.081806  
       6Ag     1.097072     4B2u    2.084771     4B3u    2.084771  
       4B1u    2.128211     7Ag    14.691066  

    Final Occupation by Irrep:
             Ag   B1g   B2g   B3g    Au   B1u   B2u   B3u 
    DOCC [     2,    0,    0,    0,    0,    0,    0,    0 ]
    SOCC [     0,    0,    0,    0,    0,    1,    0,    0 ]
    NA   [     2,    0,    0,    0,    0,    1,    0,    0 ]
    NB   [     2,    0,    0,    0,    0,    0,    0,    0 ]

  @UHF Final Energy:   -24.53034878243439

   => Energetics <=

    Nuclear Repulsion Energy =              0.0000000000000000
    One-Electron Energy =                 -32.3682713224272192
    Two-Electron Energy =                   7.8379225399928263
    Total Energy =                        -24.5303487824343946

  UHF NO Occupations:
  HONO-2 :    1 Ag 1.9999997
  HONO-1 :    2 Ag 1.9964831
  HONO-0 :    1B1u 1.0000000
  LUNO+0 :    3 Ag 0.0035169
  LUNO+1 :    4 Ag 0.0000003
  LUNO+2 :    5 Ag 0.0000000
  LUNO+3 :    2B1u 0.0000000


Computation Completed


Properties will be evaluated at   0.000000,   0.000000,   0.000000 [a0]

Properties computed using the SCF density matrix


 Multipole Moments:

 ------------------------------------------------------------------------------------
     Multipole            Electronic (a.u.)      Nuclear  (a.u.)        Total (a.u.)
 ------------------------------------------------------------------------------------

 L = 1.  Multiply by 2.5417464519 to convert [e a0] to [Debye]
 Dipole X            :          0.0000000            0.0000000            0.0000000
 Dipole Y            :          0.0000000            0.0000000            0.0000000
 Dipole Z            :          0.0000000            0.0000000            0.0000000
 Magnitude           :                                                    0.0000000

 ------------------------------------------------------------------------------------

*** tstop() called on CHEM4VYDH4JALT at Mon Aug  3 16:19:37 2026
Module time:
	user time   =       0.04 seconds =       0.00 minutes
	system time =       0.01 seconds =       0.00 minutes
	total time  =          0 seconds =       0.00 minutes
Total time:
	user time   =       2.33 seconds =       0.04 minutes
	system time =       0.89 seconds =       0.01 minutes
	total time  =        137 seconds =       2.28 minutes
 MINTS: Wrapper to libmints.
   by Justin Turney

   Calculation information:
      Number of threads:                 1
      Number of atoms:                   1
      Number of AO shells:              10
      Number of SO shells:              10
      Number of primitives:             19
      Number of atomic orbitals:        23
      Number of basis functions:        22

      Number of irreps:                  8
      Integral cutoff                 1.00e-12
      Number of functions per irrep: [   7    1    1    1    0    4    4    4 ]

 OEINTS: Overlap, kinetic, potential, dipole, and quadrupole integrals
         stored in file 35.

      Computing two-electron integrals...done
      Computed 4475 non-zero two-electron integrals.
        Stored in file 33.


*** tstart() called on CHEM4VYDH4JALT
*** at Mon Aug  3 16:19:37 2026


	Wfn Parameters:
	--------------------
	Wavefunction         = CCSD_T
	Number of irreps     = 8
	Number of MOs        = 22
	Number of active MOs = 22
	AO-Basis             = NONE
	Semicanonical        = false
	Reference            = UHF
	Print Level          = 1

	IRREP	# MOs	# FZDC	# DOCC	# SOCC	# VIRT	# FZVR
	-----	-----	------	------	------	------	------
	 Ag	   7	    0	    2	    0	    5	    0
	 B1g	   1	    0	    0	    0	    1	    0
	 B2g	   1	    0	    0	    0	    1	    0
	 B3g	   1	    0	    0	    0	    1	    0
	 Au	   0	    0	    0	    0	    0	    0
	 B1u	   4	    0	    0	    1	    3	    0
	 B2u	   4	    0	    0	    0	    4	    0
	 B3u	   4	    0	    0	    0	    4	    0
	Transforming integrals...
	IWL integrals will be deleted.
	(OO|OO)...
	Presorting SO-basis two-electron integrals.
	Sorting File: SO Ints (nn|nn) nbuckets = 1
	Constructing frozen core operators
	Starting AA/AB first half-transformation.
	Sorting AA/AB half-transformed integrals.
	Starting BB first half-transformation.
	Sorting BB half-transformed integrals.
	First half integral transformation complete.
	Starting AA second half-transformation.
	Starting AB second half-transformation.
	Starting BB second half-transformation.
	Two-electron integral transformation complete.
	(OO|OV)...
	Starting AA second half-transformation.
	Starting AB second half-transformation.
	Starting BB second half-transformation.
	Two-electron integral transformation complete.
	(OO|VV)...
	Starting AA second half-transformation.
	Starting AB second half-transformation.
	Starting BB second half-transformation.
	Two-electron integral transformation complete.
	(OV|OO)...
	Starting AA/AB first half-transformation.
	Sorting AA/AB half-transformed integrals.
	Starting BB first half-transformation.
	Sorting BB half-transformed integrals.
	First half integral transformation complete.
	Starting AA second half-transformation.
	Starting AB second half-transformation.
	Starting BB second half-transformation.
	Two-electron integral transformation complete.
	(OV|OV)...
	Starting AA second half-transformation.
	Starting AB second half-transformation.
	Starting BB second half-transformation.
	Two-electron integral transformation complete.
	(OV|VV)...
	Starting AA second half-transformation.
	Starting AB second half-transformation.
	Starting BB second half-transformation.
	Two-electron integral transformation complete.
	(VV|OO)...
	Starting AA/AB first half-transformation.
	Sorting AA/AB half-transformed integrals.
	Starting BB first half-transformation.
	Sorting BB half-transformed integrals.
	First half integral transformation complete.
	Starting AA second half-transformation.
	Starting AB second half-transformation.
	Starting BB second half-transformation.
	Two-electron integral transformation complete.
	(VV|OV)...
	Starting AA second half-transformation.
	Starting AB second half-transformation.
	Starting BB second half-transformation.
	Two-electron integral transformation complete.
	(VV|VV)...
	Starting AA second half-transformation.
	Starting AB second half-transformation.
	Starting BB second half-transformation.
	Two-electron integral transformation complete.
	Frozen core energy     =      0.00000000000000

	Size of irrep 0 of <AB|CD> integrals:      0.001 (MW) /      0.005 (MB)
	Size of irrep 1 of <AB|CD> integrals:      0.000 (MW) /      0.004 (MB)
	Size of irrep 2 of <AB|CD> integrals:      0.000 (MW) /      0.003 (MB)
	Size of irrep 3 of <AB|CD> integrals:      0.000 (MW) /      0.003 (MB)
	Size of irrep 4 of <AB|CD> integrals:      0.000 (MW) /      0.001 (MB)
	Size of irrep 5 of <AB|CD> integrals:      0.001 (MW) /      0.004 (MB)
	Size of irrep 6 of <AB|CD> integrals:      0.001 (MW) /      0.006 (MB)
	Size of irrep 7 of <AB|CD> integrals:      0.001 (MW) /      0.006 (MB)
	Total:                                     0.004 (MW) /      0.031 (MB)

	Size of irrep 0 of <ab|cd> integrals:      0.001 (MW) /      0.006 (MB)
	Size of irrep 1 of <ab|cd> integrals:      0.000 (MW) /      0.004 (MB)
	Size of irrep 2 of <ab|cd> integrals:      0.000 (MW) /      0.004 (MB)
	Size of irrep 3 of <ab|cd> integrals:      0.000 (MW) /      0.004 (MB)
	Size of irrep 4 of <ab|cd> integrals:      0.000 (MW) /      0.001 (MB)
	Size of irrep 5 of <ab|cd> integrals:      0.001 (MW) /      0.006 (MB)
	Size of irrep 6 of <ab|cd> integrals:      0.001 (MW) /      0.006 (MB)
	Size of irrep 7 of <ab|cd> integrals:      0.001 (MW) /      0.006 (MB)
	Total:                                     0.005 (MW) /      0.038 (MB)

	Size of irrep 0 of <Ab|Cd> integrals:      0.005 (MW) /      0.041 (MB)
	Size of irrep 1 of <Ab|Cd> integrals:      0.002 (MW) /      0.015 (MB)
	Size of irrep 2 of <Ab|Cd> integrals:      0.002 (MW) /      0.013 (MB)
	Size of irrep 3 of <Ab|Cd> integrals:      0.002 (MW) /      0.013 (MB)
	Size of irrep 4 of <Ab|Cd> integrals:      0.001 (MW) /      0.004 (MB)
	Size of irrep 5 of <Ab|Cd> integrals:      0.003 (MW) /      0.021 (MB)
	Size of irrep 6 of <Ab|Cd> integrals:      0.003 (MW) /      0.024 (MB)
	Size of irrep 7 of <Ab|Cd> integrals:      0.003 (MW) /      0.024 (MB)
	Total:                                     0.019 (MW) /      0.156 (MB)

	Size of irrep 0 of <IA|BC> integrals:      0.001 (MW) /      0.007 (MB)
	Size of irrep 1 of <IA|BC> integrals:      0.000 (MW) /      0.001 (MB)
	Size of irrep 2 of <IA|BC> integrals:      0.000 (MW) /      0.002 (MB)
	Size of irrep 3 of <IA|BC> integrals:      0.000 (MW) /      0.002 (MB)
	Size of irrep 4 of <IA|BC> integrals:      0.000 (MW) /      0.000 (MB)
	Size of irrep 5 of <IA|BC> integrals:      0.001 (MW) /      0.004 (MB)
	Size of irrep 6 of <IA|BC> integrals:      0.000 (MW) /      0.004 (MB)
	Size of irrep 7 of <IA|BC> integrals:      0.000 (MW) /      0.004 (MB)
	Total:                                     0.003 (MW) /      0.023 (MB)

	Size of irrep 0 of <ia|bc> integrals:      0.001 (MW) /      0.006 (MB)
	Size of irrep 1 of <ia|bc> integrals:      0.000 (MW) /      0.001 (MB)
	Size of irrep 2 of <ia|bc> integrals:      0.000 (MW) /      0.001 (MB)
	Size of irrep 3 of <ia|bc> integrals:      0.000 (MW) /      0.001 (MB)
	Size of irrep 4 of <ia|bc> integrals:      0.000 (MW) /      0.000 (MB)
	Size of irrep 5 of <ia|bc> integrals:      0.000 (MW) /      0.004 (MB)
	Size of irrep 6 of <ia|bc> integrals:      0.000 (MW) /      0.004 (MB)
	Size of irrep 7 of <ia|bc> integrals:      0.000 (MW) /      0.004 (MB)
	Total:                                     0.002 (MW) /      0.019 (MB)

	Size of irrep 0 of <Ia|Bc> integrals:      0.001 (MW) /      0.008 (MB)
	Size of irrep 1 of <Ia|Bc> integrals:      0.000 (MW) /      0.001 (MB)
	Size of irrep 2 of <Ia|Bc> integrals:      0.000 (MW) /      0.002 (MB)
	Size of irrep 3 of <Ia|Bc> integrals:      0.000 (MW) /      0.002 (MB)
	Size of irrep 4 of <Ia|Bc> integrals:      0.000 (MW) /      0.000 (MB)
	Size of irrep 5 of <Ia|Bc> integrals:      0.001 (MW) /      0.005 (MB)
	Size of irrep 6 of <Ia|Bc> integrals:      0.000 (MW) /      0.004 (MB)
	Size of irrep 7 of <Ia|Bc> integrals:      0.000 (MW) /      0.004 (MB)
	Total:                                     0.003 (MW) /      0.026 (MB)

	Size of irrep 0 of <iA|bC> integrals:      0.001 (MW) /      0.006 (MB)
	Size of irrep 1 of <iA|bC> integrals:      0.000 (MW) /      0.001 (MB)
	Size of irrep 2 of <iA|bC> integrals:      0.000 (MW) /      0.001 (MB)
	Size of irrep 3 of <iA|bC> integrals:      0.000 (MW) /      0.001 (MB)
	Size of irrep 4 of <iA|bC> integrals:      0.000 (MW) /      0.000 (MB)
	Size of irrep 5 of <iA|bC> integrals:      0.000 (MW) /      0.002 (MB)
	Size of irrep 6 of <iA|bC> integrals:      0.000 (MW) /      0.004 (MB)
	Size of irrep 7 of <iA|bC> integrals:      0.000 (MW) /      0.004 (MB)
	Total:                                     0.002 (MW) /      0.017 (MB)

	Size of irrep 0 of tIjAb amplitudes:       0.000 (MW) /      0.002 (MB)
	Size of irrep 1 of tIjAb amplitudes:       0.000 (MW) /      0.000 (MB)
	Size of irrep 2 of tIjAb amplitudes:       0.000 (MW) /      0.000 (MB)
	Size of irrep 3 of tIjAb amplitudes:       0.000 (MW) /      0.000 (MB)
	Size of irrep 4 of tIjAb amplitudes:       0.000 (MW) /      0.000 (MB)
	Size of irrep 5 of tIjAb amplitudes:       0.000 (MW) /      0.001 (MB)
	Size of irrep 6 of tIjAb amplitudes:       0.000 (MW) /      0.000 (MB)
	Size of irrep 7 of tIjAb amplitudes:       0.000 (MW) /      0.000 (MB)
	Total:                                     0.000 (MW) /      0.003 (MB)

	Nuclear Rep. energy          =      0.00000000000000
	SCF energy                   =    -24.53034878243439
	One-electron energy          =    -32.36827120774027
	Two-electron (AA) energy     =      1.55216570443543
	Two-electron (BB) energy     =      0.60220966897027
	Two-electron (AB) energy     =      5.68354705190017
	Two-electron energy          =      7.83792242530587
	Reference energy             =    -24.53034878243440

*** tstop() called on CHEM4VYDH4JALT at Mon Aug  3 16:19:37 2026
Module time:
	user time   =       0.01 seconds =       0.00 minutes
	system time =       0.03 seconds =       0.00 minutes
	total time  =          0 seconds =       0.00 minutes
Total time:
	user time   =       2.34 seconds =       0.04 minutes
	system time =       0.93 seconds =       0.02 minutes
	total time  =        137 seconds =       2.28 minutes
            **************************
            *                        *
            *        CCENERGY        *
            *                        *
            **************************

    Nuclear Rep. energy (wfn)     =    0.000000000000000
    SCF energy          (wfn)     =  -24.530348782434395
    Reference energy    (file100) =  -24.530348782434398

    Input parameters:
    -----------------
    Wave function   =     CCSD_T
    Reference wfn   =     UHF
    Brueckner       =     No
    Memory (Mbytes) =     500.0
    Maxiter         =     50
    R_Convergence   =     1.0e-07
    E_Convergence   =     1.0e-06
    Restart         =     Yes
    DIIS            =     Yes
    AO Basis        =     NONE
    ABCD            =     NEW
    Cache Level     =     2
    Cache Type      =     LRU
    Print Level     =     1
    Num. of threads =     1
    # Amps to Print =     10
    Print MP2 Amps? =     No
    Analyze T2 Amps =     No
    Print Pair Ener =     No
    Local CC        =     No
    SCS-MP2         =     False
    SCSN-MP2        =     False
    SCS-CCSD        =     False

    Using old T1 amplitudes.
    Using old T2 amplitudes.
MP2 correlation energy -0.0559580404774250
                Solving CC Amplitude Equations
                ------------------------------
  Iter             Energy              RMS        T1Diag      D1Diag    New D1Diag    D2Diag
  ----     ---------------------    ---------   ----------  ----------  ----------   --------
     0        -0.078203636040092    0.000e+00    0.013508    0.000000    0.000000    0.000000
     1        -0.078203636025865    3.420e-10    0.013508    0.000000    0.000000    0.000000
     2        -0.078203636017898    1.902e-10    0.013508    0.000000    0.000000    0.000000

    Iterations converged.


    Largest TIA Amplitudes:
              1   2         0.0182988768
              1   1         0.0064014522
              1   0         0.0054354334
              2   8        -0.0042161713
              2   9         0.0020874536
              0   1        -0.0008333196
              0   0        -0.0002286460
              0   2        -0.0001417378
              2  10         0.0001341076
              1   4         0.0001174399

    Largest Tia Amplitudes:
              1   0         0.0163706415
              1   1         0.0144914544
              1   3        -0.0023024539
              0   1        -0.0008161861
              0   0        -0.0002446395
              1   4         0.0001524433
              0   4        -0.0000749542
              0   3        -0.0000311980

    Largest TIJAB Amplitudes:
      2   1   9   1        -0.0230816055
      2   1   8   1        -0.0141477503
      2   1   9   0        -0.0136936785
      2   1  15   6        -0.0124123675
      2   1  11   7        -0.0124123675
      2   1  12   7        -0.0120205730
      2   1  16   6        -0.0120205730
      2   1   8   0        -0.0100439305
      2   1  10   1        -0.0099189700
      2   1  13   7        -0.0079203068

    Largest Tijab Amplitudes:
      1   0  11   9        -0.0019950616
      1   0  11  10        -0.0019841439
      1   0  15  14        -0.0018799008
      1   0  19  18        -0.0018799008
      1   0  15  13        -0.0016040434
      1   0  19  17        -0.0016040434
      1   0  15  12        -0.0012624627
      1   0  19  16        -0.0012624627
      1   0  11   8        -0.0011037474
      1   0   4   1        -0.0005388714

    Largest TIjAb Amplitudes:
      1   1  15  16        -0.0734703973
      1   1  11  12        -0.0734703972
      1   1  15  17        -0.0734584074
      1   1  11  13        -0.0734584073
      1   1  16  17        -0.0638587705
      1   1  12  13        -0.0638587705
      1   1  16  16        -0.0632935702
      1   1  12  12        -0.0632935702
      2   1   2   9         0.0463135739
      2   1   9   1        -0.0383200076

    SCF energy       (wfn)                    =  -24.530348782434395
    Reference energy (file100)                =  -24.530348782434398

    Opposite-spin MP2 correlation energy      =   -0.052346148665349
    Same-spin MP2 correlation energy          =   -0.003611891812076
    Singles MP2 correlation energy            =   -0.000000000000000
    MP2 correlation energy                    =   -0.055958040477425
      * MP2 total energy                      =  -24.586306822911823

    Opposite-spin CCSD correlation energy     =   -0.074199336585662
    Same-spin CCSD correlation energy         =   -0.004004299432236
    Singles CCSD correlation energy           =   -0.000000000000000
    CCSD correlation energy                   =   -0.078203636017898
      * CCSD total energy                     =  -24.608552418452295

            **************************
            *                        *
            *        CCTRIPLES       *
            *                        *
            **************************


    Wave function   =    CCSD_T
    Reference wfn   =      UHF

    Nuclear Rep. energy (wfn)                =    0.000000000000000
    SCF energy          (wfn)                =  -24.530348782434395
    Reference energy    (file100)            =  -24.530348782434398
    CCSD energy         (file100)            =   -0.078203636017898
    Total CCSD energy   (file100)            =  -24.608552418452295

    Number of ijk index combinations:
    Spin Case AAA:                                   1
    Spin Case BBB:                                   0
    Spin Case AAB:                                   6
    Spin Case ABB:                                   3
    AAA (T) energy                             =   -0.000000704274852
    BBB (T) energy                             =    0.000000000000000
    AAB (T) energy                             =   -0.001027972586364
    ABB (T) energy                             =   -0.000088623860075
    (T) energy                                   =   -0.001117300721291
      * CCSD(T) total energy                     =  -24.609669719173588


Scratch directory: /tmp/
   => Libint2 <=

    Primary   basis highest AM E, G, H:  7, 6, 3
    Auxiliary basis highest AM E, G, H:  7, 7, 4
    Onebody   basis highest AM E, G, H:  -, -, -
    Solid Harmonics ordering:            Gaussian

*** tstart() called on CHEM4VYDH4JALT
*** at Mon Aug  3 16:20:27 2026

   => Loading Basis Set <=

    Name: 6-311+G**
    Role: ORBITAL
    Keyword: BASIS
    atoms 1 entry B          line   108 file /Users/jfoley19/miniforge3/envs/p4dev/share/psi4/basis/6-311pgss.gbs 


         ---------------------------------------------------------
                                   SCF
               by Justin Turney, Rob Parrish, Andy Simmonett
                          and Daniel G. A. Smith
                              UKS Reference
                        1 Threads,    476 MiB Core
         ---------------------------------------------------------

  ==> Geometry <==

    Molecular point group: d2h
    Geometry (in Angstrom), charge = 0, multiplicity = 2:

       Center              X                  Y                   Z               Mass       
    ------------   -----------------  -----------------  -----------------  -----------------
         B            0.000000000000     0.000000000000     0.000000000000    11.009305360000

  Running in d2h symmetry.

  Rotational constants: A = ************  B = ************  C = ************ [cm^-1]
  Rotational constants: A = ************  B = ************  C = ************ [MHz]
  Nuclear repulsion =    0.000000000000000

  Charge       = 0
  Multiplicity = 2
  Electrons    = 5
  Nalpha       = 3
  Nbeta        = 2

  ==> Algorithm <==

  SCF Algorithm Type is DF.
  DIIS enabled.
  MOM disabled.
  Fractional occupation disabled.
  Guess Type is CORE.
  Energy threshold   = 1.00e-06
  Density threshold  = 1.00e-06
  Integral threshold = 1.00e-12

  ==> Primary Basis <==

  Basis Set: 6-311+G**
    Blend: 6-311+G**
    Number of shells: 10
    Number of basis functions: 22
    Number of Cartesian functions: 23
    Spherical Harmonics?: true
    Max angular momentum: 2

  ==> DFT Potential <==

   => LibXC <=

    Version 7.0.0
    S. Lehtola, C. Steigemann, M. J.T. Oliveira, and M. A.L. Marques.,  SoftwareX 7, 1–5 (2018) (10.1016/j.softx.2017.11.002)

   => Composite Functional: B3LYP <= 

    B3LYP Hyb-GGA Exchange-Correlation Functional

    P. J. Stephens, F. J. Devlin, C. F. Chabalowski, and M. J. Frisch.,  J. Phys. Chem. 98, 11623 (1994) (10.1021/j100096a001)

    Deriv               =              1
    GGA                 =           TRUE
    Meta                =          FALSE

    Exchange Hybrid     =           TRUE
    MP2 Hybrid          =          FALSE

   => Exchange Functionals <=

    0.0800   Slater exchange
    0.7200         Becke 88

   => Exact (HF) Exchange <=

    0.2000               HF 

   => Correlation Functionals <=

    0.1900   Vosko, Wilk & Nusair (VWN5_RPA)
    0.8100   Lee, Yang & Parr

   => LibXC Density Thresholds  <==

    XC_HYB_GGA_XC_B3LYP:  1.00E-15 

   => Molecular Quadrature <=

    Radial Scheme          =       TREUTLER
    Pruning Scheme         =           NONE
    Nuclear Scheme         =       TREUTLER

    Blocking Scheme        =         OCTREE
    BS radius alpha        =              1
    Pruning alpha          =              1
    Radial Points          =             75
    Spherical Points       =            302
    Total Points           =          22348
    Total Blocks           =            236
    Max Points             =            252
    Max Functions          =             22
    Weights Tolerance      =       1.00E-15

   => Loading Basis Set <=

    Name: (6-311+G** AUX)
    Role: JKFIT
    Keyword: DF_BASIS_SCF
    atoms 1 entry B          line   138 file /Users/jfoley19/miniforge3/envs/p4dev/share/psi4/basis/heavy-aug-cc-pvtz-jkfit.gbs 

  ==> Integral Setup <==

  DFHelper Memory: AOs need 0.001 GiB; user supplied 0.335 GiB. 
  SCF_SUBTYPE=INCORE selected. In-core MEM_DF algorithm will be used.
  Using in-core AOs.

  ==> MemDFJK: Density-Fitted J/K Matrices <==

    J tasked:                   Yes
    K tasked:                   Yes
    wK tasked:                   No
    OpenMP threads:               1
    Memory [MiB]:               343
    Algorithm:                 Core
    Schwarz Cutoff:           1E-12
    Mask sparsity (%):       0.0000
    Fitting Condition:        1E-10

   => Auxiliary Basis Set <=

  Basis Set: (6-311+G** AUX)
    Blend: HEAVY-AUG-CC-PVTZ-JKFIT
    Number of shells: 30
    Number of basis functions: 104
    Number of Cartesian functions: 131
    Spherical Harmonics?: true
    Max angular momentum: 4

  Cached 100.0% of DFT collocation blocks in 0.014 [GiB].

  Minimum eigenvalue in the overlap matrix is 6.7945151576E-02.
  Reciprocal condition number of the overlap matrix is 2.5371712151E-02.
    Using symmetric orthogonalization.

  ==> Pre-Iterations <==

  SCF Guess: Core (One-Electron) Hamiltonian.

   -------------------------------------------------------
    Irrep   Nso     Nmo     Nalpha   Nbeta   Ndocc  Nsocc
   -------------------------------------------------------
     Ag         7       7       1       1       1       0
     B1g        1       1       0       0       0       0
     B2g        1       1       0       0       0       0
     B3g        1       1       0       0       0       0
     Au         0       0       0       0       0       0
     B1u        4       4       1       0       0       1
     B2u        4       4       1       1       1       0
     B3u        4       4       0       0       0       0
   -------------------------------------------------------
    Total      22      22       3       2       2       1
   -------------------------------------------------------

  ==> Iterations <==

                           Total Energy        Delta E     RMS |[F,P]|

    Occupation by irrep:
             Ag   B1g   B2g   B3g    Au   B1u   B2u   B3u 
    DOCC [     2,    0,    0,    0,    0,    0,    0,    0 ]
    SOCC [     0,    0,    0,    0,    0,    1,    0,    0 ]
    NA   [     2,    0,    0,    0,    0,    1,    0,    0 ]
    NB   [     2,    0,    0,    0,    0,    0,    0,    0 ]

   @DF-UKS iter   1:   -22.15723356211193   -2.21572e+01   2.23453e-01 ADIIS
   @DF-UKS iter   2:   -23.88102793024675   -1.72379e+00   7.21595e-02 DIIS/ADIIS
   @DF-UKS iter   3:   -24.56558840366732   -6.84560e-01   3.46886e-02 DIIS/ADIIS
   @DF-UKS iter   4:   -24.66214458245738   -9.65562e-02   2.88489e-03 DIIS/ADIIS
   @DF-UKS iter   5:   -24.66242252103653   -2.77939e-04   6.50166e-04 DIIS/ADIIS
   @DF-UKS iter   6:   -24.66246703003770   -4.45090e-05   3.33662e-05 DIIS
   @DF-UKS iter   7:   -24.66246718406791   -1.54030e-07   4.63867e-06 DIIS
   @DF-UKS iter   8:   -24.66246718704879   -2.98088e-09   4.00079e-07 DIIS
  Energy and wave function converged.


  ==> Post-Iterations <==

   Electrons on quadrature grid:
      Nalpha   =    3.0000000000 ; deviation = -4.705e-12
      Nbeta    =    2.0000000000 ; deviation = -4.702e-12
      Ntotal   =    5.0000000000 ; deviation = -9.407e-12 

   @Spin Contamination Metric:   2.634274016E-03
   @S^2 Expected:                7.500000000E-01
   @S^2 Observed:                7.526342740E-01
   @S   Expected:                5.000000000E-01
   @S   Observed:                5.000000000E-01

    Orbital Energies [Eh]
    ---------------------

    Alpha Occupied:                                                       

       1Ag    -6.854881     2Ag    -0.395868     1B1u   -0.189570  

    Alpha Virtual:                                                        

       1B3u   -0.098953     1B2u   -0.098953     3Ag     0.023017  
       2B1u    0.047927     2B2u    0.056883     2B3u    0.056883  
       3B1u    0.356098     3B2u    0.374087     3B3u    0.374087  
       4Ag     0.426342     1B3g    0.801022     1B2g    0.801022  
       5Ag     0.806360     6Ag     0.820134     1B1g    0.820134  
       4B1u    1.732239     4B2u    1.751240     4B3u    1.751240  
       7Ag    13.774651  

    Beta Occupied:                                                        

       1Ag    -6.845298     2Ag    -0.353225  

    Beta Virtual:                                                         

       1B2u   -0.089783     1B3u   -0.089783     1B1u   -0.056684  
       3Ag     0.026576     2B2u    0.057564     2B3u    0.057564  
       2B1u    0.064728     3B2u    0.378467     3B3u    0.378467  
       3B1u    0.402077     4Ag     0.444727     1B1g    0.822498  
       5Ag     0.822498     1B3g    0.854894     1B2g    0.854894  
       6Ag     0.865643     4B2u    1.755357     4B3u    1.755357  
       4B1u    1.788900     7Ag    13.784641  

    Final Occupation by Irrep:
             Ag   B1g   B2g   B3g    Au   B1u   B2u   B3u 
    DOCC [     2,    0,    0,    0,    0,    0,    0,    0 ]
    SOCC [     0,    0,    0,    0,    0,    1,    0,    0 ]
    NA   [     2,    0,    0,    0,    0,    1,    0,    0 ]
    NB   [     2,    0,    0,    0,    0,    0,    0,    0 ]

  @DF-UKS Final Energy:   -24.66246718704879

   => Energetics <=

    Nuclear Repulsion Energy =              0.0000000000000000
    One-Electron Energy =                 -32.4077911355543407
    Two-Electron Energy =                  10.8912312828415629
    DFT Exchange-Correlation Energy =      -3.1459073343360124
    Empirical Dispersion Energy =           0.0000000000000000
    VV10 Nonlocal Energy =                  0.0000000000000000
    Total Energy =                        -24.6624671870487902

  UHF NO Occupations:
  HONO-2 :    1 Ag 1.9999999
  HONO-1 :    2 Ag 1.9986821
  HONO-0 :    1B1u 1.0000000
  LUNO+0 :    3 Ag 0.0013179
  LUNO+1 :    4 Ag 0.0000001
  LUNO+2 :    5 Ag 0.0000000
  LUNO+3 :    2B1u 0.0000000


Computation Completed


Properties will be evaluated at   0.000000,   0.000000,   0.000000 [a0]

Properties computed using the SCF density matrix


 Multipole Moments:

 ------------------------------------------------------------------------------------
     Multipole            Electronic (a.u.)      Nuclear  (a.u.)        Total (a.u.)
 ------------------------------------------------------------------------------------

 L = 1.  Multiply by 2.5417464519 to convert [e a0] to [Debye]
 Dipole X            :          0.0000000            0.0000000            0.0000000
 Dipole Y            :          0.0000000            0.0000000            0.0000000
 Dipole Z            :          0.0000000            0.0000000            0.0000000
 Magnitude           :                                                    0.0000000

 ------------------------------------------------------------------------------------

*** tstop() called on CHEM4VYDH4JALT at Mon Aug  3 16:20:27 2026
Module time:
	user time   =       0.14 seconds =       0.00 minutes
	system time =       0.02 seconds =       0.00 minutes
	total time  =          0 seconds =       0.00 minutes
Total time:
	user time   =       2.52 seconds =       0.04 minutes
	system time =       0.99 seconds =       0.02 minutes
	total time  =        187 seconds =       3.12 minutes

Scratch directory: /tmp/
   => Libint2 <=

    Primary   basis highest AM E, G, H:  7, 6, 3
    Auxiliary basis highest AM E, G, H:  7, 7, 4
    Onebody   basis highest AM E, G, H:  -, -, -
    Solid Harmonics ordering:            Gaussian

*** tstart() called on CHEM4VYDH4JALT
*** at Mon Aug  3 16:20:27 2026

   => Loading Basis Set <=

    Name: 6-311+G**
    Role: ORBITAL
    Keyword: BASIS
    atoms 1 entry B          line   108 file /Users/jfoley19/miniforge3/envs/p4dev/share/psi4/basis/6-311pgss.gbs 


         ---------------------------------------------------------
                                   SCF
               by Justin Turney, Rob Parrish, Andy Simmonett
                          and Daniel G. A. Smith
                              UKS Reference
                        1 Threads,    476 MiB Core
         ---------------------------------------------------------

  ==> Geometry <==

    Molecular point group: d2h
    Geometry (in Angstrom), charge = -1, multiplicity = 3:

       Center              X                  Y                   Z               Mass       
    ------------   -----------------  -----------------  -----------------  -----------------
         B            0.000000000000     0.000000000000     0.000000000000    11.009305360000

  Running in d2h symmetry.

  Rotational constants: A = ************  B = ************  C = ************ [cm^-1]
  Rotational constants: A = ************  B = ************  C = ************ [MHz]
  Nuclear repulsion =    0.000000000000000

  Charge       = -1
  Multiplicity = 3
  Electrons    = 6
  Nalpha       = 4
  Nbeta        = 2

  ==> Algorithm <==

  SCF Algorithm Type is DF.
  DIIS enabled.
  MOM disabled.
  Fractional occupation disabled.
  Guess Type is CORE.
  Energy threshold   = 1.00e-06
  Density threshold  = 1.00e-06
  Integral threshold = 1.00e-12

  ==> Primary Basis <==

  Basis Set: 6-311+G**
    Blend: 6-311+G**
    Number of shells: 10
    Number of basis functions: 22
    Number of Cartesian functions: 23
    Spherical Harmonics?: true
    Max angular momentum: 2

  ==> DFT Potential <==

   => LibXC <=

    Version 7.0.0
    S. Lehtola, C. Steigemann, M. J.T. Oliveira, and M. A.L. Marques.,  SoftwareX 7, 1–5 (2018) (10.1016/j.softx.2017.11.002)

   => Composite Functional: B3LYP <= 

    B3LYP Hyb-GGA Exchange-Correlation Functional

    P. J. Stephens, F. J. Devlin, C. F. Chabalowski, and M. J. Frisch.,  J. Phys. Chem. 98, 11623 (1994) (10.1021/j100096a001)

    Deriv               =              1
    GGA                 =           TRUE
    Meta                =          FALSE

    Exchange Hybrid     =           TRUE
    MP2 Hybrid          =          FALSE

   => Exchange Functionals <=

    0.0800   Slater exchange
    0.7200         Becke 88

   => Exact (HF) Exchange <=

    0.2000               HF 

   => Correlation Functionals <=

    0.1900   Vosko, Wilk & Nusair (VWN5_RPA)
    0.8100   Lee, Yang & Parr

   => LibXC Density Thresholds  <==

    XC_HYB_GGA_XC_B3LYP:  1.00E-15 

   => Molecular Quadrature <=

    Radial Scheme          =       TREUTLER
    Pruning Scheme         =           NONE
    Nuclear Scheme         =       TREUTLER

    Blocking Scheme        =         OCTREE
    BS radius alpha        =              1
    Pruning alpha          =              1
    Radial Points          =             75
    Spherical Points       =            302
    Total Points           =          22348
    Total Blocks           =            236
    Max Points             =            252
    Max Functions          =             22
    Weights Tolerance      =       1.00E-15

   => Loading Basis Set <=

    Name: (6-311+G** AUX)
    Role: JKFIT
    Keyword: DF_BASIS_SCF
    atoms 1 entry B          line   138 file /Users/jfoley19/miniforge3/envs/p4dev/share/psi4/basis/heavy-aug-cc-pvtz-jkfit.gbs 

  ==> Integral Setup <==

  DFHelper Memory: AOs need 0.001 GiB; user supplied 0.335 GiB. 
  SCF_SUBTYPE=INCORE selected. In-core MEM_DF algorithm will be used.
  Using in-core AOs.

  ==> MemDFJK: Density-Fitted J/K Matrices <==

    J tasked:                   Yes
    K tasked:                   Yes
    wK tasked:                   No
    OpenMP threads:               1
    Memory [MiB]:               343
    Algorithm:                 Core
    Schwarz Cutoff:           1E-12
    Mask sparsity (%):       0.0000
    Fitting Condition:        1E-10

   => Auxiliary Basis Set <=

  Basis Set: (6-311+G** AUX)
    Blend: HEAVY-AUG-CC-PVTZ-JKFIT
    Number of shells: 30
    Number of basis functions: 104
    Number of Cartesian functions: 131
    Spherical Harmonics?: true
    Max angular momentum: 4

  Cached 100.0% of DFT collocation blocks in 0.014 [GiB].

  Minimum eigenvalue in the overlap matrix is 6.7945151576E-02.
  Reciprocal condition number of the overlap matrix is 2.5371712151E-02.
    Using symmetric orthogonalization.

  ==> Pre-Iterations <==

  SCF Guess: Core (One-Electron) Hamiltonian.

   -------------------------------------------------------
    Irrep   Nso     Nmo     Nalpha   Nbeta   Ndocc  Nsocc
   -------------------------------------------------------
     Ag         7       7       1       1       1       0
     B1g        1       1       0       0       0       0
     B2g        1       1       0       0       0       0
     B3g        1       1       0       0       0       0
     Au         0       0       0       0       0       0
     B1u        4       4       1       0       0       1
     B2u        4       4       1       1       1       0
     B3u        4       4       1       0       0       1
   -------------------------------------------------------
    Total      22      22       4       2       2       2
   -------------------------------------------------------

  ==> Iterations <==

                           Total Energy        Delta E     RMS |[F,P]|

    Occupation by irrep:
             Ag   B1g   B2g   B3g    Au   B1u   B2u   B3u 
Warning! Irrep has more beta than alpha electrons in symmetry 6 orbitals.
Warning! Irrep has more beta than alpha electrons in symmetry 6 orbitals.
    DOCC [     1,    0,    0,    0,    0,    0,    0,    0 ]
    SOCC [     1,    0,    0,    0,    0,    1,    1,    1 ]
    NA   [     2,    0,    0,    0,    0,    1,    0,    1 ]
    NB   [     1,    0,    0,    0,    0,    0,    1,    0 ]

   @DF-UKS iter   1:   -20.68229323079289   -2.06823e+01   2.66933e-01 ADIIS
    Occupation by irrep:
             Ag   B1g   B2g   B3g    Au   B1u   B2u   B3u 
    DOCC [     2,    0,    0,    0,    0,    0,    0,    0 ]
    SOCC [     0,    0,    0,    0,    0,    1,    0,    1 ]
    NA   [     2,    0,    0,    0,    0,    1,    0,    1 ]
    NB   [     2,    0,    0,    0,    0,    0,    0,    0 ]

   @DF-UKS iter   2:   -23.02612365934267   -2.34383e+00   7.14904e-02 DIIS/ADIIS
   @DF-UKS iter   3:   -24.32004109558528   -1.29392e+00   5.69284e-02 DIIS/ADIIS
   @DF-UKS iter   4:   -24.67668852156045   -3.56647e-01   3.86254e-03 DIIS/ADIIS
   @DF-UKS iter   5:   -24.67504411233081    1.64441e-03   4.15179e-03 DIIS/ADIIS
   @DF-UKS iter   6:   -24.67716256442642   -2.11845e-03   1.22402e-03 DIIS/ADIIS
   @DF-UKS iter   7:   -24.67736029545668   -1.97731e-04   5.08554e-05 DIIS
   @DF-UKS iter   8:   -24.67736060949110   -3.14034e-07   2.02791e-05 DIIS
   @DF-UKS iter   9:   -24.67736066509032   -5.55992e-08   1.28462e-06 DIIS
   @DF-UKS iter  10:   -24.67736066533353   -2.43208e-10   2.92956e-08 DIIS
  Energy and wave function converged.


  ==> Post-Iterations <==

   Electrons on quadrature grid:
      Nalpha   =    4.0000000000 ; deviation = -4.677e-12
      Nbeta    =    2.0000000000 ; deviation = -4.683e-12
      Ntotal   =    6.0000000000 ; deviation = -9.360e-12 

   @Spin Contamination Metric:   2.631624037E-03
   @S^2 Expected:                2.000000000E+00
   @S^2 Observed:                2.002631624E+00
   @S   Expected:                1.000000000E+00
   @S   Observed:                1.000000000E+00

    Orbital Energies [Eh]
    ---------------------

    Alpha Occupied:                                                       

       1Ag    -6.576030     2Ag    -0.151970     1B3u    0.058901  
       1B1u    0.058901  

    Alpha Virtual:                                                        

       1B2u    0.121126     3Ag     0.164973     2B1u    0.188219  
       2B3u    0.188219     2B2u    0.206172     3B1u    0.569252  
       3B3u    0.569252     3B2u    0.585319     4Ag     0.639274  
       5Ag     1.051832     1B2g    1.051832     1B1g    1.058879  
       1B3g    1.058879     6Ag     1.068434     4B3u    1.993829  
       4B1u    1.993829     4B2u    2.006799     7Ag    14.050369  

    Beta Occupied:                                                        

       1Ag    -6.563798     2Ag    -0.089677  

    Beta Virtual:                                                         

       1B2u    0.129296     1B1u    0.142821     1B3u    0.142821  
       3Ag     0.177481     2B2u    0.212877     2B1u    0.230497  
       2B3u    0.230497     3B2u    0.593131     3B1u    0.614204  
       3B3u    0.614204     4Ag     0.670208     5Ag     1.092477  
       1B3g    1.100503     1B1g    1.100503     6Ag     1.124876  
       1B2g    1.124876     4B2u    2.012687     4B3u    2.037158  
       4B1u    2.037158     7Ag    14.064307  

    Final Occupation by Irrep:
             Ag   B1g   B2g   B3g    Au   B1u   B2u   B3u 
    DOCC [     2,    0,    0,    0,    0,    0,    0,    0 ]
    SOCC [     0,    0,    0,    0,    0,    1,    0,    1 ]
    NA   [     2,    0,    0,    0,    0,    1,    0,    1 ]
    NB   [     2,    0,    0,    0,    0,    0,    0,    0 ]

  @DF-UKS Final Energy:   -24.67736066533353

   => Energetics <=

    Nuclear Repulsion Energy =              0.0000000000000000
    One-Electron Energy =                 -33.7211422354244306
    Two-Electron Energy =                  12.3199356739389856
    DFT Exchange-Correlation Energy =      -3.2761541038480861
    Empirical Dispersion Energy =           0.0000000000000000
    VV10 Nonlocal Energy =                  0.0000000000000000
    Total Energy =                        -24.6773606653335307

  UHF NO Occupations:
  HONO-2 :    2 Ag 1.9986835
  HONO-1 :    1B1u 1.0000000
  HONO-0 :    1B3u 1.0000000
  LUNO+0 :    3 Ag 0.0013165
  LUNO+1 :    4 Ag 0.0000002
  LUNO+2 :    5 Ag 0.0000000
  LUNO+3 :    2B3u 0.0000000


Computation Completed


Properties will be evaluated at   0.000000,   0.000000,   0.000000 [a0]

Properties computed using the SCF density matrix


 Multipole Moments:

 ------------------------------------------------------------------------------------
     Multipole            Electronic (a.u.)      Nuclear  (a.u.)        Total (a.u.)
 ------------------------------------------------------------------------------------

 L = 1.  Multiply by 2.5417464519 to convert [e a0] to [Debye]
 Dipole X            :          0.0000000            0.0000000            0.0000000
 Dipole Y            :          0.0000000            0.0000000            0.0000000
 Dipole Z            :          0.0000000            0.0000000            0.0000000
 Magnitude           :                                                    0.0000000

 ------------------------------------------------------------------------------------

*** tstop() called on CHEM4VYDH4JALT at Mon Aug  3 16:20:27 2026
Module time:
	user time   =       0.16 seconds =       0.00 minutes
	system time =       0.02 seconds =       0.00 minutes
	total time  =          0 seconds =       0.00 minutes
Total time:
	user time   =       2.69 seconds =       0.04 minutes
	system time =       1.01 seconds =       0.02 minutes
	total time  =        187 seconds =       3.12 minutes

Scratch directory: /tmp/
   => Libint2 <=

    Primary   basis highest AM E, G, H:  7, 6, 3
    Auxiliary basis highest AM E, G, H:  7, 7, 4
    Onebody   basis highest AM E, G, H:  -, -, -
    Solid Harmonics ordering:            Gaussian

*** tstart() called on CHEM4VYDH4JALT
*** at Mon Aug  3 16:20:27 2026

   => Loading Basis Set <=

    Name: 6-311+G**
    Role: ORBITAL
    Keyword: BASIS
    atoms 1 entry B          line   108 file /Users/jfoley19/miniforge3/envs/p4dev/share/psi4/basis/6-311pgss.gbs 


         ---------------------------------------------------------
                                   SCF
               by Justin Turney, Rob Parrish, Andy Simmonett
                          and Daniel G. A. Smith
                              RKS Reference
                        1 Threads,    476 MiB Core
         ---------------------------------------------------------

  ==> Geometry <==

    Molecular point group: d2h
    Geometry (in Angstrom), charge = -1, multiplicity = 1:

       Center              X                  Y                   Z               Mass       
    ------------   -----------------  -----------------  -----------------  -----------------
         B            0.000000000000     0.000000000000     0.000000000000    11.009305360000

  Running in d2h symmetry.

  Rotational constants: A = ************  B = ************  C = ************ [cm^-1]
  Rotational constants: A = ************  B = ************  C = ************ [MHz]
  Nuclear repulsion =    0.000000000000000

  Charge       = -1
  Multiplicity = 1
  Electrons    = 6
  Nalpha       = 3
  Nbeta        = 3

  ==> Algorithm <==

  SCF Algorithm Type is DF.
  DIIS enabled.
  MOM disabled.
  Fractional occupation disabled.
  Guess Type is CORE.
  Energy threshold   = 1.00e-06
  Density threshold  = 1.00e-06
  Integral threshold = 1.00e-12

  ==> Primary Basis <==

  Basis Set: 6-311+G**
    Blend: 6-311+G**
    Number of shells: 10
    Number of basis functions: 22
    Number of Cartesian functions: 23
    Spherical Harmonics?: true
    Max angular momentum: 2

  ==> DFT Potential <==

   => LibXC <=

    Version 7.0.0
    S. Lehtola, C. Steigemann, M. J.T. Oliveira, and M. A.L. Marques.,  SoftwareX 7, 1–5 (2018) (10.1016/j.softx.2017.11.002)

   => Composite Functional: B3LYP <= 

    B3LYP Hyb-GGA Exchange-Correlation Functional

    P. J. Stephens, F. J. Devlin, C. F. Chabalowski, and M. J. Frisch.,  J. Phys. Chem. 98, 11623 (1994) (10.1021/j100096a001)

    Deriv               =              1
    GGA                 =           TRUE
    Meta                =          FALSE

    Exchange Hybrid     =           TRUE
    MP2 Hybrid          =          FALSE

   => Exchange Functionals <=

    0.0800   Slater exchange
    0.7200         Becke 88

   => Exact (HF) Exchange <=

    0.2000               HF 

   => Correlation Functionals <=

    0.1900   Vosko, Wilk & Nusair (VWN5_RPA)
    0.8100   Lee, Yang & Parr

   => LibXC Density Thresholds  <==

    XC_HYB_GGA_XC_B3LYP:  1.00E-15 

   => Molecular Quadrature <=

    Radial Scheme          =       TREUTLER
    Pruning Scheme         =           NONE
    Nuclear Scheme         =       TREUTLER

    Blocking Scheme        =         OCTREE
    BS radius alpha        =              1
    Pruning alpha          =              1
    Radial Points          =             75
    Spherical Points       =            302
    Total Points           =          22348
    Total Blocks           =            236
    Max Points             =            252
    Max Functions          =             22
    Weights Tolerance      =       1.00E-15

   => Loading Basis Set <=

    Name: (6-311+G** AUX)
    Role: JKFIT
    Keyword: DF_BASIS_SCF
    atoms 1 entry B          line   138 file /Users/jfoley19/miniforge3/envs/p4dev/share/psi4/basis/heavy-aug-cc-pvtz-jkfit.gbs 

  ==> Integral Setup <==

  DFHelper Memory: AOs need 0.001 GiB; user supplied 0.335 GiB. 
  SCF_SUBTYPE=INCORE selected. In-core MEM_DF algorithm will be used.
  Using in-core AOs.

  ==> MemDFJK: Density-Fitted J/K Matrices <==

    J tasked:                   Yes
    K tasked:                   Yes
    wK tasked:                   No
    OpenMP threads:               1
    Memory [MiB]:               343
    Algorithm:                 Core
    Schwarz Cutoff:           1E-12
    Mask sparsity (%):       0.0000
    Fitting Condition:        1E-10

   => Auxiliary Basis Set <=

  Basis Set: (6-311+G** AUX)
    Blend: HEAVY-AUG-CC-PVTZ-JKFIT
    Number of shells: 30
    Number of basis functions: 104
    Number of Cartesian functions: 131
    Spherical Harmonics?: true
    Max angular momentum: 4

  Cached 100.0% of DFT collocation blocks in 0.014 [GiB].

  Minimum eigenvalue in the overlap matrix is 6.7945151576E-02.
  Reciprocal condition number of the overlap matrix is 2.5371712151E-02.
    Using symmetric orthogonalization.

  ==> Pre-Iterations <==

  SCF Guess: Core (One-Electron) Hamiltonian.

   -------------------------------------------------------
    Irrep   Nso     Nmo     Nalpha   Nbeta   Ndocc  Nsocc
   -------------------------------------------------------
     Ag         7       7       1       1       1       0
     B1g        1       1       0       0       0       0
     B2g        1       1       0       0       0       0
     B3g        1       1       0       0       0       0
     Au         0       0       0       0       0       0
     B1u        4       4       1       1       1       0
     B2u        4       4       1       1       1       0
     B3u        4       4       0       0       0       0
   -------------------------------------------------------
    Total      22      22       3       3       3       0
   -------------------------------------------------------

  ==> Iterations <==

                           Total Energy        Delta E     RMS |[F,P]|

   @DF-RKS iter   1:   -20.54436727387838   -2.05444e+01   2.69491e-01 ADIIS
    Occupation by irrep:
             Ag   B1g   B2g   B3g    Au   B1u   B2u   B3u 
    DOCC [     2,    0,    0,    0,    0,    0,    1,    0 ]
    NA   [     2,    0,    0,    0,    0,    0,    1,    0 ]
    NB   [     2,    0,    0,    0,    0,    0,    1,    0 ]

   @DF-RKS iter   2:   -22.89070078679245   -2.34633e+00   6.91861e-02 DIIS/ADIIS
   @DF-RKS iter   3:   -24.25513096596778   -1.36443e+00   5.69893e-02 DIIS/ADIIS
   @DF-RKS iter   4:   -24.64864307753356   -3.93512e-01   3.41963e-03 DIIS/ADIIS
   @DF-RKS iter   5:   -24.64636844189179    2.27464e-03   4.60651e-03 DIIS/ADIIS
   @DF-RKS iter   6:   -24.64879382073489   -2.42538e-03   2.09442e-03 DIIS/ADIIS
   @DF-RKS iter   7:   -24.64939725402060   -6.03433e-04   3.68664e-05 DIIS
   @DF-RKS iter   8:   -24.64939744328215   -1.89262e-07   5.07092e-06 DIIS
   @DF-RKS iter   9:   -24.64939744681442   -3.53226e-09   7.09092e-08 DIIS
  Energy and wave function converged.


  ==> Post-Iterations <==

   Electrons on quadrature grid:
      Ntotal   =    6.0000000000 ; deviation = -9.379e-12 

    Orbital Energies [Eh]
    ---------------------

    Doubly Occupied:                                                      

       1Ag    -6.608268     2Ag    -0.145166     1B2u    0.071442  

    Virtual:                                                              

       1B1u    0.111851     1B3u    0.111851     3Ag     0.165730  
       2B2u    0.190851     2B1u    0.198079     2B3u    0.198079  
       3B1u    0.572000     3B3u    0.572000     3B2u    0.576704  
       4Ag     0.636670     5Ag     1.049986     1B2g    1.049986  
       1B3g    1.060143     1B1g    1.060143     6Ag     1.070362  
       4B1u    1.981863     4B3u    1.981863     4B2u    1.993879  
       7Ag    14.020225  

    Final Occupation by Irrep:
             Ag   B1g   B2g   B3g    Au   B1u   B2u   B3u 
    DOCC [     2,    0,    0,    0,    0,    0,    1,    0 ]
    NA   [     2,    0,    0,    0,    0,    0,    1,    0 ]
    NB   [     2,    0,    0,    0,    0,    0,    1,    0 ]

  @DF-RKS Final Energy:   -24.64939744681442

   => Energetics <=

    Nuclear Repulsion Energy =              0.0000000000000000
    One-Electron Energy =                 -33.5762751281318828
    Two-Electron Energy =                  12.1825519984303678
    DFT Exchange-Correlation Energy =      -3.2556743171129003
    Empirical Dispersion Energy =           0.0000000000000000
    VV10 Nonlocal Energy =                  0.0000000000000000
    Total Energy =                        -24.6493974468144117

Computation Completed


Properties will be evaluated at   0.000000,   0.000000,   0.000000 [a0]

Properties computed using the SCF density matrix


 Multipole Moments:

 ------------------------------------------------------------------------------------
     Multipole            Electronic (a.u.)      Nuclear  (a.u.)        Total (a.u.)
 ------------------------------------------------------------------------------------

 L = 1.  Multiply by 2.5417464519 to convert [e a0] to [Debye]
 Dipole X            :          0.0000000            0.0000000            0.0000000
 Dipole Y            :          0.0000000            0.0000000            0.0000000
 Dipole Z            :          0.0000000            0.0000000            0.0000000
 Magnitude           :                                                    0.0000000

 ------------------------------------------------------------------------------------

*** tstop() called on CHEM4VYDH4JALT at Mon Aug  3 16:20:28 2026
Module time:
	user time   =       0.12 seconds =       0.00 minutes
	system time =       0.02 seconds =       0.00 minutes
	total time  =          1 seconds =       0.02 minutes
Total time:
	user time   =       2.82 seconds =       0.05 minutes
	system time =       1.03 seconds =       0.02 minutes
	total time  =        188 seconds =       3.13 minutes
